time_s,time_min,soc_percent,voltage_V,current_A,speed_mps,temperature_C
0.0,0.0,100.08,13.206,0.312,0.003,28.93
0.1,0.0016666666666666668,99.33,13.176,0.326,0.01,29.74
0.2,0.0033333333333333335,99.33,13.194,0.699,0.148,29.9
0.3,0.005,99.33,13.183,0.836,0.223,29.27
0.4,0.006666666666666667,99.33,13.225,0.873,0.227,29.56
0.5,0.008333333333333333,99.33,13.205,0.861,0.187,29.63
0.6,0.01,99.33,13.179,1.007,0.361,29.47
0.7,0.011666666666666665,99.33,13.213,0.682,0.313,29.32
0.8,0.013333333333333334,99.29,13.202,1.181,0.474,29.88
0.9,0.015000000000000001,99.29,13.214,0.967,0.368,29.52
1.0,0.016666666666666666,98.84,13.178,1.351,0.577,29.75
1.1,0.018333333333333333,98.84,13.179,1.226,0.553,29.74
1.2,0.02,98.84,13.16,1.106,0.505,29.99
1.3,0.021666666666666667,98.84,13.184,1.533,0.63,29.87
1.4,0.02333333333333333,98.84,13.135,1.698,0.71,30.13
1.5,0.025,98.84,13.206,1.569,0.778,30.02
1.6,0.02666666666666667,98.63,13.187,1.678,0.728,30.21
1.7,0.028333333333333332,98.63,13.215,1.666,0.768,29.97
1.8,0.030000000000000002,98.63,13.166,1.919,0.923,30.05
1.9,0.03166666666666666,98.63,13.149,2.042,0.92,30.08
2.0,0.03333333333333333,98.63,13.188,2.146,1.027,30.37
2.1,0.035,98.63,13.178,2.251,1.119,30.41
2.2,0.03666666666666667,98.63,13.195,2.068,0.977,30.21
2.3,0.03833333333333333,98.62,13.17,2.187,1.18,30.4
2.4,0.04,98.62,13.203,2.586,1.308,31.18
2.5,0.041666666666666664,98.62,13.16,2.476,1.236,30.72
2.6,0.043333333333333335,98.62,13.142,2.377,1.246,30.0
2.7,0.045000000000000005,98.43,13.15,2.882,1.421,31.09
2.8,0.04666666666666666,98.09,13.154,2.912,1.432,30.82
2.9,0.04833333333333333,98.09,13.166,2.99,1.533,30.58
3.0,0.05,98.09,13.148,2.954,1.484,31.15
3.1,0.051666666666666666,98.0,13.177,2.982,1.444,30.81
3.2,0.05333333333333334,98.0,13.154,3.317,1.604,31.29
3.3,0.055,98.0,13.155,3.14,1.628,30.78
3.4,0.056666666666666664,98.0,13.205,3.539,1.776,31.44
3.5,0.058333333333333334,98.0,13.16,3.629,1.78,31.16
3.6,0.060000000000000005,98.0,13.174,3.329,1.684,31.29
3.7,0.06166666666666667,98.0,13.174,3.394,1.769,31.29
3.8,0.06333333333333332,97.88,13.153,3.784,1.986,31.04
3.9,0.065,97.88,13.163,3.899,2.02,31.49
4.0,0.06666666666666667,97.42,13.16,3.714,1.965,31.4
4.1,0.06833333333333333,97.42,13.093,4.262,2.066,31.6
4.2,0.07,97.42,13.145,4.107,2.153,31.08
4.3,0.07166666666666667,97.42,13.162,4.315,2.205,31.72
4.4,0.07333333333333333,97.34,13.191,4.441,2.288,31.65
4.5,0.075,97.34,13.154,4.497,2.289,32.06
4.6,0.07666666666666666,97.24,13.116,4.414,2.311,31.45
4.7,0.07833333333333334,97.24,13.148,4.371,2.348,31.94
4.8,0.08,97.24,13.156,5.004,2.504,32.11
4.9,0.08166666666666668,97.24,13.105,4.412,2.29,32.35
5.0,0.08333333333333333,97.24,13.154,4.83,2.509,31.72
5.1,0.08499999999999999,97.24,13.173,4.956,2.573,32.29
5.2,0.08666666666666667,97.24,13.16,4.964,2.507,31.92
5.3,0.08833333333333333,97.24,13.137,5.249,2.698,31.99
5.4,0.09000000000000001,97.24,13.157,5.246,2.67,32.5
5.5,0.09166666666666666,97.06,13.129,5.513,2.841,32.54
5.6,0.09333333333333332,97.06,13.154,5.381,2.813,32.57
5.7,0.095,97.06,13.125,5.598,2.927,32.04
5.8,0.09666666666666666,97.06,13.139,5.649,3.021,32.17
5.9,0.09833333333333334,97.06,13.129,5.476,3.004,32.52
6.0,0.1,96.99,13.137,5.589,2.954,32.23
6.1,0.10166666666666666,96.99,13.104,5.488,2.953,32.71
6.2,0.10333333333333333,96.99,13.134,6.488,3.265,33.4
6.3,0.105,96.98,13.12,6.187,3.167,32.77
6.4,0.10666666666666667,96.7,13.128,6.148,3.171,32.79
6.5,0.10833333333333334,96.7,13.124,6.152,3.288,32.8
6.6,0.11,96.39,13.119,6.508,3.311,32.93
6.7,0.11166666666666666,96.39,13.111,6.206,3.395,32.81
6.8,0.11333333333333333,96.39,13.091,6.075,3.289,32.69
6.9,0.115,96.39,13.12,6.051,3.247,32.84
7.0,0.11666666666666667,96.39,13.118,5.853,3.149,32.53
7.1,0.11833333333333333,96.39,13.117,6.081,3.203,32.63
7.2,0.12000000000000001,96.39,13.108,5.8,3.042,32.51
7.3,0.12166666666666666,96.39,13.115,6.178,3.138,32.66
7.4,0.12333333333333334,96.39,13.128,6.119,3.166,32.76
7.5,0.125,95.55,13.081,5.635,2.882,32.63
7.6,0.12666666666666665,95.55,13.091,5.33,2.766,32.83
7.7,0.12833333333333333,95.55,13.08,5.634,2.973,32.09
7.8,0.13,95.55,13.086,5.774,3.087,32.24
7.9,0.13166666666666668,95.55,13.092,5.092,2.763,32.16
8.0,0.13333333333333333,95.55,13.067,5.06,2.702,32.16
8.1,0.13499999999999998,95.55,13.137,5.311,2.809,32.3
8.2,0.13666666666666666,95.55,13.081,5.17,2.655,32.69
8.3,0.13833333333333334,95.55,13.098,4.852,2.641,31.58
8.4,0.14,95.55,13.077,4.84,2.613,31.99
8.5,0.14166666666666666,95.55,13.141,5.085,2.644,31.86
8.6,0.14333333333333334,95.55,13.125,4.725,2.528,31.89
8.7,0.145,95.55,13.131,4.917,2.543,32.21
8.8,0.14666666666666667,95.55,13.101,4.689,2.466,31.58
8.9,0.14833333333333334,95.42,13.1,4.48,2.372,32.08
9.0,0.15,95.42,13.073,4.413,2.374,31.57
9.1,0.15166666666666667,95.29,13.086,4.398,2.283,31.51
9.2,0.15333333333333332,95.29,13.069,4.387,2.319,31.36
9.3,0.155,95.29,13.089,4.166,2.189,31.46
9.4,0.15666666666666668,95.29,13.102,4.095,2.151,31.41
9.5,0.15833333333333333,94.96,13.072,4.488,2.314,32.04
9.6,0.16,94.96,13.049,4.194,2.153,31.27
9.7,0.16166666666666665,94.96,13.062,3.898,2.113,31.54
9.8,0.16333333333333336,94.96,13.078,4.093,2.118,31.81
9.9,0.165,94.96,13.042,3.953,2.003,31.46
10.0,0.16666666666666666,94.96,13.03,3.985,1.978,31.73
10.1,0.16833333333333333,94.96,13.051,3.976,1.99,31.36
10.2,0.16999999999999998,94.96,13.069,3.814,1.938,31.54
10.3,0.1716666666666667,94.96,13.074,3.371,1.783,31.09
10.4,0.17333333333333334,94.96,13.057,3.631,1.902,31.87
10.5,0.175,94.71,13.036,3.555,1.747,31.22
10.6,0.17666666666666667,94.42,13.022,3.221,1.67,31.02
10.7,0.17833333333333332,94.42,13.031,3.379,1.642,31.29
10.8,0.18000000000000002,94.42,13.041,3.409,1.642,31.08
10.9,0.18166666666666667,94.42,13.06,3.347,1.764,31.12
11.0,0.18333333333333332,94.42,13.035,3.051,1.499,31.08
11.1,0.185,94.42,13.025,3.105,1.566,31.25
11.2,0.18666666666666665,94.42,13.074,2.958,1.341,30.79
11.3,0.18833333333333335,94.32,13.062,3.05,1.472,31.01
11.4,0.19,94.32,13.054,2.946,1.504,30.9
11.5,0.19166666666666668,94.2,13.07,2.819,1.373,31.04
11.6,0.19333333333333333,94.19,13.074,2.531,1.301,30.9
11.7,0.19499999999999998,94.19,13.029,2.675,1.329,30.88
11.8,0.19666666666666668,94.19,13.046,2.712,1.327,30.87
11.9,0.19833333333333333,94.12,13.044,2.628,1.283,31.2
12.0,0.2,94.12,13.023,2.763,1.348,30.62
12.1,0.20166666666666666,94.12,13.075,2.291,1.166,30.97
12.2,0.2033333333333333,93.72,13.042,1.989,1.062,30.51
12.3,0.20500000000000002,93.72,13.028,2.162,1.059,30.1
12.4,0.20666666666666667,93.72,13.048,2.034,1.023,30.44
12.5,0.20833333333333334,93.72,13.038,2.011,0.997,30.04
12.6,0.21,93.72,13.045,2.259,0.946,30.51
12.7,0.21166666666666664,93.72,13.034,2.098,0.922,29.94
12.8,0.21333333333333335,93.72,13.022,1.6,0.734,30.33
12.9,0.215,93.72,13.043,1.736,0.893,30.04
13.0,0.21666666666666667,93.7,13.028,1.478,0.741,30.49
13.1,0.21833333333333332,93.63,13.036,1.518,0.653,29.93
13.2,0.22,93.62,13.034,1.791,0.757,30.29
13.3,0.22166666666666668,93.62,13.041,1.654,0.771,29.85
13.4,0.22333333333333333,93.62,13.015,1.513,0.665,30.08
13.5,0.225,93.62,13.016,1.407,0.598,30.06
13.6,0.22666666666666666,93.58,13.038,1.274,0.47,30.1
13.7,0.22833333333333333,93.27,13.04,1.396,0.734,30.66
13.8,0.23,93.27,13.017,1.354,0.575,30.43
13.9,0.23166666666666666,93.27,13.089,1.103,0.419,30.07
14.0,0.23333333333333334,93.27,13.009,1.231,0.454,29.87
14.1,0.235,93.14,12.992,1.3,0.529,29.92
14.2,0.23666666666666666,93.14,13.045,0.894,0.403,29.67
14.3,0.23833333333333334,93.14,13.0,1.215,0.547,29.73
14.4,0.24000000000000002,92.98,13.004,1.022,0.503,30.0
14.5,0.24166666666666667,92.83,13.015,1.481,0.643,30.1
14.6,0.24333333333333332,92.83,13.022,1.454,0.628,30.23
14.7,0.245,92.81,13.041,0.973,0.34,29.75
14.8,0.24666666666666667,92.81,13.054,1.202,0.566,30.04
14.9,0.24833333333333335,92.81,12.991,0.954,0.439,30.24
15.0,0.25,92.28,13.021,1.677,0.663,30.33
15.1,0.25166666666666665,92.28,13.0,1.39,0.594,30.3
15.2,0.2533333333333333,92.28,12.992,1.643,0.63,30.01
15.3,0.255,92.28,13.012,1.264,0.507,29.96
15.4,0.25666666666666665,92.28,12.996,1.463,0.744,30.02
15.5,0.25833333333333336,92.21,12.993,1.774,0.765,30.43
15.6,0.26,92.21,12.98,1.391,0.524,30.15
15.7,0.26166666666666666,92.21,12.993,1.407,0.645,29.92
15.8,0.26333333333333336,92.21,13.008,1.089,0.567,29.99
15.9,0.265,91.97,12.996,1.504,0.625,30.19
16.0,0.26666666666666666,91.97,12.991,1.239,0.531,29.61
16.1,0.26833333333333337,91.79,12.955,1.751,0.788,30.3
16.2,0.26999999999999996,91.79,12.929,0.997,0.566,30.15
16.3,0.27166666666666667,91.79,12.96,1.482,0.626,29.93
16.4,0.2733333333333333,91.79,13.004,1.222,0.696,30.27
16.5,0.275,91.57,12.966,1.293,0.61,30.22
16.6,0.27666666666666667,91.57,12.981,1.573,0.648,30.25
16.7,0.2783333333333333,91.57,12.961,1.211,0.628,30.11
16.8,0.28,91.57,12.972,1.279,0.668,29.84
16.9,0.2816666666666666,91.57,12.95,1.31,0.591,30.24
17.0,0.2833333333333333,91.57,12.954,1.677,0.655,29.93
17.1,0.28500000000000003,91.49,12.958,1.717,0.68,30.03
17.2,0.2866666666666667,91.49,12.971,1.443,0.675,30.28
17.3,0.28833333333333333,91.49,12.988,1.702,0.712,30.03
17.4,0.29,91.49,12.996,1.612,0.69,30.75
17.5,0.2916666666666667,91.49,13.003,1.735,0.78,30.41
17.6,0.29333333333333333,91.17,13.0,1.602,0.699,30.48
17.7,0.295,90.8,12.918,1.509,0.72,30.44
17.8,0.2966666666666667,90.8,12.954,1.627,0.684,30.17
17.9,0.2983333333333333,90.8,12.946,1.688,0.701,30.31
18.0,0.3,90.8,12.9,1.789,0.647,30.49
18.1,0.3016666666666667,90.8,12.963,1.842,0.796,30.4
18.2,0.30333333333333334,90.8,13.0,1.209,0.669,30.42
18.3,0.305,90.8,12.968,1.427,0.706,30.42
18.4,0.30666666666666664,90.29,12.966,1.781,0.801,30.43
18.5,0.30833333333333335,90.29,12.93,1.766,0.81,30.68
18.6,0.31,90.29,12.921,1.429,0.751,30.18
18.7,0.31166666666666665,90.29,12.954,1.413,0.628,30.35
18.8,0.31333333333333335,90.29,12.961,1.748,0.829,30.4
18.9,0.315,90.29,12.948,1.772,0.822,30.31
19.0,0.31666666666666665,90.29,12.944,1.533,0.694,30.0
19.1,0.31833333333333336,90.29,12.954,1.983,0.874,30.32
19.2,0.32,90.29,12.942,1.847,0.762,30.44
19.3,0.32166666666666666,90.29,12.955,1.703,0.734,30.44
19.4,0.3233333333333333,90.29,12.953,1.674,0.838,29.79
19.5,0.325,90.29,12.914,1.674,0.821,30.22
19.6,0.3266666666666667,90.29,12.963,1.764,0.858,30.52
19.7,0.3283333333333333,90.29,12.945,1.587,0.719,30.23
19.8,0.33,90.29,12.958,2.045,0.998,30.27
19.9,0.33166666666666667,90.29,12.955,1.717,0.811,30.1
20.0,0.3333333333333333,90.29,12.95,1.524,0.742,30.66
20.1,0.335,90.29,12.979,2.07,0.92,30.16
20.2,0.33666666666666667,90.29,12.943,1.928,0.848,30.4
20.3,0.3383333333333333,90.09,12.953,2.049,0.908,30.76
20.4,0.33999999999999997,89.85,12.946,1.839,0.861,29.93
20.5,0.3416666666666667,89.85,12.955,1.954,0.889,30.67
20.6,0.3433333333333334,89.85,12.947,1.845,0.919,30.04
20.7,0.345,89.54,12.913,1.7,0.846,30.6
20.8,0.3466666666666667,89.54,12.907,1.972,0.966,31.18
20.9,0.34833333333333333,89.54,12.95,1.953,0.88,30.19
21.0,0.35,89.54,12.896,1.818,0.853,30.41
21.1,0.3516666666666667,89.54,12.911,1.845,0.935,30.53
21.2,0.35333333333333333,89.54,12.923,2.057,0.97,30.43
21.3,0.35500000000000004,89.54,12.909,2.01,0.922,30.68
21.4,0.35666666666666663,89.54,12.921,1.898,0.877,30.3
21.5,0.35833333333333334,89.54,12.93,2.022,1.002,30.41
21.6,0.36000000000000004,89.54,12.929,1.778,0.817,30.2
21.7,0.36166666666666664,89.54,12.951,1.835,0.881,30.43
21.8,0.36333333333333334,89.54,12.937,2.011,0.973,30.67
21.9,0.365,89.54,12.938,1.848,0.866,30.7
22.0,0.36666666666666664,89.21,12.95,2.16,0.983,30.61
22.1,0.36833333333333335,89.05,12.954,2.287,0.982,30.45
22.2,0.37,89.05,12.934,2.403,1.065,30.67
22.3,0.3716666666666667,89.05,12.913,2.041,0.925,30.45
22.4,0.3733333333333333,89.05,12.915,1.969,0.954,30.44
22.5,0.375,89.05,12.915,2.129,1.037,30.78
22.6,0.3766666666666667,89.05,12.908,1.743,0.819,30.36
22.7,0.3783333333333333,88.66,12.916,2.724,1.27,31.01
22.8,0.38,88.66,12.916,1.717,0.972,30.4
22.9,0.38166666666666665,88.66,12.93,2.086,0.975,30.59
23.0,0.38333333333333336,88.66,12.892,2.055,1.108,30.47
23.1,0.385,88.66,12.92,2.175,1.042,30.85
23.2,0.38666666666666666,88.66,12.928,2.094,0.908,30.59
23.3,0.38833333333333336,88.66,12.903,2.183,1.107,30.64
23.4,0.38999999999999996,88.66,12.939,2.061,1.131,30.32
23.5,0.39166666666666666,88.66,12.921,2.314,1.032,30.58
23.6,0.39333333333333337,88.66,12.923,2.373,1.051,30.64
23.7,0.39499999999999996,88.66,12.92,2.373,1.119,30.93
23.8,0.39666666666666667,88.66,12.879,2.274,1.013,30.29
23.9,0.3983333333333333,88.66,12.899,2.231,1.126,30.89
24.0,0.4,88.23,12.895,2.434,1.107,30.86
24.1,0.40166666666666667,88.23,12.868,2.378,1.041,30.62
24.2,0.4033333333333333,88.23,12.882,2.153,0.987,30.45
24.3,0.405,88.23,12.909,2.284,1.084,30.87
24.4,0.4066666666666666,88.23,12.92,2.317,1.035,30.82
24.5,0.4083333333333333,87.83,12.866,2.576,1.189,30.42
24.6,0.41000000000000003,87.83,12.939,2.233,1.124,30.54
24.7,0.4116666666666667,87.53,12.882,2.584,1.178,30.7
24.8,0.41333333333333333,87.53,12.863,2.423,1.13,30.81
24.9,0.415,87.53,12.886,2.377,1.144,30.65
25.0,0.4166666666666667,87.53,12.889,2.37,1.063,30.92
25.1,0.41833333333333333,87.53,12.86,2.54,1.183,30.78
25.2,0.42,87.53,12.893,2.686,1.276,30.93
25.3,0.4216666666666667,87.53,12.889,2.24,1.112,31.04
25.4,0.4233333333333333,87.41,12.849,2.366,1.092,30.75
25.5,0.425,87.41,12.897,2.202,1.131,30.59
25.6,0.4266666666666667,87.41,12.886,2.28,1.108,30.77
25.7,0.42833333333333334,87.41,12.834,2.066,1.094,30.31
25.8,0.43,87.41,12.829,2.192,1.165,30.31
25.9,0.43166666666666664,87.41,12.887,2.394,1.134,30.82
26.0,0.43333333333333335,87.41,12.867,2.586,1.276,30.8
26.1,0.435,86.78,12.876,2.405,1.164,30.48
26.2,0.43666666666666665,86.78,12.875,2.519,1.193,31.14
26.3,0.43833333333333335,86.78,12.844,2.587,1.247,31.12
26.4,0.44,86.78,12.857,2.264,1.15,30.81
26.5,0.44166666666666665,86.78,12.858,2.636,1.293,30.85
26.6,0.44333333333333336,86.78,12.838,2.327,1.131,30.75
26.7,0.445,86.78,12.842,2.254,1.12,30.61
26.8,0.44666666666666666,86.78,12.855,2.371,1.159,31.04
26.9,0.4483333333333333,86.78,12.853,2.384,1.182,30.48
27.0,0.45,86.78,12.849,2.171,1.083,30.78
27.1,0.4516666666666667,86.78,12.855,2.412,1.196,30.86
27.2,0.4533333333333333,86.78,12.826,2.252,1.069,30.48
27.3,0.455,86.78,12.815,2.918,1.317,31.31
27.4,0.45666666666666667,86.78,12.896,2.366,1.202,30.75
27.5,0.4583333333333333,86.64,12.863,2.452,1.161,31.35
27.6,0.46,86.64,12.827,2.182,1.143,31.02
27.7,0.46166666666666667,86.64,12.882,2.63,1.188,30.98
27.8,0.4633333333333333,86.64,12.817,2.429,1.205,30.78
27.9,0.46499999999999997,86.64,12.831,2.373,1.143,30.67
28.0,0.4666666666666667,86.64,12.877,2.534,1.156,30.76
28.1,0.4683333333333334,86.64,12.839,2.611,1.218,31.07
28.2,0.47,86.64,12.836,2.272,1.195,30.43
28.3,0.4716666666666667,86.35,12.83,2.734,1.315,31.31
28.4,0.47333333333333333,86.35,12.871,2.675,1.334,31.21
28.5,0.475,86.35,12.828,2.621,1.248,30.97
28.6,0.4766666666666667,86.35,12.831,2.637,1.288,31.2
28.7,0.47833333333333333,86.2,12.832,2.453,1.147,31.48
28.8,0.48000000000000004,86.2,12.844,2.69,1.308,31.12
28.9,0.48166666666666663,86.2,12.827,2.548,1.258,31.39
29.0,0.48333333333333334,86.2,12.853,2.786,1.303,31.03
29.1,0.48500000000000004,86.2,12.84,2.627,1.396,30.86
29.2,0.48666666666666664,85.93,12.845,2.207,1.089,31.01
29.3,0.48833333333333334,85.93,12.806,2.517,1.295,30.47
29.4,0.49,85.82,12.802,2.425,1.19,31.14
29.5,0.49166666666666664,85.82,12.819,2.64,1.329,31.03
29.6,0.49333333333333335,85.82,12.801,2.406,1.18,30.77
29.7,0.495,85.82,12.838,2.489,1.249,30.96
29.8,0.4966666666666667,85.74,12.819,2.598,1.308,31.03
29.9,0.4983333333333333,85.51,12.816,2.522,1.344,31.27
30.0,0.5,85.09,12.801,2.644,1.305,31.25
30.1,0.5016666666666667,85.09,12.81,2.567,1.239,31.04
30.2,0.5033333333333333,85.09,12.802,2.499,1.261,30.9
30.3,0.505,85.09,12.798,2.705,1.38,30.84
30.4,0.5066666666666666,85.09,12.826,2.584,1.312,31.06
30.5,0.5083333333333333,85.09,12.832,2.628,1.181,30.39
30.6,0.51,85.09,12.784,2.819,1.387,31.39
30.7,0.5116666666666666,85.09,12.763,2.787,1.356,31.13
30.8,0.5133333333333333,85.09,12.797,2.777,1.396,30.71
30.9,0.515,85.09,12.832,2.585,1.303,31.16
31.0,0.5166666666666667,85.09,12.806,2.713,1.399,30.87
31.1,0.5183333333333333,85.09,12.78,2.738,1.252,30.99
31.2,0.52,85.09,12.809,2.59,1.386,30.58
31.3,0.5216666666666667,84.78,12.788,2.684,1.304,30.89
31.4,0.5233333333333333,84.78,12.8,2.819,1.401,31.2
31.5,0.525,84.78,12.812,2.845,1.431,31.16
31.6,0.5266666666666667,84.78,12.797,2.443,1.295,31.01
31.7,0.5283333333333333,84.78,12.773,2.588,1.353,30.85
31.8,0.53,84.78,12.795,2.873,1.364,31.34
31.9,0.5316666666666666,84.78,12.772,2.844,1.459,30.81
32.0,0.5333333333333333,84.53,12.819,2.97,1.425,31.12
32.1,0.535,84.53,12.784,2.673,1.274,30.42
32.2,0.5366666666666667,84.53,12.766,2.91,1.411,31.15
32.3,0.5383333333333333,84.53,12.795,2.979,1.438,31.13
32.4,0.5399999999999999,84.53,12.791,2.947,1.551,31.2
32.5,0.5416666666666666,84.53,12.777,2.494,1.251,31.12
32.6,0.5433333333333333,84.53,12.736,2.803,1.345,31.5
32.7,0.545,84.24,12.775,2.846,1.499,30.9
32.8,0.5466666666666666,84.2,12.768,2.816,1.287,31.12
32.9,0.5483333333333333,84.2,12.771,2.578,1.303,30.55
33.0,0.55,84.2,12.742,2.891,1.444,31.68
33.1,0.5516666666666666,83.89,12.779,2.854,1.487,31.53
33.2,0.5533333333333333,83.89,12.752,2.784,1.356,31.28
33.3,0.5549999999999999,83.89,12.773,2.832,1.456,31.5
33.4,0.5566666666666666,83.89,12.766,2.837,1.425,31.41
33.5,0.5583333333333333,83.89,12.744,2.937,1.541,31.1
33.6,0.56,83.81,12.768,3.004,1.423,31.48
33.7,0.5616666666666668,83.81,12.756,2.814,1.506,31.49
33.8,0.5633333333333332,83.81,12.766,2.798,1.358,31.39
33.9,0.565,83.69,12.768,2.882,1.419,31.22
34.0,0.5666666666666667,83.66,12.76,2.925,1.429,31.17
34.1,0.5683333333333334,83.66,12.727,2.934,1.531,31.86
34.2,0.5700000000000001,83.66,12.775,3.106,1.49,31.44
34.3,0.5716666666666667,83.52,12.758,2.912,1.387,31.4
34.4,0.5733333333333334,83.52,12.774,3.028,1.505,30.98
34.5,0.575,83.36,12.756,3.066,1.516,31.53
34.6,0.5766666666666667,82.91,12.738,2.888,1.449,31.31
34.7,0.5783333333333334,82.91,12.733,2.97,1.44,31.09
34.8,0.58,82.91,12.731,2.809,1.449,31.53
34.9,0.5816666666666667,82.91,12.718,2.765,1.332,31.18
35.0,0.5833333333333334,82.91,12.761,3.024,1.486,31.5
35.1,0.5850000000000001,82.91,12.782,2.819,1.494,31.33
35.2,0.5866666666666667,82.78,12.756,2.521,1.409,30.87
35.3,0.5883333333333333,82.78,12.744,3.06,1.541,31.44
35.4,0.59,82.78,12.75,2.75,1.372,31.53
35.5,0.5916666666666667,82.78,12.743,3.032,1.436,31.08
35.6,0.5933333333333334,82.78,12.76,2.902,1.441,31.02
35.7,0.5950000000000001,82.78,12.759,3.188,1.637,31.22
35.8,0.5966666666666666,82.72,12.774,2.566,1.349,31.26
35.9,0.5983333333333333,82.72,12.764,3.028,1.521,31.24
36.0,0.6,82.36,12.726,3.021,1.551,31.43
36.1,0.6016666666666667,82.36,12.709,2.875,1.504,31.55
36.2,0.6033333333333334,82.36,12.752,3.107,1.568,31.13
36.3,0.605,82.36,12.74,2.932,1.392,31.67
36.4,0.6066666666666667,82.36,12.761,2.63,1.288,31.13
36.5,0.6083333333333333,82.36,12.727,2.93,1.531,31.26
36.6,0.61,82.34,12.775,2.811,1.373,31.62
36.7,0.6116666666666667,82.34,12.753,2.763,1.442,31.32
36.8,0.6133333333333333,82.34,12.764,2.581,1.372,30.77
36.9,0.615,82.34,12.732,3.149,1.55,31.43
37.0,0.6166666666666667,82.34,12.752,2.995,1.534,31.16
37.1,0.6183333333333334,82.23,12.75,2.964,1.406,31.4
37.2,0.62,82.23,12.787,3.1,1.535,31.3
37.3,0.6216666666666666,81.86,12.708,2.851,1.471,31.18
37.4,0.6233333333333333,81.86,12.71,2.935,1.449,31.56
37.5,0.625,81.86,12.711,3.09,1.464,30.99
37.6,0.6266666666666667,81.86,12.723,2.873,1.442,31.36
37.7,0.6283333333333334,81.8,12.734,2.884,1.506,31.24
37.8,0.63,81.8,12.762,2.886,1.481,31.38
37.9,0.6316666666666666,81.8,12.73,2.771,1.427,30.64
38.0,0.6333333333333333,81.78,12.714,2.92,1.534,31.08
38.1,0.635,81.78,12.726,2.672,1.404,31.07
38.2,0.6366666666666667,81.68,12.727,3.005,1.474,31.79
38.3,0.6383333333333333,81.68,12.697,3.105,1.484,31.12
38.4,0.64,81.68,12.7,3.078,1.568,31.14
38.5,0.6416666666666667,81.68,12.71,2.929,1.408,31.29
38.6,0.6433333333333333,81.64,12.729,3.265,1.587,31.62
38.7,0.645,81.64,12.727,3.131,1.46,31.31
38.8,0.6466666666666666,81.2,12.73,2.851,1.43,31.31
38.9,0.6483333333333333,81.2,12.698,2.76,1.39,30.83
39.0,0.65,81.2,12.71,3.032,1.49,31.83
39.1,0.6516666666666667,81.2,12.689,2.914,1.446,31.25
39.2,0.6533333333333334,80.99,12.675,2.771,1.353,31.28
39.3,0.6549999999999999,80.91,12.694,2.885,1.349,32.0
39.4,0.6566666666666666,80.91,12.691,2.758,1.394,31.1
39.5,0.6583333333333333,80.91,12.713,2.816,1.383,30.97
39.6,0.66,80.91,12.704,2.925,1.524,31.1
39.7,0.6616666666666667,80.91,12.699,3.063,1.545,31.85
39.8,0.6633333333333333,80.91,12.704,2.926,1.504,31.31
39.9,0.6649999999999999,80.91,12.654,2.841,1.462,31.11
40.0,0.6666666666666666,80.91,12.723,2.79,1.398,31.26
40.1,0.6683333333333333,80.5,12.708,2.832,1.437,31.29
40.2,0.67,80.5,12.661,3.059,1.508,31.69
40.3,0.6716666666666666,80.5,12.688,3.299,1.612,31.76
40.4,0.6733333333333333,80.5,12.664,2.857,1.52,31.41
40.5,0.675,80.5,12.725,2.993,1.429,31.52
40.6,0.6766666666666666,80.5,12.681,2.66,1.46,31.0
40.7,0.6783333333333333,80.37,12.662,2.891,1.423,31.03
40.8,0.6799999999999999,80.26,12.66,2.912,1.404,31.46
40.9,0.6816666666666666,80.22,12.672,2.843,1.456,31.45
41.0,0.6833333333333333,80.22,12.668,2.957,1.492,31.43
41.1,0.685,80.22,12.657,3.136,1.628,31.57
41.2,0.6866666666666668,80.22,12.662,3.089,1.49,31.63
41.3,0.6883333333333332,80.22,12.676,2.798,1.599,31.01
41.4,0.69,79.78,12.683,3.13,1.637,31.41
41.5,0.6916666666666667,79.78,12.638,2.779,1.507,31.07
41.6,0.6933333333333334,79.78,12.668,3.263,1.634,31.12
41.7,0.6950000000000001,79.78,12.658,3.277,1.567,31.73
41.8,0.6966666666666667,79.78,12.632,3.11,1.482,31.44
41.9,0.6983333333333334,79.78,12.676,3.154,1.541,31.62
42.0,0.7,79.78,12.65,3.077,1.526,31.63
42.1,0.7016666666666667,79.78,12.69,2.928,1.511,31.16
42.2,0.7033333333333334,79.78,12.65,3.179,1.518,31.92
42.3,0.705,79.78,12.647,3.166,1.551,31.61
42.4,0.7066666666666667,79.49,12.639,3.041,1.579,31.71
42.5,0.7083333333333334,79.49,12.63,2.807,1.478,31.75
42.6,0.7100000000000001,79.49,12.672,3.02,1.553,31.33
42.7,0.7116666666666667,79.49,12.645,3.016,1.437,31.3
42.8,0.7133333333333333,79.27,12.669,3.302,1.584,31.67
42.9,0.715,78.78,12.619,3.407,1.618,31.97
43.0,0.7166666666666667,78.78,12.651,3.062,1.586,31.77
43.1,0.7183333333333334,78.78,12.61,3.139,1.601,31.04
43.2,0.7200000000000001,78.78,12.665,3.4,1.63,32.05
43.3,0.7216666666666666,78.78,12.623,3.089,1.535,31.39
43.4,0.7233333333333333,78.78,12.623,3.224,1.574,31.71
43.5,0.725,78.78,12.607,3.091,1.638,31.18
43.6,0.7266666666666667,78.78,12.638,3.284,1.683,31.4
43.7,0.7283333333333334,78.78,12.68,3.248,1.639,31.7
43.8,0.73,78.78,12.674,3.527,1.816,31.33
43.9,0.7316666666666667,78.78,12.602,3.148,1.61,31.75
44.0,0.7333333333333333,78.78,12.637,3.168,1.702,31.43
44.1,0.735,78.78,12.625,3.606,1.728,31.89
44.2,0.7366666666666667,78.78,12.645,3.236,1.621,31.64
44.3,0.7383333333333333,78.75,12.634,2.953,1.571,31.3
44.4,0.74,78.75,12.577,3.214,1.547,31.92
44.5,0.7416666666666667,78.75,12.641,3.295,1.659,32.23
44.6,0.7433333333333334,78.52,12.59,3.519,1.74,31.94
44.7,0.745,78.52,12.642,3.298,1.678,31.22
44.8,0.7466666666666666,78.52,12.644,3.222,1.675,31.64
44.9,0.7483333333333333,78.52,12.624,3.154,1.635,31.51
45.0,0.75,78.47,12.612,3.431,1.715,31.96
45.1,0.7516666666666667,78.47,12.631,3.103,1.505,31.55
45.2,0.7533333333333334,78.47,12.667,3.419,1.699,32.26
45.3,0.755,78.37,12.643,3.417,1.687,31.9
45.4,0.7566666666666666,78.37,12.616,3.291,1.58,31.81
45.5,0.7583333333333333,78.36,12.636,3.701,1.869,31.82
45.6,0.76,78.36,12.614,3.283,1.589,31.43
45.7,0.7616666666666667,78.36,12.593,3.349,1.618,31.67
45.8,0.7633333333333333,78.15,12.631,3.242,1.613,31.68
45.9,0.765,78.15,12.599,3.54,1.803,31.93
46.0,0.7666666666666667,78.15,12.587,3.218,1.648,31.67
46.1,0.7683333333333333,78.15,12.624,3.359,1.778,31.64
46.2,0.77,77.89,12.595,3.314,1.776,31.69
46.3,0.7716666666666666,77.89,12.595,3.62,1.755,31.75
46.4,0.7733333333333333,77.89,12.621,3.244,1.634,31.39
46.5,0.775,77.83,12.614,3.289,1.695,31.45
46.6,0.7766666666666667,77.71,12.583,3.882,1.882,32.15
46.7,0.7783333333333334,77.71,12.602,3.391,1.65,31.92
46.8,0.7799999999999999,77.71,12.597,3.357,1.692,31.66
46.9,0.7816666666666666,77.71,12.614,3.576,1.75,31.81
47.0,0.7833333333333333,77.62,12.586,3.581,1.833,31.99
47.1,0.785,77.62,12.572,3.576,1.793,31.82
47.2,0.7866666666666667,77.49,12.59,3.831,1.837,32.79
47.3,0.7883333333333333,77.49,12.581,3.488,1.697,31.83
47.4,0.7899999999999999,77.49,12.595,3.626,1.863,31.76
47.5,0.7916666666666666,77.49,12.603,3.697,1.838,31.48
47.6,0.7933333333333333,77.4,12.635,3.453,1.67,31.84
47.7,0.795,77.4,12.618,3.758,1.925,32.23
47.8,0.7966666666666666,77.33,12.612,3.839,1.99,32.01
47.9,0.7983333333333333,77.31,12.578,3.682,1.75,32.24
48.0,0.8,77.31,12.597,3.55,1.821,31.7
48.1,0.8016666666666666,76.99,12.589,3.629,1.933,31.87
48.2,0.8033333333333333,76.99,12.598,3.399,1.708,31.72
48.3,0.8049999999999999,76.99,12.618,3.593,1.672,31.69
48.4,0.8066666666666666,75.99,12.609,3.503,1.732,31.46
48.5,0.8083333333333333,75.99,12.57,3.657,1.796,31.68
48.6,0.81,75.99,12.582,3.29,1.799,31.23
48.7,0.8116666666666668,75.99,12.56,3.664,1.899,32.12
48.8,0.8133333333333332,75.99,12.53,3.836,1.877,31.99
48.9,0.815,75.99,12.582,3.434,1.761,31.77
49.0,0.8166666666666667,75.99,12.594,3.911,1.911,31.94
49.1,0.8183333333333334,75.99,12.564,4.007,2.02,32.38
49.2,0.8200000000000001,75.99,12.573,3.91,1.971,31.87
49.3,0.8216666666666667,75.99,12.602,4.043,1.959,32.59
49.4,0.8233333333333334,75.99,12.559,3.65,1.886,32.2
49.5,0.825,75.99,12.536,3.802,1.968,31.85
49.6,0.8266666666666667,75.9,12.528,3.599,1.817,31.85
49.7,0.8283333333333334,75.9,12.589,3.869,1.959,32.22
49.8,0.83,75.9,12.573,3.527,1.897,32.18
49.9,0.8316666666666667,75.9,12.564,4.063,1.999,31.99
50.0,0.8333333333333334,75.9,12.565,3.856,1.951,31.94
50.1,0.8350000000000001,75.9,12.577,3.593,1.832,32.53
50.2,0.8366666666666667,75.9,12.556,3.872,1.934,32.31
50.3,0.8383333333333333,75.9,12.556,3.907,2.021,32.32
50.4,0.84,75.9,12.525,3.809,1.86,32.52
50.5,0.8416666666666667,75.67,12.557,3.801,1.932,32.15
50.6,0.8433333333333334,75.67,12.553,3.897,1.941,31.98
50.7,0.8450000000000001,75.67,12.546,3.647,1.91,31.52
50.8,0.8466666666666666,75.67,12.534,4.122,2.133,32.45
50.9,0.8483333333333333,75.66,12.545,4.298,2.187,32.06
51.0,0.85,75.59,12.558,4.113,2.173,32.4
51.1,0.8516666666666667,74.92,12.521,4.115,2.154,31.74
51.2,0.8533333333333334,74.92,12.539,4.193,2.157,32.17
51.3,0.855,74.92,12.513,4.422,2.207,32.42
51.4,0.8566666666666667,74.92,12.542,4.288,2.156,32.03
51.5,0.8583333333333333,74.92,12.551,4.586,2.312,32.39
51.6,0.86,74.92,12.53,4.583,2.351,32.32
51.7,0.8616666666666667,74.92,12.535,4.687,2.368,32.62
51.8,0.8633333333333333,74.92,12.536,4.6,2.278,32.22
51.9,0.865,74.92,12.551,4.571,2.353,32.46
52.0,0.8666666666666667,74.92,12.566,4.615,2.36,32.89
52.1,0.8683333333333334,74.92,12.504,4.962,2.542,33.11
52.2,0.87,74.92,12.542,4.467,2.44,32.94
52.3,0.8716666666666666,74.74,12.537,4.446,2.302,32.56
52.4,0.8733333333333333,74.74,12.535,4.884,2.511,32.61
52.5,0.875,74.74,12.526,5.185,2.656,32.98
52.6,0.8766666666666667,74.74,12.538,4.932,2.586,32.93
52.7,0.8783333333333334,74.74,12.532,5.163,2.628,32.96
52.8,0.88,74.74,12.554,4.895,2.587,33.09
52.9,0.8816666666666666,74.74,12.497,4.709,2.453,32.45
53.0,0.8833333333333333,74.74,12.53,5.003,2.492,32.74
53.1,0.885,74.44,12.495,4.72,2.538,32.25
53.2,0.8866666666666667,74.44,12.489,4.969,2.591,32.67
53.3,0.8883333333333333,74.44,12.514,4.958,2.59,33.08
53.4,0.89,74.37,12.527,4.955,2.585,32.79
53.5,0.8916666666666667,74.26,12.505,4.689,2.466,32.8
53.6,0.8933333333333333,74.26,12.52,4.953,2.534,32.88
53.7,0.895,74.26,12.527,4.503,2.4,32.75
53.8,0.8966666666666666,74.26,12.533,4.347,2.33,32.21
53.9,0.8983333333333333,74.06,12.493,4.722,2.418,32.78
54.0,0.9,73.99,12.505,4.203,2.241,32.5
54.1,0.9016666666666667,73.82,12.48,4.064,2.06,32.54
54.2,0.9033333333333334,73.82,12.516,4.198,2.158,32.68
54.3,0.9049999999999999,73.76,12.496,4.214,2.214,32.22
54.4,0.9066666666666666,73.76,12.501,3.733,1.924,31.7
54.5,0.9083333333333333,73.76,12.519,4.09,2.106,32.11
54.6,0.91,73.75,12.521,4.094,2.072,32.61
54.7,0.9116666666666667,73.75,12.484,3.742,1.949,31.82
54.8,0.9133333333333333,73.68,12.494,3.72,1.908,31.71
54.9,0.9149999999999999,73.66,12.488,3.655,1.954,31.69
55.0,0.9166666666666666,73.66,12.456,3.717,1.912,31.73
55.1,0.9183333333333333,73.66,12.503,3.715,2.02,32.24
55.2,0.92,73.66,12.495,3.747,1.913,31.88
55.3,0.9216666666666666,73.66,12.471,3.416,1.757,31.72
55.4,0.9233333333333333,73.66,12.502,3.842,1.824,32.42
55.5,0.925,73.26,12.497,3.985,1.957,32.46
55.6,0.9266666666666666,73.26,12.453,4.0,2.061,32.45
55.7,0.9283333333333333,73.26,12.471,3.93,1.949,32.0
55.8,0.9299999999999999,73.26,12.491,3.855,1.952,31.72
55.9,0.9316666666666666,73.26,12.468,3.922,2.085,32.28
56.0,0.9333333333333333,73.08,12.496,3.513,1.943,32.39
56.1,0.935,72.86,12.476,3.911,1.929,32.1
56.2,0.9366666666666668,72.86,12.473,3.681,1.849,31.98
56.3,0.9383333333333332,72.84,12.504,3.545,1.93,31.16
56.4,0.94,72.84,12.487,4.259,2.154,32.83
56.5,0.9416666666666667,72.84,12.47,3.789,1.875,32.07
56.6,0.9433333333333334,72.84,12.442,3.82,1.998,31.71
56.7,0.9450000000000001,72.79,12.51,3.808,1.893,32.12
56.8,0.9466666666666667,72.79,12.48,3.744,2.025,31.95
56.9,0.9483333333333334,72.35,12.515,4.049,2.095,32.44
57.0,0.95,72.35,12.477,3.932,2.013,32.75
57.1,0.9516666666666667,72.35,12.444,4.177,2.1,32.16
57.2,0.9533333333333334,72.32,12.443,4.146,2.108,32.38
57.3,0.955,72.32,12.451,4.101,2.094,32.22
57.4,0.9566666666666667,72.32,12.437,4.339,2.205,32.3
57.5,0.9583333333333334,72.32,12.483,4.075,2.139,32.42
57.6,0.9600000000000001,72.32,12.464,4.19,2.061,32.76
57.7,0.9616666666666667,72.32,12.443,3.934,2.039,32.34
57.8,0.9633333333333333,72.32,12.48,4.062,2.035,32.2
57.9,0.965,72.14,12.471,4.172,2.149,32.5
58.0,0.9666666666666667,72.14,12.419,4.043,2.094,32.36
58.1,0.9683333333333334,72.14,12.436,4.598,2.347,32.83
58.2,0.9700000000000001,72.14,12.432,4.47,2.285,32.42
58.3,0.9716666666666666,72.14,12.42,4.297,2.129,32.49
58.4,0.9733333333333333,71.99,12.475,4.264,2.129,32.85
58.5,0.975,71.99,12.441,4.373,2.299,32.51
58.6,0.9766666666666667,71.99,12.427,4.003,2.022,32.52
58.7,0.9783333333333334,71.9,12.451,4.177,2.145,32.38
58.8,0.98,71.9,12.446,4.287,2.266,32.47
58.9,0.9816666666666667,71.9,12.454,3.998,2.126,32.1
59.0,0.9833333333333333,71.9,12.391,4.239,2.169,33.14
59.1,0.985,71.56,12.479,4.178,2.188,32.69
59.2,0.9866666666666667,71.56,12.461,4.237,2.278,32.73
59.3,0.9883333333333333,71.56,12.411,4.333,2.245,32.78
59.4,0.99,71.56,12.424,4.424,2.275,32.29
59.5,0.9916666666666667,71.56,12.44,4.453,2.299,32.37
59.6,0.9933333333333334,71.56,12.462,4.231,2.263,32.39
59.7,0.995,71.56,12.43,4.477,2.358,32.16
59.8,0.9966666666666666,71.34,12.437,4.462,2.219,32.35
59.9,0.9983333333333333,71.34,12.461,4.119,2.172,32.58
60.0,1.0,71.34,12.43,4.139,2.153,31.85
60.1,1.0016666666666667,71.34,12.42,4.493,2.174,32.37
60.2,1.0033333333333334,71.34,12.44,4.428,2.269,32.53
60.3,1.005,71.34,12.442,4.569,2.404,32.62
60.4,1.0066666666666666,71.34,12.415,4.289,2.344,32.47
60.5,1.0083333333333333,71.34,12.444,4.463,2.291,32.39
60.6,1.01,71.08,12.487,4.207,2.262,32.66
60.7,1.0116666666666667,71.08,12.425,4.465,2.314,32.0
60.8,1.0133333333333332,71.08,12.399,4.397,2.333,32.65
60.9,1.015,70.92,12.397,4.293,2.329,32.11
61.0,1.0166666666666666,70.92,12.426,4.583,2.268,32.48
61.1,1.0183333333333333,70.92,12.428,4.525,2.354,32.61
61.2,1.02,70.92,12.447,4.879,2.482,33.25
61.3,1.0216666666666667,70.78,12.395,4.413,2.235,32.34
61.4,1.0233333333333332,70.77,12.403,4.531,2.399,32.28
61.5,1.025,70.77,12.406,4.374,2.257,32.79
61.6,1.0266666666666666,70.39,12.371,4.668,2.45,32.7
61.7,1.0283333333333333,70.39,12.421,4.708,2.384,32.75
61.8,1.03,70.19,12.374,4.467,2.286,32.75
61.9,1.0316666666666667,70.19,12.399,4.704,2.47,33.0
62.0,1.0333333333333334,70.19,12.395,5.208,2.616,33.09
62.1,1.035,70.0,12.42,4.841,2.488,32.31
62.2,1.0366666666666666,70.0,12.413,5.002,2.581,32.88
62.3,1.0383333333333333,70.0,12.394,4.69,2.491,32.75
62.4,1.04,70.0,12.412,4.549,2.333,32.37
62.5,1.0416666666666667,70.0,12.415,4.721,2.553,32.51
62.6,1.0433333333333334,70.0,12.403,4.837,2.49,33.0
62.7,1.0450000000000002,70.0,12.383,4.535,2.415,32.72
62.8,1.0466666666666666,69.74,12.393,5.008,2.603,32.72
62.9,1.0483333333333333,69.74,12.403,4.897,2.572,33.02
63.0,1.05,69.74,12.419,4.857,2.516,32.89
63.1,1.0516666666666667,69.74,12.37,5.088,2.636,32.68
63.2,1.0533333333333335,69.7,12.373,4.804,2.506,32.76
63.3,1.055,69.7,12.402,5.038,2.636,32.64
63.4,1.0566666666666666,69.67,12.373,4.654,2.518,32.53
63.5,1.0583333333333333,69.57,12.37,4.832,2.645,32.93
63.6,1.06,69.57,12.388,4.992,2.523,32.64
63.7,1.0616666666666668,69.57,12.399,5.298,2.738,32.82
63.8,1.0633333333333332,69.56,12.367,4.89,2.648,32.98
63.9,1.065,69.46,12.356,5.482,2.751,32.99
64.0,1.0666666666666667,69.46,12.37,4.858,2.58,32.81
64.1,1.0683333333333331,69.41,12.414,5.071,2.616,32.94
64.2,1.07,69.41,12.372,5.266,2.73,33.08
64.3,1.0716666666666665,69.18,12.371,4.727,2.452,32.9
64.4,1.0733333333333335,69.18,12.331,5.045,2.595,32.88
64.5,1.075,69.18,12.386,5.125,2.772,32.85
64.6,1.0766666666666667,69.18,12.393,5.219,2.735,32.98
64.7,1.0783333333333334,69.18,12.364,5.283,2.785,33.43
64.8,1.0799999999999998,69.18,12.365,5.154,2.691,33.3
64.9,1.0816666666666668,69.18,12.386,5.252,2.77,33.11
65.0,1.0833333333333333,68.64,12.329,5.038,2.675,33.31
65.1,1.085,68.64,12.377,4.95,2.632,33.12
65.2,1.0866666666666667,68.64,12.345,5.113,2.615,32.78
65.3,1.0883333333333334,68.47,12.345,5.086,2.715,33.41
65.4,1.09,68.47,12.357,5.232,2.716,33.82
65.5,1.0916666666666666,68.29,12.355,5.159,2.676,33.17
65.6,1.0933333333333333,68.29,12.323,4.624,2.409,32.35
65.7,1.095,68.29,12.364,4.85,2.5,33.27
65.8,1.0966666666666667,68.29,12.371,5.016,2.584,33.15
65.9,1.0983333333333334,68.29,12.372,4.945,2.616,32.93
66.0,1.1,68.22,12.366,4.864,2.513,32.4
66.1,1.1016666666666666,67.97,12.361,4.95,2.456,32.94
66.2,1.1033333333333333,67.97,12.321,4.327,2.308,32.51
66.3,1.105,67.97,12.331,4.982,2.622,32.9
66.4,1.1066666666666667,67.97,12.38,4.417,2.338,32.54
66.5,1.1083333333333334,67.97,12.339,5.088,2.528,33.29
66.6,1.1099999999999999,67.97,12.343,4.604,2.485,32.66
66.7,1.1116666666666668,67.94,12.313,4.528,2.349,32.83
66.8,1.1133333333333333,67.94,12.343,4.457,2.247,32.2
66.9,1.115,67.94,12.377,4.283,2.271,32.33
67.0,1.1166666666666667,67.94,12.334,4.126,2.134,32.48
67.1,1.1183333333333332,67.91,12.355,4.2,2.214,32.3
67.2,1.12,67.75,12.343,4.028,2.16,32.43
67.3,1.1216666666666666,67.75,12.331,4.196,2.169,32.52
67.4,1.1233333333333335,67.72,12.333,4.264,2.17,32.62
67.5,1.125,67.72,12.379,4.21,2.199,32.46
67.6,1.1266666666666665,67.67,12.341,3.912,1.996,32.52
67.7,1.1283333333333334,67.51,12.326,4.121,2.077,32.15
67.8,1.13,67.51,12.37,3.858,1.897,32.23
67.9,1.1316666666666668,67.41,12.319,3.492,1.855,32.5
68.0,1.1333333333333333,67.41,12.296,3.693,1.844,32.13
68.1,1.135,67.41,12.335,3.433,1.782,32.47
68.2,1.1366666666666667,67.41,12.316,3.504,1.906,32.21
68.3,1.1383333333333332,67.41,12.345,3.568,1.868,32.11
68.4,1.1400000000000001,67.04,12.311,3.729,1.862,32.29
68.5,1.1416666666666666,67.04,12.341,3.442,1.725,32.49
68.6,1.1433333333333333,66.98,12.299,3.257,1.716,31.91
68.7,1.145,66.98,12.29,3.398,1.614,31.79
68.8,1.1466666666666667,66.51,12.308,3.112,1.535,32.03
68.9,1.1483333333333334,66.51,12.271,3.225,1.63,32.15
69.0,1.15,66.51,12.276,3.083,1.582,32.1
69.1,1.1516666666666666,66.51,12.285,2.94,1.439,31.42
69.2,1.1533333333333333,66.51,12.285,3.027,1.541,31.96
69.3,1.155,66.51,12.313,2.814,1.321,31.75
69.4,1.1566666666666667,66.51,12.276,2.881,1.413,31.71
69.5,1.1583333333333334,66.51,12.286,2.792,1.344,31.6
69.6,1.16,66.51,12.302,2.637,1.319,31.74
69.7,1.1616666666666666,66.3,12.28,2.357,1.241,31.44
69.8,1.1633333333333333,66.3,12.283,2.83,1.37,31.73
69.9,1.165,66.3,12.297,2.53,1.306,32.07
70.0,1.1666666666666667,66.3,12.308,2.667,1.322,31.67
70.1,1.1683333333333332,66.3,12.292,2.467,1.205,31.24
70.2,1.1700000000000002,66.3,12.309,2.11,1.057,31.09
70.3,1.1716666666666666,66.3,12.295,2.382,1.097,31.29
70.4,1.1733333333333333,66.3,12.3,1.928,0.999,30.81
70.5,1.175,66.3,12.296,2.453,1.097,31.8
70.6,1.1766666666666665,66.3,12.287,2.312,1.157,31.91
70.7,1.1783333333333335,66.3,12.31,2.337,1.067,31.3
70.8,1.18,66.3,12.295,2.208,0.974,31.61
70.9,1.1816666666666669,66.17,12.296,1.949,0.973,31.04
71.0,1.1833333333333333,66.17,12.288,2.012,1.0,31.1
71.1,1.1849999999999998,65.98,12.321,1.94,0.849,30.79
71.2,1.1866666666666668,65.98,12.313,2.046,0.957,31.28
71.3,1.1883333333333332,65.94,12.284,2.006,0.942,31.58
71.4,1.1900000000000002,65.94,12.288,1.636,0.864,31.37
71.5,1.1916666666666667,65.81,12.307,1.642,0.855,31.19
71.6,1.1933333333333331,65.81,12.282,1.953,0.883,31.18
71.7,1.195,65.81,12.301,1.883,0.784,31.51
71.8,1.1966666666666665,65.81,12.283,1.592,0.765,31.47
71.9,1.1983333333333335,65.77,12.326,1.769,0.874,30.95
72.0,1.2,64.89,12.27,1.783,0.81,31.22
72.1,1.2016666666666667,64.89,12.239,1.989,0.907,31.26
72.2,1.2033333333333334,64.89,12.276,1.582,0.675,30.87
72.3,1.2049999999999998,64.89,12.278,1.314,0.592,30.58
72.4,1.2066666666666668,64.89,12.24,1.491,0.791,30.77
72.5,1.2083333333333333,64.89,12.233,1.866,0.773,31.23
72.6,1.21,64.89,12.264,1.354,0.618,30.96
72.7,1.2116666666666667,64.89,12.262,1.423,0.541,30.98
72.8,1.2133333333333334,64.89,12.288,1.206,0.635,31.14
72.9,1.215,64.89,12.24,1.208,0.48,30.65
73.0,1.2166666666666666,64.89,12.232,1.272,0.573,30.54
73.1,1.2183333333333333,64.89,12.25,0.903,0.407,30.34
73.2,1.22,64.89,12.254,1.394,0.543,31.03
73.3,1.2216666666666667,64.89,12.248,1.126,0.373,30.64
73.4,1.2233333333333334,64.89,12.263,1.139,0.505,30.37
73.5,1.225,64.89,12.263,1.504,0.626,31.24
73.6,1.2266666666666666,64.89,12.25,1.007,0.464,31.06
73.7,1.2283333333333333,64.86,12.239,1.177,0.528,30.86
73.8,1.23,64.66,12.227,1.018,0.415,30.88
73.9,1.2316666666666667,64.66,12.213,0.996,0.41,30.36
74.0,1.2333333333333334,64.66,12.258,1.052,0.376,30.39
74.1,1.2349999999999999,64.66,12.266,1.224,0.593,30.89
74.2,1.2366666666666668,64.01,12.218,1.352,0.52,30.98
74.3,1.2383333333333333,64.01,12.242,1.62,0.669,31.04
74.4,1.24,64.01,12.191,1.102,0.46,30.7
74.5,1.2416666666666667,64.01,12.239,1.151,0.551,30.65
74.6,1.2433333333333332,64.01,12.239,1.078,0.59,31.13
74.7,1.245,63.72,12.225,1.572,0.711,30.85
74.8,1.2466666666666666,63.72,12.226,1.58,0.758,31.04
74.9,1.2483333333333335,63.72,12.25,1.348,0.575,31.19
75.0,1.25,63.72,12.229,1.167,0.551,30.57
75.1,1.2516666666666665,63.72,12.245,1.232,0.518,30.9
75.2,1.2533333333333334,63.72,12.225,1.694,0.778,31.12
75.3,1.255,63.72,12.24,1.524,0.679,31.2
75.4,1.2566666666666668,63.72,12.239,1.502,0.649,30.42
75.5,1.2583333333333333,63.7,12.226,1.615,0.711,31.03
75.6,1.26,63.7,12.219,1.361,0.525,30.75
75.7,1.2616666666666667,63.7,12.226,1.299,0.607,31.19
75.8,1.2633333333333332,63.7,12.235,1.887,0.834,31.26
75.9,1.2650000000000001,63.7,12.203,1.769,0.806,31.06
76.0,1.2666666666666666,63.7,12.249,1.692,0.801,31.38
76.1,1.2683333333333333,63.53,12.229,1.484,0.723,31.19
76.2,1.27,63.53,12.224,2.031,0.865,31.62
76.3,1.2716666666666667,63.53,12.239,2.084,0.975,31.67
76.4,1.2733333333333334,63.53,12.18,1.588,0.75,31.29
76.5,1.275,63.31,12.211,1.863,0.863,31.12
76.6,1.2766666666666666,63.31,12.257,1.817,0.842,31.31
76.7,1.2783333333333333,62.7,12.182,1.895,0.92,31.36
76.8,1.28,62.7,12.135,1.77,0.907,31.3
76.9,1.2816666666666667,62.7,12.225,1.955,0.909,31.41
77.0,1.2833333333333334,62.7,12.223,1.838,0.865,31.28
77.1,1.285,62.7,12.209,1.975,0.949,31.24
77.2,1.2866666666666666,62.7,12.231,2.066,0.916,31.38
77.3,1.2883333333333333,62.7,12.212,1.887,0.968,31.05
77.4,1.29,62.7,12.182,1.968,0.989,31.12
77.5,1.2916666666666667,62.7,12.194,2.23,1.062,31.68
77.6,1.2933333333333332,62.7,12.181,2.159,0.977,31.38
77.7,1.2950000000000002,62.7,12.189,2.196,1.013,31.51
77.8,1.2966666666666666,62.49,12.221,2.437,1.139,31.49
77.9,1.2983333333333333,62.49,12.185,1.931,1.051,30.92
78.0,1.3,62.49,12.202,2.271,1.062,31.43
78.1,1.3016666666666665,62.48,12.174,2.45,1.167,32.05
78.2,1.3033333333333335,62.48,12.207,2.423,1.134,31.6
78.3,1.305,62.48,12.181,2.261,1.134,31.36
78.4,1.3066666666666669,62.42,12.208,2.448,1.159,31.82
78.5,1.3083333333333333,62.42,12.199,2.323,1.057,31.45
78.6,1.3099999999999998,62.42,12.186,2.666,1.208,31.63
78.7,1.3116666666666668,62.12,12.163,2.656,1.292,31.38
78.8,1.3133333333333332,62.12,12.193,2.388,1.247,31.19
78.9,1.3150000000000002,62.12,12.186,2.271,1.091,31.65
79.0,1.3166666666666667,62.12,12.18,2.633,1.253,31.8
79.1,1.3183333333333331,62.12,12.222,2.473,1.173,31.68
79.2,1.32,62.12,12.172,2.763,1.242,32.02
79.3,1.3216666666666665,62.12,12.212,2.59,1.285,31.63
79.4,1.3233333333333335,61.97,12.185,2.33,1.194,31.59
79.5,1.325,61.97,12.162,2.766,1.411,31.63
79.6,1.3266666666666667,61.42,12.15,2.743,1.314,31.62
79.7,1.3283333333333334,61.42,12.165,2.721,1.397,31.64
79.8,1.3299999999999998,61.42,12.171,2.697,1.4,32.06
79.9,1.3316666666666668,61.42,12.182,2.85,1.471,32.08
80.0,1.3333333333333333,61.42,12.191,3.097,1.474,31.81
80.1,1.335,61.42,12.155,2.625,1.275,31.7
80.2,1.3366666666666667,61.42,12.136,2.802,1.411,31.91
80.3,1.3383333333333334,61.42,12.197,2.629,1.237,31.58
80.4,1.34,61.42,12.181,2.844,1.368,32.08
80.5,1.3416666666666666,61.42,12.206,2.807,1.456,31.69
80.6,1.3433333333333333,61.42,12.14,3.041,1.468,31.95
80.7,1.345,61.29,12.156,3.018,1.493,31.94
80.8,1.3466666666666667,61.29,12.169,2.496,1.355,31.25
80.9,1.3483333333333334,61.29,12.128,2.693,1.407,31.39
81.0,1.35,61.29,12.146,2.824,1.384,31.69
81.1,1.3516666666666666,61.29,12.123,3.011,1.473,32.32
81.2,1.3533333333333333,61.29,12.163,2.958,1.495,32.14
81.3,1.355,61.29,12.196,2.585,1.334,31.88
81.4,1.3566666666666667,61.05,12.161,3.321,1.661,32.06
81.5,1.3583333333333334,61.05,12.124,2.521,1.354,31.62
81.6,1.3599999999999999,60.9,12.137,2.744,1.32,31.88
81.7,1.3616666666666668,60.9,12.16,2.791,1.393,31.97
81.8,1.3633333333333333,60.9,12.182,2.821,1.401,31.54
81.9,1.365,60.9,12.146,2.708,1.38,31.67
82.0,1.3666666666666667,60.9,12.193,2.704,1.28,31.66
82.1,1.3683333333333332,60.86,12.144,2.627,1.445,32.13
82.2,1.37,60.86,12.179,2.588,1.327,31.65
82.3,1.3716666666666666,60.86,12.14,2.965,1.441,31.81
82.4,1.3733333333333335,60.72,12.157,2.784,1.425,32.11
82.5,1.375,60.58,12.079,2.649,1.208,31.71
82.6,1.3766666666666665,60.58,12.18,2.56,1.227,32.01
82.7,1.3783333333333334,60.58,12.164,2.409,1.22,31.44
82.8,1.38,60.53,12.123,2.803,1.316,32.39
82.9,1.3816666666666668,60.44,12.153,2.625,1.296,31.8
83.0,1.3833333333333333,60.44,12.138,2.728,1.309,31.91
83.1,1.385,60.42,12.099,2.422,1.218,31.64
83.2,1.3866666666666667,60.04,12.102,2.595,1.312,31.79
83.3,1.3883333333333332,60.04,12.163,2.883,1.386,31.98
83.4,1.3900000000000001,60.02,12.148,2.408,1.162,31.61
83.5,1.3916666666666666,60.02,12.142,2.463,1.249,32.04
83.6,1.3933333333333333,60.02,12.109,2.504,1.28,31.19
83.7,1.395,60.02,12.126,2.623,1.245,31.52
83.8,1.3966666666666667,60.02,12.136,2.737,1.236,31.8
83.9,1.3983333333333334,60.02,12.122,2.704,1.388,31.85
84.0,1.4,59.9,12.092,2.806,1.345,32.3
84.1,1.4016666666666666,59.9,12.103,2.311,1.306,31.78
84.2,1.4033333333333333,59.9,12.084,2.251,1.172,31.61
84.3,1.405,59.62,12.146,2.92,1.408,31.81
84.4,1.4066666666666667,59.62,12.07,2.749,1.253,32.4
84.5,1.4083333333333334,59.59,12.122,2.425,1.174,31.94
84.6,1.41,59.59,12.111,2.509,1.188,32.41
84.7,1.4116666666666666,59.59,12.133,2.445,1.172,31.36
84.8,1.4133333333333333,59.59,12.1,2.902,1.376,32.44
84.9,1.415,59.5,12.13,2.37,1.218,31.67
85.0,1.4166666666666667,59.32,12.093,2.545,1.202,31.59
85.1,1.4183333333333332,59.32,12.108,2.091,1.021,31.56
85.2,1.4200000000000002,59.32,12.109,2.511,1.247,31.81
85.3,1.4216666666666666,59.32,12.132,2.284,1.099,31.57
85.4,1.4233333333333333,59.32,12.124,2.242,1.089,31.26
85.5,1.425,59.27,12.141,2.418,1.224,31.64
85.6,1.4266666666666665,59.27,12.107,2.258,1.101,31.32
85.7,1.4283333333333335,59.27,12.119,2.412,1.233,31.75
85.8,1.43,59.27,12.092,2.733,1.251,31.59
85.9,1.4316666666666669,59.27,12.105,2.213,1.014,31.67
86.0,1.4333333333333333,59.05,12.078,2.311,1.141,31.57
86.1,1.4349999999999998,59.05,12.144,2.334,1.022,31.93
86.2,1.4366666666666668,59.05,12.126,2.507,1.138,31.6
86.3,1.4383333333333332,59.05,12.129,2.545,1.212,31.48
86.4,1.4400000000000002,59.05,12.071,2.088,1.025,31.2
86.5,1.4416666666666667,58.96,12.077,2.629,1.274,31.94
86.6,1.4433333333333331,58.96,12.107,2.354,1.1,32.69
86.7,1.445,58.65,12.097,2.317,1.026,31.34
86.8,1.4466666666666665,58.65,12.088,2.275,1.106,31.51
86.9,1.4483333333333335,58.52,12.085,2.353,1.175,32.1
87.0,1.45,58.52,12.072,2.372,0.997,31.89
87.1,1.4516666666666667,58.25,12.068,2.455,1.102,32.09
87.2,1.4533333333333334,58.25,12.059,2.121,0.988,31.65
87.3,1.4549999999999998,58.25,12.071,2.338,1.189,31.83
87.4,1.4566666666666668,58.25,12.075,2.346,1.101,31.73
87.5,1.4583333333333333,58.19,12.067,2.329,1.05,31.42
87.6,1.46,58.05,12.095,2.488,1.162,31.85
87.7,1.4616666666666667,58.05,12.08,2.153,0.972,31.36
87.8,1.4633333333333334,58.05,12.052,2.181,1.039,31.77
87.9,1.465,58.05,12.109,2.626,1.213,31.2
88.0,1.4666666666666666,57.87,12.06,2.127,1.051,31.07
88.1,1.4683333333333333,57.87,12.056,2.352,1.165,31.68
88.2,1.47,57.87,12.059,2.169,1.068,31.63
88.3,1.4716666666666667,57.59,12.032,2.015,0.992,31.98
88.4,1.4733333333333334,57.59,12.072,2.38,1.023,31.53
88.5,1.475,57.59,12.055,1.986,1.045,31.66
88.6,1.4766666666666666,57.59,12.051,2.136,1.001,31.14
88.7,1.4783333333333333,57.54,12.085,1.923,0.964,32.06
88.8,1.48,57.54,12.077,1.891,0.962,30.79
88.9,1.4816666666666667,57.54,12.078,1.941,0.902,31.85
89.0,1.4833333333333334,57.54,12.046,1.964,1.025,31.4
89.1,1.4849999999999999,57.54,12.029,2.172,1.043,31.16
89.2,1.4866666666666668,57.54,12.073,2.498,1.067,31.67
89.3,1.4883333333333333,56.68,12.054,1.836,0.858,31.63
89.4,1.49,56.68,12.013,2.272,1.062,31.64
89.5,1.4916666666666667,56.68,12.062,1.99,0.992,31.29
89.6,1.4933333333333332,56.68,12.024,1.936,0.874,31.52
89.7,1.495,56.68,12.008,1.913,0.992,31.46
89.8,1.4966666666666666,56.68,12.03,2.208,1.045,31.87
89.9,1.4983333333333335,56.68,12.059,2.12,1.017,31.76
90.0,1.5,56.68,12.037,2.414,1.029,31.64
90.1,1.5016666666666665,56.68,12.034,2.169,1.042,31.42
90.2,1.5033333333333334,56.68,12.047,2.12,1.033,31.6
90.3,1.505,56.68,12.027,1.954,0.954,31.45
90.4,1.5066666666666668,56.68,12.058,1.575,0.786,31.33
90.5,1.5083333333333333,56.68,12.043,1.992,0.887,31.26
90.6,1.51,56.68,12.041,2.225,0.972,31.69
90.7,1.5116666666666667,56.68,12.043,1.881,0.901,31.25
90.8,1.5133333333333332,56.68,12.035,2.168,0.989,31.77
90.9,1.5150000000000001,56.68,12.054,2.049,0.994,31.62
91.0,1.5166666666666666,56.68,12.031,2.023,0.929,31.48
91.1,1.5183333333333333,56.68,12.029,2.285,1.071,31.3
91.2,1.52,56.68,12.04,1.641,0.838,31.6
91.3,1.5216666666666667,56.66,12.017,1.994,0.991,31.31
91.4,1.5233333333333334,56.58,12.044,2.074,0.922,31.46
91.5,1.525,56.49,12.032,1.769,0.942,31.38
91.6,1.5266666666666666,56.37,12.012,2.274,1.095,31.8
91.7,1.5283333333333333,56.37,11.979,2.137,1.042,31.48
91.8,1.53,55.45,12.02,2.358,1.204,31.62
91.9,1.5316666666666667,55.45,12.038,2.262,1.086,31.34
92.0,1.5333333333333334,55.45,11.992,2.545,1.226,32.13
92.1,1.535,55.45,12.012,2.525,1.199,31.74
92.2,1.5366666666666666,55.45,12.022,2.313,1.292,31.62
92.3,1.5383333333333333,55.45,11.998,2.887,1.325,31.56
92.4,1.54,55.45,11.976,2.599,1.308,31.76
92.5,1.5416666666666667,55.45,12.004,3.116,1.495,32.44
92.6,1.5433333333333332,55.45,12.028,2.782,1.386,32.29
92.7,1.5450000000000002,55.45,11.978,2.844,1.451,31.8
92.8,1.5466666666666666,55.45,12.028,3.254,1.645,32.32
92.9,1.5483333333333333,55.45,12.0,3.732,1.695,32.76
93.0,1.55,55.45,11.989,3.575,1.715,32.15
93.1,1.5516666666666665,55.45,12.003,3.378,1.732,32.29
93.2,1.5533333333333335,54.71,12.001,3.804,1.931,32.82
93.3,1.555,54.71,11.979,3.488,1.696,32.73
93.4,1.5566666666666669,54.71,11.982,3.569,1.777,32.15
93.5,1.5583333333333333,54.71,11.981,3.552,1.801,32.22
93.6,1.5599999999999998,54.71,11.975,3.871,1.996,32.98
93.7,1.5616666666666668,54.71,12.001,3.756,1.991,32.52
93.8,1.5633333333333332,54.71,11.98,4.172,2.101,32.97
93.9,1.5650000000000002,54.71,11.992,4.273,2.133,32.65
94.0,1.5666666666666667,54.71,11.993,4.314,2.081,33.26
94.1,1.5683333333333331,54.71,11.99,3.975,2.078,32.86
94.2,1.57,54.71,12.012,4.172,2.108,33.24
94.3,1.5716666666666665,54.71,11.979,4.631,2.408,32.92
94.4,1.5733333333333335,54.71,12.021,4.685,2.352,33.06
94.5,1.575,54.71,12.028,4.547,2.366,32.81
94.6,1.5766666666666667,54.71,11.981,4.426,2.335,32.73
94.7,1.5783333333333334,54.71,11.983,4.4,2.39,32.69
94.8,1.5799999999999998,54.71,11.984,4.746,2.422,33.27
94.9,1.5816666666666668,54.13,11.987,4.762,2.468,33.01
95.0,1.5833333333333333,54.13,11.959,4.657,2.345,33.17
95.1,1.585,54.13,11.96,4.872,2.576,33.13
95.2,1.5866666666666667,54.04,11.957,5.282,2.595,33.63
95.3,1.5883333333333334,54.04,11.968,4.982,2.648,33.57
95.4,1.59,54.04,11.946,5.051,2.605,33.61
95.5,1.5916666666666666,54.04,11.986,5.065,2.619,33.64
95.6,1.5933333333333333,54.04,11.961,4.956,2.513,33.32
95.7,1.595,54.04,11.975,4.853,2.54,33.47
95.8,1.5966666666666667,54.04,11.981,4.213,2.235,32.85
95.9,1.5983333333333334,54.04,11.937,4.348,2.314,32.79
96.0,1.6,54.04,11.949,4.904,2.503,33.02
96.1,1.6016666666666666,54.04,11.96,4.328,2.231,32.98
96.2,1.6033333333333333,54.04,11.942,4.425,2.269,33.12
96.3,1.605,53.48,11.945,4.361,2.31,33.42
96.4,1.6066666666666667,53.48,11.925,4.18,2.146,32.79
96.5,1.6083333333333334,53.48,11.96,4.354,2.237,33.38
96.6,1.6099999999999999,53.45,11.941,4.025,2.028,32.43
96.7,1.6116666666666668,53.45,11.955,3.639,1.952,32.57
96.8,1.6133333333333333,53.45,11.928,3.739,1.962,33.24
96.9,1.615,53.45,11.966,3.925,1.899,32.68
97.0,1.6166666666666667,53.45,11.915,3.84,1.993,32.49
97.1,1.6183333333333332,53.45,11.965,3.767,1.931,32.42
97.2,1.62,53.45,11.933,3.755,1.946,33.23
97.3,1.6216666666666666,53.45,11.91,3.36,1.8,32.75
97.4,1.6233333333333335,53.16,11.954,3.859,2.049,32.6
97.5,1.625,53.16,11.931,3.586,1.801,32.46
97.6,1.6266666666666665,53.16,11.945,3.401,1.768,31.85
97.7,1.6283333333333334,53.16,11.941,3.73,1.771,32.62
97.8,1.63,53.16,11.938,3.14,1.678,32.71
97.9,1.6316666666666668,53.16,11.956,3.031,1.647,31.77
98.0,1.6333333333333333,53.16,11.971,3.386,1.741,32.74
98.1,1.635,53.16,11.898,3.475,1.844,32.68
98.2,1.6366666666666667,53.16,11.958,3.816,1.861,33.13
98.3,1.6383333333333332,53.16,11.917,3.705,1.92,32.53
98.4,1.6400000000000001,53.16,11.965,3.668,1.836,32.71
98.5,1.6416666666666666,53.16,11.963,3.472,1.857,32.87
98.6,1.6433333333333333,52.76,11.929,4.188,2.116,33.09
98.7,1.645,52.7,11.909,3.928,1.973,32.99
98.8,1.6466666666666667,52.7,11.913,4.17,2.068,32.88
98.9,1.6483333333333334,52.7,11.879,4.151,2.125,32.9
99.0,1.65,52.7,11.908,4.351,2.217,32.93
99.1,1.6516666666666666,52.7,11.969,3.977,2.032,32.88
99.2,1.6533333333333333,52.7,11.924,4.259,2.139,33.03
99.3,1.655,52.12,11.909,4.172,2.179,32.91
99.4,1.6566666666666667,52.12,11.932,4.372,2.227,32.56
99.5,1.6583333333333334,52.12,11.897,4.001,2.095,32.51
99.6,1.66,52.12,11.904,4.554,2.317,33.19
99.7,1.6616666666666666,52.12,11.902,4.1,2.13,33.23
99.8,1.6633333333333333,52.12,11.91,4.581,2.422,33.0
99.9,1.665,52.12,11.886,4.678,2.478,33.15
100.0,1.6666666666666667,52.12,11.926,5.012,2.52,33.47
100.1,1.6683333333333332,52.12,11.883,4.455,2.413,33.39
100.2,1.6700000000000002,52.12,11.902,4.841,2.623,33.8
100.3,1.6716666666666666,51.73,11.89,4.9,2.514,33.49
100.4,1.6733333333333333,51.73,11.869,4.718,2.522,33.32
100.5,1.675,51.73,11.95,4.884,2.578,33.22
100.6,1.6766666666666665,51.73,11.888,4.966,2.626,33.56
100.7,1.6783333333333335,51.73,11.886,5.512,2.745,33.72
100.8,1.68,51.64,11.898,5.319,2.834,33.72
100.9,1.6816666666666669,51.64,11.928,4.958,2.636,33.24
101.0,1.6833333333333333,51.64,11.897,5.289,2.798,33.94
101.1,1.6849999999999998,51.64,11.883,5.638,2.951,33.77
101.2,1.6866666666666668,51.64,11.908,5.636,2.932,33.49
101.3,1.6883333333333332,51.33,11.888,5.51,2.993,33.79
101.4,1.6900000000000002,51.33,11.853,5.518,2.869,33.53
101.5,1.6916666666666667,51.33,11.909,6.118,3.103,34.31
101.6,1.6933333333333331,51.11,11.863,5.373,2.938,34.06
101.7,1.695,51.11,11.894,5.977,3.116,34.23
101.8,1.6966666666666665,51.11,11.938,6.235,3.246,34.21
101.9,1.6983333333333335,51.11,11.892,6.302,3.325,34.08
102.0,1.7,51.11,11.884,6.13,3.252,34.07
102.1,1.7016666666666667,51.11,11.894,5.99,3.319,34.64
102.2,1.7033333333333334,51.11,11.875,6.269,3.236,34.54
102.3,1.7049999999999998,51.11,11.931,6.17,3.283,33.96
102.4,1.7066666666666668,51.11,11.885,6.489,3.452,34.17
102.5,1.7083333333333333,51.11,11.875,6.559,3.396,34.55
102.6,1.71,51.11,11.858,6.179,3.422,34.25
102.7,1.7116666666666667,51.11,11.883,6.267,3.32,34.31
102.8,1.7133333333333334,51.11,11.859,6.554,3.435,34.62
102.9,1.715,51.11,11.867,6.623,3.465,34.23
103.0,1.7166666666666666,51.11,11.904,6.385,3.34,34.16
103.1,1.7183333333333333,51.11,11.89,6.58,3.353,34.74
103.2,1.72,50.6,11.851,6.633,3.5,34.6
103.3,1.7216666666666667,50.6,11.841,6.522,3.389,34.39
103.4,1.7233333333333334,50.6,11.892,6.408,3.342,34.36
103.5,1.725,50.6,11.876,5.998,3.265,34.3
103.6,1.7266666666666666,50.6,11.873,6.141,3.296,34.31
103.7,1.7283333333333333,50.3,11.846,6.519,3.316,34.29
103.8,1.73,50.3,11.874,6.452,3.436,34.13
103.9,1.7316666666666667,50.3,11.863,6.174,3.268,34.46
104.0,1.7333333333333334,50.19,11.86,6.353,3.451,34.06
104.1,1.7349999999999999,50.19,11.841,6.061,3.223,34.7
104.2,1.7366666666666668,50.19,11.821,6.009,3.259,33.87
104.3,1.7383333333333333,50.19,11.847,6.25,3.346,34.15
104.4,1.74,50.04,11.876,6.216,3.25,34.56
104.5,1.7416666666666667,50.04,11.878,5.947,3.193,34.49
104.6,1.7433333333333332,49.82,11.871,6.056,3.239,34.21
104.7,1.745,49.82,11.843,6.357,3.276,33.71
104.8,1.7466666666666666,49.82,11.875,5.924,3.093,34.09
104.9,1.7483333333333335,49.82,11.856,6.123,3.201,33.72
105.0,1.75,49.82,11.853,6.183,3.202,34.15
105.1,1.7516666666666665,49.82,11.841,5.938,3.169,34.35
105.2,1.7533333333333334,49.82,11.831,6.104,3.251,34.43
105.3,1.755,49.82,11.849,5.699,3.137,34.02
105.4,1.7566666666666668,49.82,11.834,6.046,3.143,34.27
105.5,1.7583333333333333,49.73,11.864,5.974,3.166,34.32
105.6,1.76,49.73,11.853,6.08,3.212,34.13
105.7,1.7616666666666667,49.73,11.874,5.796,3.126,33.96
105.8,1.7633333333333332,49.73,11.823,6.234,3.255,34.62
105.9,1.7650000000000001,49.4,11.854,5.868,3.052,34.23
106.0,1.7666666666666666,49.4,11.841,6.113,3.218,34.56
106.1,1.7683333333333333,49.38,11.826,5.575,3.036,34.03
106.2,1.77,49.38,11.845,5.747,3.082,34.13
106.3,1.7716666666666667,49.38,11.826,5.903,3.115,34.34
106.4,1.7733333333333334,49.16,11.822,6.032,3.241,34.39
106.5,1.775,49.16,11.882,5.995,3.138,34.62
106.6,1.7766666666666666,49.16,11.875,5.865,3.024,34.26
106.7,1.7783333333333333,49.16,11.787,5.881,3.151,34.01
106.8,1.78,49.16,11.829,5.715,3.021,33.93
106.9,1.7816666666666667,49.16,11.828,5.554,2.965,33.7
107.0,1.7833333333333334,48.67,11.825,5.921,3.054,34.21
107.1,1.785,48.67,11.825,5.837,3.016,33.93
107.2,1.7866666666666666,48.67,11.817,6.155,3.075,33.97
107.3,1.7883333333333333,48.65,11.824,5.603,2.946,34.13
107.4,1.79,48.65,11.822,5.607,3.01,34.34
107.5,1.7916666666666667,48.65,11.826,5.787,3.021,33.68
107.6,1.7933333333333332,48.65,11.809,5.641,2.983,34.24
107.7,1.7950000000000002,48.63,11.824,5.631,2.949,34.04
107.8,1.7966666666666666,48.63,11.802,5.643,2.886,33.74
107.9,1.7983333333333333,48.38,11.78,5.673,3.004,33.85
108.0,1.8,48.38,11.795,5.666,2.933,33.97
108.1,1.8016666666666665,48.38,11.851,5.36,2.952,34.41
108.2,1.8033333333333335,48.09,11.765,5.602,2.875,34.04
108.3,1.805,48.09,11.801,5.526,2.894,34.33
108.4,1.8066666666666669,48.09,11.798,5.312,2.801,33.66
108.5,1.8083333333333333,48.09,11.791,5.426,2.881,34.14
108.6,1.8099999999999998,48.09,11.74,5.736,2.925,34.27
108.7,1.8116666666666668,48.09,11.807,5.391,2.862,33.69
108.8,1.8133333333333332,47.84,11.768,5.697,2.914,33.9
108.9,1.8150000000000002,47.84,11.786,5.388,2.86,33.99
109.0,1.8166666666666667,47.84,11.8,5.589,2.935,33.59
109.1,1.8183333333333331,47.84,11.819,5.385,2.801,33.86
109.2,1.82,47.84,11.814,5.359,2.675,33.53
109.3,1.8216666666666665,47.84,11.782,5.427,2.831,33.89
109.4,1.8233333333333335,47.49,11.815,5.323,2.774,33.94
109.5,1.825,47.49,11.784,5.152,2.7,33.9
109.6,1.8266666666666667,47.49,11.779,5.341,2.82,33.95
109.7,1.8283333333333334,47.49,11.792,5.231,2.779,33.73
109.8,1.8299999999999998,47.49,11.777,5.53,2.784,33.83
109.9,1.8316666666666668,47.49,11.776,5.36,2.712,33.65
110.0,1.8333333333333333,47.32,11.783,5.16,2.745,33.59
110.1,1.835,47.32,11.771,5.253,2.74,33.69
110.2,1.8366666666666667,47.32,11.774,5.294,2.852,33.7
110.3,1.8383333333333334,47.32,11.776,5.177,2.646,33.8
110.4,1.84,47.32,11.798,5.226,2.69,33.62
110.5,1.8416666666666666,47.32,11.791,5.194,2.71,33.37
110.6,1.8433333333333333,47.14,11.774,4.765,2.534,33.68
110.7,1.845,47.14,11.745,4.954,2.534,33.44
110.8,1.8466666666666667,47.06,11.812,5.462,2.826,33.52
110.9,1.8483333333333334,47.06,11.735,4.783,2.501,33.3
111.0,1.85,47.06,11.798,5.213,2.679,33.7
111.1,1.8516666666666666,46.61,11.784,4.741,2.556,33.45
111.2,1.8533333333333333,46.61,11.757,4.825,2.553,33.61
111.3,1.855,46.61,11.737,4.59,2.446,33.9
111.4,1.8566666666666667,46.61,11.806,4.856,2.523,33.25
111.5,1.8583333333333334,46.61,11.744,5.268,2.648,34.23
111.6,1.8599999999999999,46.61,11.761,4.743,2.464,33.56
111.7,1.8616666666666668,46.61,11.723,5.142,2.613,33.68
111.8,1.8633333333333333,46.61,11.749,4.944,2.581,33.08
111.9,1.865,46.61,11.766,5.127,2.708,33.68
112.0,1.8666666666666667,46.38,11.728,4.921,2.499,33.79
112.1,1.8683333333333332,46.38,11.732,5.115,2.638,33.48
112.2,1.87,46.38,11.765,5.156,2.602,33.39
112.3,1.8716666666666666,46.38,11.756,4.923,2.503,33.31
112.4,1.8733333333333335,46.38,11.711,4.5,2.387,33.42
112.5,1.875,45.96,11.728,4.739,2.635,33.53
112.6,1.8766666666666665,45.96,11.729,4.637,2.4,33.86
112.7,1.8783333333333334,45.96,11.782,4.598,2.465,33.32
112.8,1.88,45.96,11.732,4.755,2.568,33.74
112.9,1.8816666666666668,45.96,11.741,4.77,2.581,33.24
113.0,1.8833333333333333,45.96,11.717,4.578,2.419,33.38
113.1,1.885,45.96,11.752,4.738,2.478,33.81
113.2,1.8866666666666667,45.96,11.735,4.72,2.455,33.45
113.3,1.8883333333333332,45.91,11.726,5.162,2.564,33.92
113.4,1.8900000000000001,45.91,11.719,4.952,2.665,33.35
113.5,1.8916666666666666,45.91,11.755,4.461,2.312,33.14
113.6,1.8933333333333333,45.91,11.747,4.699,2.526,33.38
113.7,1.895,45.91,11.708,4.175,2.219,32.92
113.8,1.8966666666666667,45.91,11.754,4.706,2.443,33.41
113.9,1.8983333333333334,45.67,11.752,4.576,2.348,33.81
114.0,1.9,45.67,11.749,4.808,2.59,33.53
114.1,1.9016666666666666,45.67,11.776,4.827,2.438,33.66
114.2,1.9033333333333333,45.67,11.721,4.438,2.361,33.76
114.3,1.905,45.66,11.733,4.689,2.374,33.53
114.4,1.9066666666666667,45.66,11.739,4.546,2.362,33.4
114.5,1.9083333333333334,45.66,11.735,4.761,2.418,33.45
114.6,1.91,45.65,11.724,4.661,2.384,33.79
114.7,1.9116666666666666,45.65,11.731,4.665,2.444,33.74
114.8,1.9133333333333333,45.65,11.725,4.874,2.509,34.16
114.9,1.915,45.65,11.741,4.525,2.436,33.95
115.0,1.9166666666666667,45.29,11.738,4.242,2.277,32.89
115.1,1.9183333333333332,45.13,11.694,4.288,2.239,33.49
115.2,1.9200000000000002,45.13,11.722,4.611,2.303,34.02
115.3,1.9216666666666666,45.13,11.737,4.607,2.442,33.57
115.4,1.9233333333333333,45.13,11.723,4.415,2.326,33.42
115.5,1.925,45.13,11.688,4.628,2.293,33.22
115.6,1.9266666666666665,45.13,11.722,4.54,2.352,33.75
115.7,1.9283333333333335,45.09,11.71,4.301,2.222,33.07
115.8,1.93,44.68,11.695,4.204,2.239,33.31
115.9,1.9316666666666669,44.68,11.711,4.565,2.365,33.4
116.0,1.9333333333333333,44.54,11.702,4.502,2.295,33.56
116.1,1.9349999999999998,44.54,11.69,4.392,2.277,33.27
116.2,1.9366666666666668,44.54,11.723,4.592,2.333,33.4
116.3,1.9383333333333332,44.54,11.709,4.399,2.255,33.65
116.4,1.9400000000000002,44.54,11.735,4.461,2.242,33.42
116.5,1.9416666666666667,44.54,11.717,4.457,2.254,33.65
116.6,1.9433333333333331,44.54,11.721,4.485,2.334,33.28
116.7,1.945,44.54,11.693,4.517,2.285,33.84
116.8,1.9466666666666665,44.54,11.71,4.438,2.179,33.55
116.9,1.9483333333333335,44.1,11.692,4.377,2.244,33.69
117.0,1.95,43.91,11.719,4.321,2.315,33.55
117.1,1.9516666666666667,43.91,11.722,4.656,2.407,33.16
117.2,1.9533333333333334,43.91,11.719,4.165,2.16,32.62
117.3,1.9549999999999998,43.91,11.703,4.703,2.273,33.85
117.4,1.9566666666666668,43.91,11.692,4.387,2.22,33.28
117.5,1.9583333333333333,43.91,11.711,4.309,2.301,33.25
117.6,1.96,43.73,11.689,4.355,2.265,33.17
117.7,1.9616666666666667,43.73,11.702,4.69,2.342,33.44
117.8,1.9633333333333334,43.73,11.717,4.228,2.26,33.38
117.9,1.965,43.73,11.722,4.145,2.169,33.48
118.0,1.9666666666666666,43.73,11.703,4.195,2.164,33.22
118.1,1.9683333333333333,43.73,11.667,4.303,2.234,32.81
118.2,1.97,43.73,11.684,4.238,2.228,33.47
118.3,1.9716666666666667,43.73,11.642,4.603,2.382,33.61
118.4,1.9733333333333334,43.69,11.695,4.304,2.319,33.2
118.5,1.975,43.69,11.701,3.983,2.085,32.84
118.6,1.9766666666666666,43.23,11.661,4.19,2.202,32.96
118.7,1.9783333333333333,43.23,11.672,3.973,2.062,33.48
118.8,1.98,43.15,11.651,3.917,2.03,32.98
118.9,1.9816666666666667,43.15,11.689,4.288,2.216,33.66
119.0,1.9833333333333334,43.15,11.662,4.208,2.195,33.25
119.1,1.9849999999999999,43.15,11.687,3.961,2.063,33.38
119.2,1.9866666666666668,43.15,11.658,4.43,2.272,33.21
119.3,1.9883333333333333,43.14,11.67,4.107,2.056,32.94
119.4,1.99,43.14,11.641,4.077,2.036,33.19
119.5,1.9916666666666667,43.14,11.678,4.076,2.176,32.8
119.6,1.9933333333333332,43.14,11.671,4.171,2.135,32.96
119.7,1.995,42.57,11.627,4.166,2.099,33.41
119.8,1.9966666666666666,42.57,11.678,4.048,2.101,33.62
119.9,1.9983333333333335,42.54,11.642,4.168,2.119,33.34
120.0,2.0,42.54,11.673,4.023,2.084,32.8
120.1,2.0016666666666665,42.54,11.664,4.08,2.076,32.99
120.2,2.0033333333333334,42.54,11.651,3.593,1.933,33.0
120.3,2.005,42.54,11.65,3.901,1.971,33.11
120.4,2.006666666666667,42.54,11.615,4.059,2.122,33.84
120.5,2.0083333333333333,42.54,11.651,3.829,2.011,33.58
120.6,2.01,42.54,11.646,4.051,2.106,33.17
120.7,2.0116666666666667,42.54,11.658,4.295,2.155,33.91
120.8,2.013333333333333,42.06,11.648,4.051,2.022,33.0
120.9,2.015,42.06,11.621,4.049,2.068,33.01
121.0,2.0166666666666666,42.06,11.641,4.371,2.206,33.8
121.1,2.018333333333333,42.06,11.616,4.01,2.09,32.96
121.2,2.02,42.06,11.664,4.064,2.176,33.12
121.3,2.0216666666666665,42.06,11.643,3.935,2.145,33.58
121.4,2.0233333333333334,42.06,11.652,4.033,2.077,33.14
121.5,2.025,41.98,11.688,3.884,2.003,33.5
121.6,2.0266666666666664,41.86,11.64,3.791,1.939,33.28
121.7,2.0283333333333333,41.68,11.642,3.746,1.912,32.97
121.8,2.03,41.68,11.624,4.104,2.034,33.45
121.9,2.0316666666666667,41.68,11.615,3.835,2.027,33.42
122.0,2.033333333333333,41.41,11.614,3.749,1.97,33.29
122.1,2.0349999999999997,41.41,11.655,4.21,2.046,33.15
122.2,2.0366666666666666,41.41,11.589,3.853,1.924,33.38
122.3,2.038333333333333,41.41,11.608,3.961,2.056,32.62
122.4,2.04,41.41,11.595,3.588,1.965,32.91
122.5,2.0416666666666665,41.41,11.639,3.71,1.953,33.08
122.6,2.0433333333333334,41.22,11.6,3.764,1.95,33.33
122.7,2.045,41.22,11.637,3.772,1.937,33.45
122.8,2.0466666666666664,41.22,11.632,4.168,2.138,33.0
122.9,2.0483333333333333,41.22,11.6,3.517,1.804,32.81
123.0,2.05,41.22,11.59,3.929,1.942,33.17
123.1,2.0516666666666667,41.22,11.608,3.793,2.022,33.0
123.2,2.0533333333333332,41.04,11.628,3.815,1.974,33.23
123.3,2.055,41.04,11.59,3.611,1.887,33.18
123.4,2.0566666666666666,41.04,11.62,4.069,2.045,33.46
123.5,2.058333333333333,41.04,11.605,3.583,1.814,32.91
123.6,2.06,41.04,11.582,3.612,1.79,33.82
123.7,2.0616666666666665,41.04,11.635,3.797,1.94,32.84
123.8,2.0633333333333335,40.64,11.597,3.925,1.766,33.16
123.9,2.065,40.64,11.594,3.406,1.68,33.29
124.0,2.066666666666667,40.64,11.597,3.678,1.929,33.27
124.1,2.0683333333333334,40.49,11.578,3.728,1.907,33.3
124.2,2.07,40.38,11.584,3.655,1.893,33.38
124.3,2.0716666666666668,40.38,11.595,3.597,1.783,32.98
124.4,2.0733333333333333,40.38,11.588,3.697,1.825,33.12
124.5,2.075,40.38,11.59,3.44,1.721,33.22
124.6,2.0766666666666667,40.38,11.592,3.74,1.925,33.53
124.7,2.0783333333333336,40.38,11.568,3.524,1.838,32.67
124.8,2.08,40.38,11.588,3.768,1.822,33.01
124.9,2.0816666666666666,40.38,11.588,3.301,1.594,32.87
125.0,2.0833333333333335,40.38,11.575,3.191,1.803,33.03
125.1,2.085,40.38,11.558,3.628,1.846,32.75
125.2,2.086666666666667,40.23,11.581,3.457,1.812,33.2
125.3,2.0883333333333334,40.23,11.541,3.43,1.765,32.78
125.4,2.0900000000000003,40.23,11.562,3.543,1.69,33.21
125.5,2.091666666666667,40.23,11.592,3.133,1.651,32.84
125.6,2.0933333333333333,40.23,11.612,3.259,1.714,33.23
125.7,2.095,40.23,11.574,3.625,1.685,32.82
125.8,2.0966666666666667,40.23,11.595,3.231,1.661,32.98
125.9,2.0983333333333336,40.1,11.595,3.16,1.606,32.73
126.0,2.1,39.86,11.593,3.591,1.753,32.88
126.1,2.1016666666666666,39.86,11.606,2.961,1.513,32.92
126.2,2.1033333333333335,39.86,11.596,3.17,1.592,32.56
126.3,2.105,39.86,11.581,3.093,1.536,32.95
126.4,2.106666666666667,39.8,11.596,3.443,1.653,32.71
126.5,2.1083333333333334,39.8,11.566,3.116,1.673,32.48
126.6,2.11,39.3,11.565,3.162,1.646,32.98
126.7,2.111666666666667,39.3,11.559,3.155,1.595,33.35
126.8,2.1133333333333333,39.29,11.538,2.947,1.41,32.8
126.9,2.115,39.29,11.567,3.241,1.677,32.62
127.0,2.1166666666666667,39.29,11.586,3.127,1.54,32.87
127.1,2.118333333333333,39.29,11.586,2.898,1.478,32.58
127.2,2.12,39.29,11.567,2.909,1.476,32.49
127.3,2.1216666666666666,39.29,11.534,3.036,1.435,32.79
127.4,2.1233333333333335,39.13,11.549,2.943,1.484,32.82
127.5,2.125,38.72,11.553,3.289,1.463,33.1
127.6,2.1266666666666665,38.72,11.538,2.859,1.397,32.38
127.7,2.1283333333333334,38.72,11.54,2.611,1.209,32.9
127.8,2.13,38.72,11.58,2.908,1.399,32.59
127.9,2.131666666666667,38.72,11.567,2.684,1.428,32.13
128.0,2.1333333333333333,38.72,11.518,2.672,1.42,32.31
128.1,2.135,38.72,11.599,2.796,1.354,32.63
128.2,2.1366666666666663,38.72,11.573,2.67,1.391,32.31
128.3,2.1383333333333336,38.7,11.548,2.798,1.425,32.66
128.4,2.14,38.7,11.571,2.586,1.293,32.25
128.5,2.1416666666666666,38.7,11.555,2.774,1.436,32.85
128.6,2.143333333333333,38.7,11.544,2.512,1.15,32.48
128.7,2.145,38.7,11.585,2.542,1.193,32.39
128.8,2.146666666666667,38.52,11.53,2.499,1.21,32.68
128.9,2.1483333333333334,38.42,11.529,2.302,1.075,32.08
129.0,2.15,38.42,11.581,2.312,1.178,32.28
129.1,2.1516666666666664,38.42,11.563,2.828,1.346,32.78
129.2,2.1533333333333333,38.38,11.559,2.598,1.334,32.59
129.3,2.1550000000000002,38.36,11.538,2.701,1.23,32.57
129.4,2.1566666666666667,38.36,11.529,2.646,1.348,32.74
129.5,2.158333333333333,38.36,11.576,2.425,1.217,32.26
129.6,2.1599999999999997,38.36,11.509,2.503,1.146,32.44
129.7,2.1616666666666666,37.94,11.543,2.526,1.194,32.24
129.8,2.1633333333333336,37.94,11.538,2.258,1.151,32.28
129.9,2.165,37.94,11.518,2.549,1.209,32.18
130.0,2.1666666666666665,37.94,11.551,2.132,1.018,31.93
130.1,2.1683333333333334,37.94,11.551,2.473,1.206,32.43
130.2,2.17,37.94,11.52,2.314,1.078,32.08
130.3,2.171666666666667,37.94,11.54,2.481,1.171,32.63
130.4,2.1733333333333333,37.94,11.506,2.163,0.967,32.49
130.5,2.175,37.94,11.541,2.239,1.045,32.44
130.6,2.1766666666666667,37.29,11.477,2.27,1.073,32.5
130.7,2.1783333333333332,37.29,11.497,2.316,1.126,32.47
130.8,2.18,37.29,11.507,2.181,0.945,31.88
130.9,2.1816666666666666,37.29,11.496,2.301,1.164,32.06
131.0,2.183333333333333,37.29,11.527,2.432,1.057,32.5
131.1,2.185,37.11,11.514,2.298,0.964,32.07
131.2,2.1866666666666665,37.11,11.512,2.526,1.092,32.31
131.3,2.1883333333333335,37.11,11.482,2.067,0.991,32.19
131.4,2.19,37.11,11.519,2.467,1.063,32.52
131.5,2.191666666666667,37.11,11.488,2.498,1.144,32.07
131.6,2.1933333333333334,37.11,11.494,2.243,1.008,32.32
131.7,2.195,36.81,11.478,2.302,0.892,32.56
131.8,2.1966666666666668,36.81,11.484,1.923,0.888,32.22
131.9,2.1983333333333333,36.81,11.524,2.092,0.957,32.6
132.0,2.2,36.81,11.466,1.809,0.921,31.94
132.1,2.2016666666666667,36.81,11.5,1.51,0.82,32.2
132.2,2.203333333333333,36.81,11.537,1.813,0.821,32.61
132.3,2.205,36.81,11.494,2.001,0.916,32.36
132.4,2.2066666666666666,36.81,11.491,2.254,1.038,32.58
132.5,2.2083333333333335,36.77,11.556,1.468,0.628,32.12
132.6,2.21,36.77,11.477,1.654,0.884,31.43
132.7,2.2116666666666664,36.77,11.502,1.782,0.797,31.88
132.8,2.2133333333333334,36.65,11.476,1.992,0.865,32.45
132.9,2.2150000000000003,36.65,11.533,2.037,0.86,31.89
133.0,2.216666666666667,36.29,11.465,1.596,0.783,32.02
133.1,2.2183333333333333,36.29,11.509,1.427,0.685,31.98
133.2,2.2199999999999998,36.29,11.493,1.374,0.643,32.13
133.3,2.2216666666666667,36.29,11.49,1.29,0.592,31.73
133.4,2.2233333333333336,36.29,11.518,1.597,0.828,32.17
133.5,2.225,36.29,11.481,1.481,0.702,31.88
133.6,2.2266666666666666,36.23,11.466,1.684,0.663,32.4
133.7,2.228333333333333,36.23,11.503,1.383,0.672,31.67
133.8,2.23,36.13,11.467,1.111,0.575,31.53
133.9,2.231666666666667,36.13,11.493,1.517,0.695,32.01
134.0,2.2333333333333334,36.13,11.471,1.614,0.764,32.39
134.1,2.235,35.99,11.483,1.709,0.737,32.09
134.2,2.2366666666666664,35.99,11.49,1.127,0.509,31.67
134.3,2.2383333333333337,35.99,11.494,1.595,0.731,31.81
134.4,2.24,35.58,11.486,1.187,0.549,31.98
134.5,2.2416666666666667,35.58,11.447,0.984,0.445,31.43
134.6,2.243333333333333,35.58,11.478,1.222,0.488,31.68
134.7,2.2449999999999997,35.58,11.468,1.209,0.497,31.67
134.8,2.246666666666667,35.58,11.53,1.304,0.562,32.08
134.9,2.2483333333333335,35.58,11.481,1.225,0.48,31.54
135.0,2.25,35.58,11.449,1.106,0.503,31.47
135.1,2.2516666666666665,35.58,11.517,1.498,0.664,31.97
135.2,2.253333333333333,35.58,11.468,1.946,0.901,32.2
135.3,2.2550000000000003,35.58,11.493,1.796,0.752,31.73
135.4,2.256666666666667,35.06,11.494,1.705,0.907,31.82
135.5,2.2583333333333333,35.06,11.451,1.946,0.938,32.03
135.6,2.26,35.06,11.462,2.524,1.206,32.55
135.7,2.2616666666666663,35.06,11.429,1.855,0.903,31.93
135.8,2.2633333333333336,35.06,11.453,2.478,1.204,33.01
135.9,2.265,35.04,11.467,2.318,1.076,32.49
136.0,2.2666666666666666,34.97,11.43,2.503,1.192,32.84
136.1,2.268333333333333,34.97,11.435,2.42,1.293,32.57
136.2,2.27,34.97,11.443,3.066,1.618,32.94
136.3,2.271666666666667,34.97,11.446,2.414,1.363,32.67
136.4,2.2733333333333334,34.97,11.433,2.78,1.335,32.62
136.5,2.275,34.97,11.474,3.297,1.651,32.56
136.6,2.2766666666666664,34.95,11.429,3.237,1.542,33.09
136.7,2.2783333333333333,34.77,11.445,3.278,1.651,32.82
136.8,2.2800000000000002,34.77,11.433,3.276,1.73,33.34
136.9,2.2816666666666667,34.77,11.42,3.671,1.802,33.02
137.0,2.283333333333333,34.74,11.465,3.456,1.842,33.16
137.1,2.2849999999999997,34.74,11.435,3.788,1.938,33.33
137.2,2.2866666666666666,34.51,11.452,3.891,2.009,33.24
137.3,2.2883333333333336,34.51,11.403,4.188,2.108,33.47
137.4,2.29,34.51,11.44,4.13,2.067,33.49
137.5,2.2916666666666665,34.51,11.44,4.034,2.103,33.52
137.6,2.2933333333333334,34.19,11.391,4.063,2.14,33.56
137.7,2.295,34.19,11.406,4.494,2.334,33.77
137.8,2.296666666666667,34.19,11.437,4.449,2.344,33.73
137.9,2.2983333333333333,34.19,11.4,4.831,2.454,33.4
138.0,2.3,34.19,11.442,4.87,2.514,34.33
138.1,2.3016666666666667,34.19,11.406,5.269,2.668,34.4
138.2,2.3033333333333332,34.19,11.417,5.313,2.611,33.94
138.3,2.305,34.19,11.397,5.084,2.716,33.91
138.4,2.3066666666666666,34.18,11.434,4.945,2.621,33.5
138.5,2.308333333333333,33.88,11.421,5.204,2.693,33.45
138.6,2.31,33.88,11.458,5.416,2.816,34.21
138.7,2.3116666666666665,33.88,11.428,5.306,2.805,34.68
138.8,2.3133333333333335,33.55,11.432,5.527,3.019,34.43
138.9,2.315,33.55,11.411,5.859,2.919,34.65
139.0,2.316666666666667,33.55,11.416,5.876,3.092,34.62
139.1,2.3183333333333334,33.55,11.444,5.472,2.952,34.51
139.2,2.32,33.55,11.417,5.629,3.122,34.45
139.3,2.3216666666666668,33.55,11.424,6.308,3.244,34.66
139.4,2.3233333333333333,33.55,11.362,6.302,3.312,34.72
139.5,2.325,33.55,11.363,6.152,3.251,34.95
139.6,2.3266666666666667,33.47,11.402,6.3,3.403,34.77
139.7,2.328333333333333,33.47,11.409,6.45,3.424,34.48
139.8,2.33,33.21,11.406,6.28,3.349,35.0
139.9,2.3316666666666666,33.21,11.391,5.749,3.195,34.6
140.0,2.3333333333333335,33.21,11.425,6.295,3.152,35.21
140.1,2.335,33.21,11.392,5.851,3.055,34.64
140.2,2.3366666666666664,33.21,11.399,5.93,3.151,34.66
140.3,2.3383333333333334,33.18,11.412,5.883,3.167,34.61
140.4,2.3400000000000003,33.18,11.368,5.555,2.961,34.24
140.5,2.341666666666667,33.18,11.372,5.664,2.818,34.57
140.6,2.3433333333333333,33.18,11.377,5.604,2.921,34.34
140.7,2.3449999999999998,33.18,11.379,5.38,2.912,34.08
140.8,2.3466666666666667,32.84,11.413,5.067,2.589,34.12
140.9,2.3483333333333336,32.77,11.413,5.343,2.769,34.34
141.0,2.35,32.77,11.439,5.55,2.882,34.53
141.1,2.3516666666666666,32.55,11.347,5.189,2.725,34.4
141.2,2.353333333333333,32.55,11.371,5.057,2.655,34.7
141.3,2.355,32.18,11.428,4.994,2.594,34.05
141.4,2.356666666666667,32.18,11.411,4.949,2.598,34.43
141.5,2.3583333333333334,32.18,11.366,4.427,2.388,33.78
141.6,2.36,32.18,11.38,4.402,2.347,33.8
141.7,2.3616666666666664,32.18,11.407,4.617,2.398,34.1
141.8,2.3633333333333337,32.18,11.344,4.177,2.262,33.42
141.9,2.365,32.05,11.369,4.402,2.288,33.75
142.0,2.3666666666666667,32.05,11.376,3.978,2.066,33.69
142.1,2.368333333333333,32.05,11.371,4.402,2.23,33.41
142.2,2.3699999999999997,32.05,11.364,4.257,2.188,33.45
142.3,2.371666666666667,31.94,11.363,3.998,2.075,33.42
142.4,2.3733333333333335,31.94,11.351,3.927,2.036,33.48
142.5,2.375,31.94,11.341,4.137,2.103,33.81
142.6,2.3766666666666665,31.57,11.357,3.721,1.838,33.05
142.7,2.378333333333333,31.57,11.386,3.413,1.803,33.53
142.8,2.3800000000000003,31.57,11.364,3.244,1.739,33.26
142.9,2.381666666666667,31.57,11.352,3.347,1.744,33.3
143.0,2.3833333333333333,31.57,11.38,2.985,1.648,32.44
143.1,2.385,31.57,11.346,3.232,1.683,33.17
143.2,2.3866666666666663,31.57,11.346,3.241,1.579,32.89
143.3,2.3883333333333336,31.57,11.363,3.056,1.466,33.16
143.4,2.39,31.57,11.349,3.02,1.409,32.94
143.5,2.3916666666666666,31.57,11.349,3.152,1.581,32.93
143.6,2.393333333333333,31.57,11.328,2.89,1.429,32.65
143.7,2.395,31.51,11.376,2.688,1.367,32.71
143.8,2.396666666666667,31.51,11.348,2.645,1.339,32.91
143.9,2.3983333333333334,31.37,11.338,2.639,1.281,32.33
144.0,2.4,31.37,11.332,2.747,1.299,32.62
144.1,2.4016666666666664,31.37,11.382,2.573,1.235,32.64
144.2,2.4033333333333333,31.37,11.347,2.021,1.093,32.32
144.3,2.4050000000000002,31.33,11.348,2.205,1.026,32.37
144.4,2.4066666666666667,31.33,11.34,2.019,0.956,32.42
144.5,2.408333333333333,31.33,11.337,1.835,0.893,32.28
144.6,2.4099999999999997,30.98,11.366,2.218,1.057,31.97
144.7,2.4116666666666666,30.98,11.352,1.887,0.822,32.55
144.8,2.4133333333333336,30.98,11.322,1.548,0.685,31.74
144.9,2.415,30.98,11.351,1.525,0.73,32.38
145.0,2.4166666666666665,30.98,11.334,1.938,0.685,32.53
145.1,2.4183333333333334,30.98,11.334,1.528,0.726,31.65
145.2,2.42,30.98,11.333,1.398,0.58,32.04
145.3,2.421666666666667,30.62,11.33,1.61,0.644,32.48
145.4,2.4233333333333333,30.62,11.304,1.244,0.584,32.27
145.5,2.425,30.62,11.316,1.453,0.605,32.1
145.6,2.4266666666666667,30.44,11.343,1.325,0.628,31.78
145.7,2.4283333333333332,30.44,11.343,1.406,0.633,32.33
145.8,2.43,30.43,11.325,1.13,0.514,31.49
145.9,2.4316666666666666,30.43,11.36,1.12,0.338,31.48
146.0,2.433333333333333,30.43,11.342,0.894,0.424,31.92
146.1,2.435,30.43,11.311,1.263,0.501,31.64
146.2,2.4366666666666665,30.26,11.32,1.513,0.673,32.24
146.3,2.4383333333333335,30.26,11.323,1.113,0.587,31.59
146.4,2.44,30.26,11.298,1.685,0.654,32.05
146.5,2.441666666666667,29.73,11.287,1.253,0.569,32.24
146.6,2.4433333333333334,29.73,11.345,1.446,0.656,32.05
146.7,2.445,29.73,11.322,1.568,0.691,32.3
146.8,2.4466666666666668,29.73,11.29,1.309,0.623,31.94
146.9,2.4483333333333333,29.57,11.305,1.548,0.747,32.02
147.0,2.45,29.57,11.28,1.725,0.796,32.07
147.1,2.4516666666666667,29.57,11.286,1.492,0.723,31.87
147.2,2.453333333333333,29.57,11.301,1.826,0.842,32.4
147.3,2.455,29.57,11.296,2.103,0.918,32.58
147.4,2.4566666666666666,29.57,11.298,1.645,0.817,32.61
147.5,2.4583333333333335,29.57,11.284,1.613,0.837,32.25
147.6,2.46,29.57,11.304,1.789,0.838,32.22
147.7,2.4616666666666664,29.57,11.302,1.855,0.838,32.45
147.8,2.4633333333333334,29.57,11.302,2.045,0.926,32.8
147.9,2.4650000000000003,29.51,11.279,1.795,0.906,31.93
148.0,2.466666666666667,29.51,11.326,1.703,0.939,32.66
148.1,2.4683333333333333,29.51,11.293,2.073,0.927,32.26
148.2,2.4699999999999998,29.43,11.289,1.989,0.892,32.21
148.3,2.4716666666666667,29.3,11.281,2.217,0.965,33.2
148.4,2.4733333333333336,29.3,11.301,2.146,1.092,32.79
148.5,2.475,29.3,11.228,2.159,0.996,32.39
148.6,2.4766666666666666,29.3,11.309,2.335,1.064,32.84
148.7,2.478333333333333,28.77,11.294,2.367,1.273,32.99
148.8,2.48,28.77,11.323,2.688,1.257,33.02
148.9,2.481666666666667,28.77,11.255,2.517,1.137,33.02
149.0,2.4833333333333334,28.77,11.3,2.646,1.266,32.91
149.1,2.485,28.77,11.278,2.506,1.191,32.87
149.2,2.4866666666666664,28.77,11.296,2.905,1.399,32.7
149.3,2.4883333333333337,28.77,11.229,2.511,1.247,32.49
149.4,2.49,28.7,11.296,2.51,1.326,32.79
149.5,2.4916666666666667,28.7,11.277,2.805,1.455,32.59
149.6,2.493333333333333,28.7,11.241,2.623,1.304,32.99
149.7,2.4949999999999997,28.7,11.291,2.894,1.5,32.96
149.8,2.496666666666667,28.36,11.288,2.861,1.355,33.26
149.9,2.4983333333333335,28.06,11.303,2.885,1.465,33.2
150.0,2.5,28.06,11.283,2.89,1.448,32.88
150.1,2.5016666666666665,28.06,11.269,2.765,1.49,32.24
150.2,2.503333333333333,28.06,11.262,3.108,1.535,32.76
150.3,2.5050000000000003,28.06,11.244,2.987,1.542,33.05
150.4,2.506666666666667,28.06,11.258,3.164,1.492,33.67
150.5,2.5083333333333333,28.06,11.249,3.092,1.668,33.12
150.6,2.51,28.06,11.277,3.363,1.681,33.42
150.7,2.5116666666666663,28.06,11.233,3.403,1.752,33.3
150.8,2.5133333333333336,28.06,11.254,3.467,1.785,32.68
150.9,2.515,28.06,11.262,3.369,1.592,33.44
151.0,2.5166666666666666,28.06,11.247,3.704,1.828,33.42
151.1,2.518333333333333,28.06,11.251,3.533,1.855,33.01
151.2,2.52,27.51,11.235,3.586,1.734,33.59
151.3,2.521666666666667,27.51,11.221,3.611,1.884,33.42
151.4,2.5233333333333334,27.51,11.238,3.893,1.944,34.34
151.5,2.525,27.51,11.267,3.345,1.809,32.72
151.6,2.5266666666666664,27.51,11.254,3.44,1.767,33.14
151.7,2.5283333333333333,27.49,11.262,3.636,1.874,33.47
151.8,2.5300000000000002,27.49,11.238,4.131,2.152,33.66
151.9,2.5316666666666667,27.47,11.267,3.657,1.973,33.64
152.0,2.533333333333333,27.47,11.216,3.457,1.882,33.58
152.1,2.5349999999999997,27.35,11.221,3.867,1.984,33.72
152.2,2.5366666666666666,27.35,11.215,3.881,1.95,33.63
152.3,2.5383333333333336,27.29,11.238,3.943,2.023,33.48
152.4,2.54,27.04,11.23,4.015,2.088,33.74
152.5,2.5416666666666665,27.04,11.21,3.538,1.901,33.63
152.6,2.5433333333333334,27.04,11.214,4.153,2.16,33.81
152.7,2.545,27.04,11.205,4.316,2.27,33.36
152.8,2.546666666666667,26.96,11.219,4.11,2.166,34.18
152.9,2.5483333333333333,26.79,11.249,4.192,2.152,33.69
153.0,2.55,26.71,11.248,4.403,2.269,34.16
153.1,2.5516666666666667,26.71,11.218,4.089,2.08,33.63
153.2,2.5533333333333332,26.71,11.209,4.012,2.081,33.98
153.3,2.555,26.71,11.214,3.921,2.069,33.57
153.4,2.5566666666666666,26.71,11.208,4.174,2.167,34.18
153.5,2.558333333333333,26.71,11.237,4.239,2.21,34.17
153.6,2.56,26.71,11.229,4.008,2.171,33.55
153.7,2.5616666666666665,26.71,11.236,4.254,2.222,33.13
153.8,2.5633333333333335,26.71,11.251,4.136,2.244,33.88
153.9,2.565,26.71,11.208,4.049,2.216,33.49
154.0,2.566666666666667,26.71,11.243,3.998,2.111,33.96
154.1,2.5683333333333334,26.26,11.178,4.097,2.154,33.87
154.2,2.57,26.26,11.234,4.475,2.275,33.91
154.3,2.5716666666666668,26.26,11.204,4.023,2.09,33.49
154.4,2.5733333333333333,26.26,11.24,4.237,2.153,33.65
154.5,2.575,26.26,11.231,4.322,2.14,34.28
154.6,2.5766666666666667,26.26,11.217,4.196,2.158,34.08
154.7,2.578333333333333,26.26,11.185,4.097,2.086,33.73
154.8,2.58,26.26,11.183,3.928,2.063,33.76
154.9,2.5816666666666666,26.15,11.205,4.671,2.375,34.36
155.0,2.5833333333333335,26.15,11.221,4.347,2.246,33.89
155.1,2.585,26.15,11.199,4.107,2.113,33.34
155.2,2.5866666666666664,25.91,11.209,4.057,2.164,34.18
155.3,2.5883333333333334,25.91,11.193,4.185,2.223,33.76
155.4,2.5900000000000003,25.91,11.232,4.069,2.14,33.62
155.5,2.591666666666667,25.91,11.206,4.299,2.217,33.92
155.6,2.5933333333333333,25.33,11.175,4.239,2.118,33.64
155.7,2.5949999999999998,25.33,11.205,3.963,2.137,33.44
155.8,2.5966666666666667,25.33,11.172,4.139,2.159,33.88
155.9,2.5983333333333336,25.33,11.203,4.091,2.128,33.62
156.0,2.6,25.33,11.174,4.113,1.968,33.92
156.1,2.6016666666666666,25.33,11.209,4.171,2.166,33.95
156.2,2.603333333333333,25.33,11.19,4.164,2.184,34.34
156.3,2.605,25.33,11.157,4.348,2.201,33.89
156.4,2.606666666666667,25.33,11.21,3.912,2.083,33.72
156.5,2.6083333333333334,25.33,11.181,4.302,2.189,33.8
156.6,2.61,25.26,11.192,4.016,2.178,34.06
156.7,2.6116666666666664,25.19,11.173,4.173,2.019,33.98
156.8,2.6133333333333337,25.19,11.164,3.862,1.984,33.77
156.9,2.615,25.12,11.154,4.2,2.197,34.35
157.0,2.6166666666666667,25.12,11.2,3.887,2.082,33.76
157.1,2.618333333333333,24.96,11.182,4.307,2.238,34.01
157.2,2.6199999999999997,24.96,11.179,4.498,2.329,33.73
157.3,2.621666666666667,24.96,11.198,4.007,2.11,33.33
157.4,2.6233333333333335,24.96,11.168,4.222,2.101,33.77
157.5,2.625,24.96,11.199,4.136,2.155,33.87
157.6,2.6266666666666665,24.96,11.187,4.284,2.209,33.67
157.7,2.628333333333333,24.96,11.192,4.046,2.064,33.56
157.8,2.6300000000000003,24.69,11.16,4.517,2.254,34.27
157.9,2.631666666666667,24.69,11.14,4.27,2.233,33.79
158.0,2.6333333333333333,24.54,11.157,4.276,2.206,33.79
158.1,2.635,24.54,11.18,4.129,2.109,33.77
158.2,2.6366666666666663,24.33,11.149,4.376,2.225,33.73
158.3,2.6383333333333336,24.33,11.138,4.072,2.22,34.04
158.4,2.64,24.33,11.141,4.133,2.055,34.22
158.5,2.6416666666666666,24.33,11.151,4.454,2.317,34.32
158.6,2.643333333333333,24.33,11.147,4.036,2.125,34.19
158.7,2.645,24.33,11.119,4.215,2.178,33.42
158.8,2.646666666666667,24.16,11.189,3.858,2.106,33.93
158.9,2.6483333333333334,24.16,11.131,4.127,2.179,33.83
159.0,2.65,24.16,11.182,4.352,2.24,34.35
159.1,2.6516666666666664,24.16,11.154,4.208,2.082,33.76
159.2,2.6533333333333333,24.16,11.132,3.912,2.014,33.95
159.3,2.6550000000000002,24.16,11.147,4.142,2.11,34.33
159.4,2.6566666666666667,24.16,11.122,3.936,2.041,33.92
159.5,2.658333333333333,24.16,11.169,4.174,2.096,33.94
159.6,2.6599999999999997,24.16,11.167,4.134,2.158,33.84
159.7,2.6616666666666666,23.93,11.132,4.266,2.174,34.1
159.8,2.6633333333333336,23.93,11.202,4.385,2.293,33.99
159.9,2.665,23.93,11.159,3.997,2.12,33.52
160.0,2.6666666666666665,23.55,11.145,4.211,2.24,34.1
160.1,2.6683333333333334,23.55,11.128,4.149,2.183,34.32
160.2,2.67,23.55,11.155,4.656,2.343,34.31
160.3,2.671666666666667,23.55,11.157,5.087,2.448,34.74
160.4,2.6733333333333333,23.55,11.158,4.379,2.281,34.36
160.5,2.675,23.22,11.149,4.532,2.401,34.15
160.6,2.6766666666666667,22.84,11.145,4.388,2.236,34.04
160.7,2.6783333333333332,22.84,11.143,4.248,2.162,33.78
160.8,2.68,22.84,11.074,4.193,2.199,34.0
160.9,2.6816666666666666,22.84,11.107,4.463,2.186,34.24
161.0,2.683333333333333,22.84,11.107,4.448,2.247,33.87
161.1,2.685,22.84,11.11,4.579,2.315,34.11
161.2,2.6866666666666665,22.84,11.128,4.694,2.437,34.52
161.3,2.6883333333333335,22.84,11.087,4.657,2.412,34.07
161.4,2.69,22.84,11.121,4.744,2.404,34.47
161.5,2.691666666666667,22.84,11.116,4.352,2.345,34.15
161.6,2.6933333333333334,22.84,11.113,4.4,2.332,34.01
161.7,2.695,22.66,11.096,4.636,2.403,34.45
161.8,2.6966666666666668,22.66,11.084,4.485,2.423,34.29
161.9,2.6983333333333333,22.66,11.103,4.895,2.443,34.37
162.0,2.7,22.66,11.09,4.66,2.464,34.27
162.1,2.7016666666666667,22.66,11.135,4.632,2.436,34.33
162.2,2.703333333333333,22.4,11.1,4.483,2.302,34.27
162.3,2.705,22.4,11.067,4.761,2.378,34.42
162.4,2.7066666666666666,22.4,11.107,4.637,2.412,34.42
162.5,2.7083333333333335,22.4,11.096,4.933,2.625,34.29
162.6,2.71,22.4,11.123,4.627,2.466,34.6
162.7,2.7116666666666664,22.4,11.096,4.946,2.566,34.4
162.8,2.7133333333333334,22.4,11.107,4.982,2.64,34.41
162.9,2.7150000000000003,22.4,11.13,5.194,2.56,34.91
163.0,2.716666666666667,22.4,11.125,4.975,2.513,34.7
163.1,2.7183333333333333,22.4,11.112,4.478,2.533,33.69
163.2,2.7199999999999998,22.4,11.118,4.662,2.485,34.26
163.3,2.7216666666666667,22.4,11.107,5.027,2.603,34.68
163.4,2.7233333333333336,22.35,11.09,5.401,2.68,34.85
163.5,2.725,22.34,11.084,4.82,2.646,33.95
163.6,2.7266666666666666,22.34,11.1,5.059,2.673,34.33
163.7,2.728333333333333,22.34,11.095,5.269,2.68,34.44
163.8,2.73,22.31,11.147,5.246,2.794,34.78
163.9,2.731666666666667,22.31,11.131,4.978,2.594,34.68
164.0,2.7333333333333334,21.82,11.096,5.043,2.668,34.6
164.1,2.735,21.82,11.121,5.283,2.723,34.64
164.2,2.7366666666666664,21.82,11.073,5.168,2.778,34.38
164.3,2.7383333333333337,21.82,11.106,4.794,2.495,34.63
164.4,2.74,21.82,11.118,4.911,2.658,33.88
164.5,2.7416666666666667,21.09,11.065,5.268,2.695,34.78
164.6,2.743333333333333,21.09,11.07,5.125,2.64,34.71
164.7,2.7449999999999997,21.09,11.075,5.338,2.801,34.77
164.8,2.746666666666667,21.09,11.085,5.276,2.762,34.66
164.9,2.7483333333333335,21.09,11.047,5.206,2.724,34.65
165.0,2.75,21.09,11.068,5.001,2.636,34.66
165.1,2.7516666666666665,21.09,11.084,5.128,2.672,34.41
165.2,2.753333333333333,21.09,11.064,5.222,2.71,34.81
165.3,2.7550000000000003,21.09,11.061,5.397,2.836,34.74
165.4,2.756666666666667,21.09,11.06,5.113,2.714,34.59
165.5,2.7583333333333333,21.09,11.054,5.033,2.657,33.86
165.6,2.76,21.09,11.097,5.136,2.717,34.25
165.7,2.7616666666666663,21.09,11.078,5.389,2.797,34.68
165.8,2.7633333333333336,21.09,11.085,5.699,2.989,34.76
165.9,2.765,20.68,11.059,6.057,3.067,35.37
166.0,2.7666666666666666,20.68,11.077,5.39,2.839,34.37
166.1,2.768333333333333,20.68,11.038,5.645,2.964,35.2
166.2,2.77,20.68,11.058,5.646,3.012,35.1
166.3,2.771666666666667,20.68,11.064,5.737,3.014,35.01
166.4,2.7733333333333334,20.68,11.033,5.49,2.913,34.68
166.5,2.775,20.68,11.052,5.289,2.829,34.4
166.6,2.7766666666666664,20.68,11.108,5.549,2.905,34.54
166.7,2.7783333333333333,20.68,11.059,5.543,2.806,34.66
166.8,2.7800000000000002,20.68,11.034,5.57,2.986,34.86
166.9,2.7816666666666667,20.48,11.042,5.693,3.04,35.1
167.0,2.783333333333333,20.48,11.079,5.402,2.837,34.94
167.1,2.7849999999999997,20.3,11.032,5.723,2.996,35.22
167.2,2.7866666666666666,20.3,11.028,5.918,3.034,35.33
167.3,2.7883333333333336,20.3,11.057,5.842,3.122,34.86
167.4,2.79,20.3,11.047,5.941,3.143,34.96
167.5,2.7916666666666665,20.3,11.09,5.799,3.108,35.27
167.6,2.7933333333333334,20.3,11.035,5.595,3.0,34.68
167.7,2.795,20.07,11.06,5.709,3.037,35.21
167.8,2.796666666666667,20.04,11.045,5.878,3.174,35.07
167.9,2.7983333333333333,20.04,11.056,5.824,3.04,34.68
168.0,2.8,19.85,11.023,5.998,3.096,35.25
168.1,2.8016666666666667,19.85,11.056,6.06,3.236,35.23
168.2,2.8033333333333332,19.85,11.016,5.851,3.132,34.85
168.3,2.805,19.85,11.063,5.898,3.023,34.48
168.4,2.8066666666666666,19.68,11.038,5.889,3.12,35.14
168.5,2.808333333333333,19.68,11.034,6.247,3.206,35.4
168.6,2.81,19.49,11.053,5.622,3.151,35.12
168.7,2.8116666666666665,19.49,11.019,6.164,3.27,35.35
168.8,2.8133333333333335,19.49,11.012,6.099,3.291,35.03
168.9,2.815,19.49,11.009,5.898,3.147,34.67
169.0,2.816666666666667,19.49,11.014,6.1,3.17,35.18
169.1,2.8183333333333334,19.49,10.99,6.191,3.202,35.51
169.2,2.82,19.49,11.026,5.842,3.092,35.03
169.3,2.8216666666666668,19.49,11.019,6.162,3.196,34.95
169.4,2.8233333333333333,19.49,10.993,5.795,3.129,34.62
169.5,2.825,19.0,11.006,6.061,3.184,34.54
169.6,2.8266666666666667,19.0,10.99,5.77,3.051,35.07
169.7,2.828333333333333,19.0,10.99,5.504,3.006,34.98
169.8,2.83,19.0,11.018,6.168,3.201,34.72
169.9,2.8316666666666666,19.0,10.99,5.547,2.962,34.74
170.0,2.8333333333333335,19.0,11.023,5.682,2.963,35.33
170.1,2.835,19.0,11.001,5.477,2.929,34.32
170.2,2.8366666666666664,19.0,10.984,5.611,2.941,35.31
170.3,2.8383333333333334,18.98,11.032,5.536,2.87,35.18
170.4,2.8400000000000003,18.98,11.046,5.547,2.917,35.12
170.5,2.841666666666667,18.98,11.002,5.355,2.842,34.91
170.6,2.8433333333333333,18.98,11.045,5.487,2.843,34.99
170.7,2.8449999999999998,18.81,11.004,5.512,2.883,35.04
170.8,2.8466666666666667,18.55,10.998,5.444,2.888,35.26
170.9,2.8483333333333336,18.31,11.009,5.426,2.846,34.56
171.0,2.85,18.31,10.986,5.198,2.728,34.26
171.1,2.8516666666666666,18.31,10.98,5.29,2.796,34.26
171.2,2.853333333333333,18.29,10.986,5.324,2.733,34.84
171.3,2.855,18.29,10.953,5.387,2.711,35.07
171.4,2.856666666666667,18.12,11.018,4.844,2.56,34.32
171.5,2.8583333333333334,18.12,10.984,5.196,2.729,34.81
171.6,2.86,18.12,10.987,4.94,2.642,34.61
171.7,2.8616666666666664,18.12,11.012,5.119,2.767,34.96
171.8,2.8633333333333337,18.12,10.982,5.221,2.66,34.91
171.9,2.865,18.12,11.008,4.712,2.497,34.53
172.0,2.8666666666666667,18.01,11.005,4.756,2.454,34.29
172.1,2.868333333333333,18.01,10.978,4.876,2.634,34.43
172.2,2.8699999999999997,18.01,11.02,4.63,2.449,34.6
172.3,2.871666666666667,17.76,10.98,4.948,2.552,34.61
172.4,2.8733333333333335,17.76,10.974,4.766,2.45,34.79
172.5,2.875,17.76,10.973,5.043,2.621,34.47
172.6,2.8766666666666665,17.76,10.996,4.732,2.436,34.68
172.7,2.878333333333333,17.62,10.985,4.876,2.529,34.49
172.8,2.8800000000000003,17.54,10.994,4.904,2.492,34.66
172.9,2.881666666666667,17.54,10.972,4.689,2.326,33.99
173.0,2.8833333333333333,17.54,10.941,4.532,2.315,34.5
173.1,2.885,17.54,10.977,4.672,2.438,34.19
173.2,2.8866666666666663,17.54,10.971,4.309,2.297,34.5
173.3,2.8883333333333336,17.54,10.952,4.209,2.205,34.36
173.4,2.89,17.53,10.96,4.487,2.349,34.15
173.5,2.8916666666666666,17.51,10.984,4.856,2.436,34.9
173.6,2.893333333333333,17.35,10.99,4.081,2.205,34.45
173.7,2.895,17.23,10.973,4.339,2.298,34.66
173.8,2.896666666666667,17.23,10.965,4.046,2.151,34.36
173.9,2.8983333333333334,17.19,10.972,4.453,2.25,34.21
174.0,2.9,17.19,10.968,3.996,2.101,34.39
174.1,2.9016666666666664,17.19,10.969,4.046,2.204,33.75
174.2,2.9033333333333333,16.94,10.963,3.866,2.119,33.87
174.3,2.9050000000000002,16.94,10.921,4.005,2.039,34.12
174.4,2.9066666666666667,16.94,10.917,3.792,2.051,33.51
174.5,2.908333333333333,16.94,10.955,3.968,1.966,34.32
174.6,2.9099999999999997,16.94,10.936,3.839,1.897,34.1
174.7,2.9116666666666666,16.65,10.925,3.546,1.881,33.74
174.8,2.9133333333333336,16.65,10.942,3.745,1.939,33.36
174.9,2.915,16.65,10.923,3.604,1.836,33.64
175.0,2.9166666666666665,16.65,10.992,3.598,1.934,34.01
175.1,2.9183333333333334,16.65,10.927,3.603,1.919,33.97
175.2,2.92,16.63,10.949,3.626,1.892,33.6
175.3,2.921666666666667,16.58,10.955,3.558,1.815,33.46
175.4,2.9233333333333333,16.09,10.916,3.655,1.849,33.85
175.5,2.925,16.09,10.95,3.366,1.831,33.38
175.6,2.9266666666666667,16.09,10.94,3.794,1.928,33.53
175.7,2.9283333333333332,16.09,10.967,3.425,1.747,34.07
175.8,2.93,16.09,10.929,3.448,1.769,33.73
175.9,2.9316666666666666,16.09,10.922,3.426,1.771,33.81
176.0,2.933333333333333,16.09,10.934,3.598,1.767,33.76
176.1,2.935,16.09,10.92,3.555,1.707,34.03
176.2,2.9366666666666665,15.76,10.935,3.31,1.706,33.89
176.3,2.9383333333333335,15.76,10.919,3.562,1.827,33.76
176.4,2.94,15.38,10.935,3.134,1.683,33.44
176.5,2.941666666666667,15.38,10.941,3.48,1.797,33.65
176.6,2.9433333333333334,15.38,10.943,3.752,1.875,34.14
176.7,2.945,15.28,10.917,3.529,1.804,33.82
176.8,2.9466666666666668,15.28,10.875,3.12,1.546,33.25
176.9,2.9483333333333333,15.28,10.921,3.416,1.741,34.05
177.0,2.95,15.28,10.939,3.379,1.707,33.71
177.1,2.9516666666666667,15.28,10.922,3.437,1.701,33.86
177.2,2.953333333333333,15.28,10.881,3.117,1.516,33.9
177.3,2.955,15.28,10.901,3.115,1.696,33.67
177.4,2.9566666666666666,15.28,10.894,3.037,1.537,33.71
177.5,2.9583333333333335,15.28,10.898,3.038,1.717,33.48
177.6,2.96,15.28,10.931,3.357,1.699,33.85
177.7,2.9616666666666664,15.28,10.933,3.524,1.829,34.02
177.8,2.9633333333333334,15.28,10.926,3.116,1.605,33.65
177.9,2.9650000000000003,15.28,10.94,3.231,1.526,33.6
178.0,2.966666666666667,15.28,10.911,3.479,1.743,33.73
178.1,2.9683333333333333,14.65,10.893,3.567,1.741,33.76
178.2,2.9699999999999998,14.65,10.906,3.347,1.652,33.76
178.3,2.9716666666666667,14.65,10.889,3.746,1.803,33.82
178.4,2.9733333333333336,14.65,10.929,3.438,1.761,33.9
178.5,2.975,14.65,10.894,3.174,1.614,33.49
178.6,2.9766666666666666,14.65,10.921,3.349,1.7,33.95
178.7,2.978333333333333,14.65,10.91,3.661,1.704,33.92
178.8,2.98,14.65,10.884,3.384,1.743,33.57
178.9,2.981666666666667,14.65,10.895,3.504,1.779,33.91
179.0,2.9833333333333334,14.65,10.922,3.559,1.719,33.57
179.1,2.985,14.65,10.909,3.597,1.771,34.6
179.2,2.9866666666666664,14.65,10.892,3.561,1.845,33.67
179.3,2.9883333333333337,14.29,10.904,3.756,1.804,33.92
179.4,2.99,14.29,10.904,3.596,1.799,34.21
179.5,2.9916666666666667,14.26,10.87,3.728,1.808,33.81
179.6,2.993333333333333,14.26,10.913,3.678,1.836,33.69
179.7,2.9949999999999997,14.26,10.862,3.458,1.702,33.54
179.8,2.996666666666667,14.19,10.928,3.595,1.88,34.15
179.9,2.9983333333333335,14.19,10.901,3.704,1.797,33.66
180.0,3.0,14.19,10.868,3.634,1.899,34.31
180.1,3.0016666666666665,14.19,10.899,3.521,1.784,33.98
180.2,3.003333333333333,14.19,10.87,4.008,1.987,34.09
180.3,3.0050000000000003,14.19,10.898,3.759,1.944,34.25
180.4,3.006666666666667,14.19,10.898,3.606,1.829,33.88
180.5,3.0083333333333333,14.16,10.856,3.842,1.967,33.96
180.6,3.01,13.92,10.902,3.737,1.899,33.65
180.7,3.0116666666666663,13.89,10.876,4.179,2.116,33.88
180.8,3.0133333333333336,13.89,10.889,3.761,2.022,34.04
180.9,3.015,13.89,10.861,3.713,1.931,33.45
181.0,3.0166666666666666,13.89,10.88,4.192,2.024,33.85
181.1,3.018333333333333,13.89,10.874,3.693,2.015,33.56
181.2,3.02,13.7,10.85,4.049,2.125,34.14
181.3,3.021666666666667,13.7,10.864,4.121,2.07,33.86
181.4,3.0233333333333334,13.59,10.882,3.848,2.094,33.99
181.5,3.025,13.59,10.871,3.752,1.975,34.6
181.6,3.0266666666666664,13.59,10.892,4.055,2.14,34.16
181.7,3.0283333333333333,13.22,10.847,4.548,2.255,34.89
181.8,3.0300000000000002,12.77,10.834,4.066,2.15,34.2
181.9,3.0316666666666667,12.77,10.836,4.17,2.108,33.96
182.0,3.033333333333333,12.77,10.836,4.069,2.136,34.03
182.1,3.0349999999999997,12.77,10.81,4.006,2.058,33.97
182.2,3.0366666666666666,12.77,10.872,4.053,2.161,34.27
182.3,3.0383333333333336,12.77,10.864,3.849,2.07,34.21
182.4,3.04,12.77,10.831,4.154,2.173,34.26
182.5,3.0416666666666665,12.77,10.847,4.004,2.15,34.03
182.6,3.0433333333333334,12.77,10.834,4.105,2.126,34.0
182.7,3.045,12.77,10.827,4.365,2.25,34.25
182.8,3.046666666666667,12.73,10.85,4.122,2.096,33.99
182.9,3.0483333333333333,12.73,10.858,4.486,2.224,34.23
183.0,3.05,12.73,10.825,4.309,2.133,34.93
183.1,3.0516666666666667,12.73,10.834,4.481,2.397,34.64
183.2,3.0533333333333332,12.73,10.811,4.545,2.408,34.2
183.3,3.055,12.5,10.835,4.728,2.347,34.58
183.4,3.0566666666666666,12.5,10.877,4.723,2.461,34.66
183.5,3.058333333333333,12.5,10.871,4.549,2.386,34.46
183.6,3.06,12.34,10.842,4.77,2.412,34.43
183.7,3.0616666666666665,12.18,10.858,4.48,2.364,34.52
183.8,3.0633333333333335,12.18,10.845,4.653,2.356,34.57
183.9,3.065,12.18,10.828,4.705,2.467,34.69
184.0,3.066666666666667,12.18,10.797,4.854,2.444,34.94
184.1,3.0683333333333334,12.18,10.837,4.749,2.481,34.46
184.2,3.07,12.18,10.804,5.086,2.604,34.85
184.3,3.0716666666666668,12.18,10.805,5.044,2.565,34.66
184.4,3.0733333333333333,12.18,10.844,4.958,2.48,34.51
184.5,3.075,12.08,10.826,4.915,2.617,34.57
184.6,3.0766666666666667,12.08,10.828,4.939,2.603,34.77
184.7,3.078333333333333,12.08,10.839,4.936,2.67,34.58
184.8,3.08,11.91,10.822,4.837,2.635,34.42
184.9,3.0816666666666666,11.91,10.799,5.368,2.849,34.8
185.0,3.0833333333333335,11.91,10.835,5.601,2.935,35.16
185.1,3.085,11.91,10.815,5.352,2.723,35.33
185.2,3.0866666666666664,11.91,10.851,5.458,2.893,35.36
185.3,3.0883333333333334,11.91,10.805,5.783,2.919,34.85
185.4,3.0900000000000003,11.56,10.804,5.388,2.815,34.93
185.5,3.091666666666667,11.56,10.822,5.694,2.938,35.33
185.6,3.0933333333333333,11.56,10.822,5.8,3.073,35.15
185.7,3.0949999999999998,11.56,10.815,5.652,3.057,35.13
185.8,3.0966666666666667,11.56,10.814,6.104,3.119,35.21
185.9,3.0983333333333336,11.56,10.776,5.384,2.844,35.05
186.0,3.1,11.56,10.801,5.52,2.826,35.06
186.1,3.1016666666666666,11.4,10.818,5.398,2.857,34.81
186.2,3.103333333333333,11.4,10.79,5.428,2.81,35.17
186.3,3.105,11.18,10.82,5.197,2.732,35.16
186.4,3.106666666666667,11.18,10.799,5.022,2.647,34.92
186.5,3.1083333333333334,11.18,10.832,4.949,2.593,34.48
186.6,3.11,11.18,10.806,4.927,2.525,34.81
186.7,3.1116666666666664,11.18,10.849,4.759,2.558,34.84
186.8,3.1133333333333337,11.18,10.779,4.231,2.249,34.61
186.9,3.115,10.98,10.775,5.0,2.546,35.09
187.0,3.1166666666666667,10.98,10.781,4.394,2.324,34.67
187.1,3.118333333333333,10.98,10.793,4.281,2.2,34.32
187.2,3.1199999999999997,10.97,10.826,4.288,2.306,34.5
187.3,3.121666666666667,10.97,10.78,4.05,2.098,34.4
187.4,3.1233333333333335,10.72,10.803,4.372,2.189,34.46
187.5,3.125,10.72,10.749,4.043,2.075,34.31
187.6,3.1266666666666665,10.72,10.819,4.107,2.102,34.02
187.7,3.128333333333333,10.68,10.798,3.97,2.066,34.27
187.8,3.1300000000000003,10.68,10.779,4.009,2.054,34.11
187.9,3.131666666666667,10.5,10.785,3.431,1.859,33.83
188.0,3.1333333333333333,10.5,10.811,3.385,1.824,34.26
188.1,3.135,10.21,10.755,3.577,1.794,34.02
188.2,3.1366666666666663,10.21,10.78,3.02,1.63,33.7
188.3,3.1383333333333336,10.21,10.767,3.585,1.739,33.81
188.4,3.14,10.21,10.785,3.369,1.65,33.48
188.5,3.1416666666666666,10.19,10.774,2.818,1.48,33.21
188.6,3.143333333333333,10.19,10.773,2.974,1.632,33.52
188.7,3.145,9.88,10.779,2.874,1.593,33.49
188.8,3.146666666666667,9.88,10.783,2.722,1.326,33.01
188.9,3.1483333333333334,9.88,10.753,2.852,1.426,33.37
189.0,3.15,9.88,10.777,3.03,1.428,33.65
189.1,3.1516666666666664,9.8,10.789,2.772,1.343,33.29
189.2,3.1533333333333333,9.8,10.789,2.547,1.146,33.27
189.3,3.1550000000000002,9.8,10.778,2.312,1.061,33.25
189.4,3.1566666666666667,9.78,10.761,2.184,1.111,33.44
189.5,3.158333333333333,9.78,10.763,2.127,1.029,33.19
189.6,3.1599999999999997,9.78,10.723,2.025,1.016,33.43
189.7,3.1616666666666666,9.78,10.742,1.981,0.957,32.69
189.8,3.1633333333333336,9.78,10.775,1.954,0.955,33.33
189.9,3.165,9.57,10.772,1.831,0.868,32.9
190.0,3.1666666666666665,9.57,10.751,2.126,0.926,33.36
190.1,3.1683333333333334,9.57,10.782,2.395,1.202,33.77
190.2,3.17,9.46,10.81,1.918,0.98,33.23
190.3,3.171666666666667,9.15,10.745,2.157,1.076,33.25
190.4,3.1733333333333333,9.15,10.756,2.158,1.066,33.54
190.5,3.175,9.15,10.723,2.182,1.086,33.04
190.6,3.1766666666666667,9.15,10.706,2.115,1.022,33.38
190.7,3.1783333333333332,9.15,10.741,2.338,1.163,33.35
190.8,3.18,9.14,10.753,2.487,1.142,33.44
190.9,3.1816666666666666,8.73,10.698,2.635,1.238,33.29
191.0,3.183333333333333,8.73,10.724,2.658,1.363,33.54
191.1,3.185,8.73,10.707,2.646,1.239,33.54
191.2,3.1866666666666665,8.73,10.739,2.826,1.311,33.55
191.3,3.1883333333333335,8.73,10.732,2.448,1.195,33.42
191.4,3.19,8.6,10.733,2.558,1.312,33.06
191.5,3.191666666666667,8.6,10.742,2.965,1.453,33.88
191.6,3.1933333333333334,8.6,10.733,2.718,1.35,33.44
191.7,3.195,8.6,10.729,2.732,1.33,33.57
191.8,3.1966666666666668,8.6,10.765,2.732,1.423,33.36
191.9,3.1983333333333333,8.6,10.692,3.102,1.418,33.65
192.0,3.2,8.6,10.723,2.865,1.439,33.44
192.1,3.2016666666666667,8.6,10.742,2.981,1.455,33.97
192.2,3.203333333333333,8.6,10.766,3.232,1.669,33.62
192.3,3.205,8.44,10.722,2.958,1.467,33.47
192.4,3.2066666666666666,8.44,10.728,2.777,1.529,33.5
192.5,3.2083333333333335,8.21,10.763,2.92,1.543,33.34
192.6,3.21,8.21,10.713,3.087,1.714,33.49
192.7,3.2116666666666664,8.21,10.71,3.331,1.618,33.94
192.8,3.2133333333333334,8.21,10.735,3.321,1.771,33.95
192.9,3.2150000000000003,7.98,10.755,3.183,1.706,33.98
193.0,3.216666666666667,7.98,10.75,3.526,1.717,34.12
193.1,3.2183333333333333,7.8,10.718,3.171,1.628,33.58
193.2,3.2199999999999998,7.8,10.71,3.642,1.867,33.82
193.3,3.2216666666666667,7.8,10.707,3.741,1.84,34.39
193.4,3.2233333333333336,7.8,10.75,3.699,1.855,33.58
193.5,3.225,7.8,10.678,3.649,1.839,34.12
193.6,3.2266666666666666,7.68,10.671,3.694,1.841,34.28
193.7,3.228333333333333,7.68,10.714,3.306,1.799,34.17
193.8,3.23,7.68,10.661,4.061,2.002,34.67
193.9,3.231666666666667,7.68,10.748,4.015,1.974,34.58
194.0,3.2333333333333334,7.67,10.7,4.034,1.95,34.8
194.1,3.235,7.46,10.713,3.568,1.954,33.6
194.2,3.2366666666666664,7.46,10.702,3.872,2.04,34.16
194.3,3.2383333333333337,7.46,10.693,3.923,2.049,34.35
194.4,3.24,7.46,10.687,4.492,2.214,34.05
194.5,3.2416666666666667,7.45,10.717,4.277,2.171,34.29
194.6,3.243333333333333,7.45,10.671,4.272,2.087,34.77
194.7,3.2449999999999997,7.45,10.74,4.087,2.072,34.21
194.8,3.246666666666667,7.29,10.71,4.128,2.168,34.64
194.9,3.2483333333333335,7.29,10.74,3.999,2.14,34.48
195.0,3.25,7.29,10.698,4.275,2.245,34.78
195.1,3.2516666666666665,7.29,10.67,4.606,2.297,34.89
195.2,3.253333333333333,7.04,10.685,4.416,2.342,34.71
195.3,3.2550000000000003,7.04,10.705,4.32,2.35,34.69
195.4,3.256666666666667,6.95,10.664,4.527,2.328,34.43
195.5,3.2583333333333333,6.95,10.662,4.819,2.417,35.24
195.6,3.26,6.95,10.696,4.779,2.324,34.74
195.7,3.2616666666666663,6.95,10.685,4.8,2.415,34.62
195.8,3.2633333333333336,6.41,10.658,4.942,2.512,35.01
195.9,3.265,6.41,10.687,4.582,2.496,34.35
196.0,3.2666666666666666,6.4,10.672,4.574,2.398,35.2
196.1,3.268333333333333,6.4,10.662,4.637,2.433,35.31
196.2,3.27,6.4,10.722,4.68,2.422,35.05
196.3,3.271666666666667,6.4,10.687,5.091,2.722,34.77
196.4,3.2733333333333334,6.4,10.683,4.862,2.48,34.98
196.5,3.275,6.4,10.67,5.167,2.619,35.12
196.6,3.2766666666666664,6.4,10.689,5.361,2.803,35.04
196.7,3.2783333333333333,6.17,10.643,5.25,2.768,35.04
196.8,3.2800000000000002,6.17,10.671,5.39,2.813,35.3
196.9,3.2816666666666667,6.17,10.663,5.198,2.694,34.96
197.0,3.283333333333333,6.17,10.671,5.472,2.819,35.24
197.1,3.2849999999999997,6.17,10.645,5.652,3.03,35.37
197.2,3.2866666666666666,6.17,10.659,5.533,2.809,34.98
197.3,3.2883333333333336,6.17,10.658,5.475,2.871,35.18
197.4,3.29,6.17,10.685,5.391,2.839,35.11
197.5,3.2916666666666665,6.17,10.668,5.586,2.889,35.73
197.6,3.2933333333333334,5.88,10.676,5.521,2.946,35.33
197.7,3.295,5.88,10.655,5.903,3.053,35.63
197.8,3.296666666666667,5.88,10.671,5.726,2.87,35.48
197.9,3.2983333333333333,5.74,10.661,5.346,2.773,35.19
198.0,3.3,5.74,10.669,5.429,2.835,35.27
198.1,3.3016666666666667,5.74,10.671,5.274,2.794,35.13
198.2,3.3033333333333332,5.67,10.647,5.586,2.836,34.82
198.3,3.305,5.67,10.631,5.344,2.726,35.21
198.4,3.3066666666666666,5.67,10.641,4.734,2.564,34.68
198.5,3.308333333333333,5.54,10.639,5.106,2.604,34.99
198.6,3.31,5.54,10.655,4.888,2.593,34.69
198.7,3.3116666666666665,5.27,10.654,4.609,2.472,34.54
198.8,3.3133333333333335,5.27,10.659,4.552,2.367,34.73
198.9,3.315,5.27,10.625,4.529,2.393,34.61
199.0,3.316666666666667,5.03,10.637,4.501,2.256,34.72
199.1,3.3183333333333334,5.03,10.629,3.893,2.08,34.4
199.2,3.32,5.03,10.637,4.251,2.281,34.56
199.3,3.3216666666666668,5.03,10.652,3.816,2.017,34.33
199.4,3.3233333333333333,4.94,10.646,3.952,2.038,34.23
199.5,3.325,4.94,10.622,3.943,1.985,34.32
199.6,3.3266666666666667,4.94,10.613,3.64,1.928,34.35
199.7,3.328333333333333,4.49,10.639,3.592,1.878,34.13
199.8,3.33,4.49,10.606,3.225,1.73,34.1
199.9,3.3316666666666666,4.49,10.615,3.574,1.833,34.18
