voltage,current,temp,speed_mps,time,time_count,speed,lat,lng,sats,soc
13.21,4.50546185608856,28.1375648371398,1.79408900355916,17:26:10,3sec,3.5,22.8878,88.3974,4,23.1
13.21,4.44826419217396,28.1373635449102,1.75460770535771,17:26:11,4sec,3.5,22.8878,88.3974,4,32.4336668334167
13.1874590124515,4.43548979341712,28.2456933193672,1.86048035801594,17:26:17,10sec,3.5,22.8878,88.3974,4,41.7673336668334
13.21,4.34718846923639,28.3597953691843,1.71203924770759,17:26:18,11sec,3.5,22.8878,88.3974,4,51.1010005002501
13.1576041862495,4.95764870653904,27.9499698662081,1.97951054592061,17:26:19,12sec,3.5,22.8878,88.3974,4,60.4346673336668
13.178007316241,4.0542451013786,27.9659454790937,1.73973975917634,17:26:23,15sec,2.7016008004002,22.8878,88.3974,4,62.3090045022511
13.184406965377,3.91520338153988,28.2573250306173,1.51772008135985,17:26:23,16sec,1.84192096048024,22.8878,88.3974,4,63.6108054027014
13.21,4.73513876547242,28.2191227886733,1.8924336885548,17:26:23,16sec,0.98224112056028,22.8878,88.3974,4,64.9126063031516
13.126481216464,4.7887446120555,28.0775602647821,1.98794998902287,17:26:24,17sec,0.12256128064032,22.8878,88.3974,4,66.2144072036018
13.131848388576,4.58573453178059,28.3512623394709,1.95414409138755,17:26:25,18sec,0,22.8878,88.3974,4,66.9896948474237
13.21,4.62103395035497,28.0555113013636,2.00438199592248,17:26:26,19sec,0,22.8878,88.3974,4,67.6774387193597
13.2011203105765,5.01419987471044,28.3278543242014,2.13234064949525,17:26:27,20sec,0,22.8878,88.3974,4,68.3651825912957
13.1670046638321,4.50714024950326,28.1639505201396,1.91172844171678,17:26:28,21sec,0,22.8878,88.3974,4,69.0529264632316
13.1638247214125,4.96998358477295,28.5655728389717,1.98396743562427,17:26:29,22sec,0.675837918959479,22.8878,88.3974,4,67.0566283141571
13.2054621091211,4.58663277797822,28.0888916268044,1.82305491330871,17:26:30,23sec,1.53551775887944,22.8878,88.3974,4,64.3302151075538
13.1024734094647,5.06603298255996,27.5321995655488,2.19335893045522,17:26:31,24sec,2.3951975987994,22.8878,88.3974,4,61.6038019009505
13.1443248497042,4.88781837310082,28.3908329046707,2.12311012778752,17:26:32,25sec,3.25487743871936,22.8878,88.3974,4,58.8773886943472
13.21,4.66435816205848,28.3745155107504,1.91224130846854,17:26:33,26sec,2.88544272136068,22.8878,88.3974,4,60.1368184092046
13.1940211587376,5.06246078321554,28.2671964175413,2.09698831281832,17:26:34,27sec,2.02576288144072,22.8878,88.3974,4,62.9860430215108
13.21,5.44798106556258,27.9947791962449,2.14672394651437,17:26:35,28sec,1.16608304152076,22.8878,88.3974,4,65.8352676338169
13.2099851283357,4.55270087385788,27.3942219056102,2.02321700364439,17:26:36,29sec,0.3064032016008,22.8878,88.3974,4,68.6844922461231
13.21,5.43175677815525,28.3384166202614,2.17323159847156,17:26:37,30sec,0.553276638319159,22.8878,88.3974,4,67.8662831415708
13.1561301556709,5.19089129718355,28.0923539077596,2.15264172362717,17:26:38,31sec,1.41295647823912,22.8878,88.3974,4,65.0170585292646
13.1897473753714,5.26363256398511,28.770549728166,2.13418180302957,17:26:39,32sec,2.27263631815908,22.8878,88.3974,4,62.1678339169585
13.21,4.93408733791071,28.436066698552,2.06291668160763,17:26:40,33sec,3.13231615807904,22.8878,88.3974,4,59.3186093046523
13.1374365400247,5.06416619346416,27.6988957401335,2.14761182898209,17:26:41,34sec,3.5,22.8878,88.3974,4,57.4252626313157
13.1808495742754,4.865920226882,28.8980116961084,2.07927689751922,17:26:42,35sec,3.5,22.8878,88.3974,4,56.2462731365683
13.21,5.25844991629069,28.5029618760703,2.35486966028489,17:26:43,36sec,3.5,22.8878,88.3974,4,55.0672836418209
13.1637694436113,5.37140907272497,28.4927035101912,2.18699989892482,17:26:44,37sec,3.5,22.8878,88.3974,4,53.8882941470735
13.21,5.33155685687415,28.2646800964584,2.36227210886314,17:26:45,38sec,3.5,22.8878,88.3974,4,53.7430215107554
13.1932034659115,5.51640180224396,27.9511209148315,2.31778494460952,17:26:46,39sec,3.5,22.8878,88.3974,4,54.6272636318159
13.1909613582604,5.57459518702842,27.9359687398078,2.37698398147914,17:26:47,40sec,3.5,22.8878,88.3974,4,55.5115057528764
13.1932705072624,5.93006249215773,28.5069266358918,2.51150250388057,17:26:48,41sec,3.5,22.8878,88.3974,4,56.395747873937
13.1441694280884,5.41019685459518,28.1750922100631,2.33063720962044,17:26:49,42sec,3.5,22.8878,88.3974,4,56.8788894447224
13.0082812966549,5.43582026309742,28.3415927358829,2.24323326754678,17:26:50,43sec,3.5,22.8878,88.3974,4,56.8297648824412
13.182418741564,6.04565326157382,29.2408127934511,2.48183736992652,17:26:51,44sec,3.5,22.8878,88.3974,4,56.7806403201601
13.1694974321943,5.95887741992385,28.2609962466752,2.4307127004336,17:26:52,45sec,3.5,22.8878,88.3974,4,56.731515757879
13.1382119982227,5.87120399995408,28.1619592616904,2.45280010844296,17:26:53,46sec,3.5,22.8878,88.3974,4,56.7968484242121
13.1738554228538,5.64386917258438,28.2215411938968,2.33336805913911,17:26:55,47sec,3.5,22.8878,88.3974,4,57.0670335167584
13.1278775716378,5.96368857956174,28.4142361758169,2.48374203947445,17:26:55,48sec,3.5,22.8878,88.3974,4,57.3372186093047
13.1764385190632,6.18508419306937,28.5605247877436,2.66749564393909,17:26:57,49sec,3.5,22.8878,88.3974,4,57.6074037018509
13.21,5.91965065097729,28.6189612032897,2.52428955218378,17:26:57,50sec,3.5,22.8878,88.3974,4,57.3485742871436
13.1939974040383,6.35014062910609,28.760846925023,2.62720908838999,17:26:58,51sec,3.5,22.8878,88.3974,4,55.7765882941471
13.169370511976,6.29284386057353,28.4231160240844,2.62687021434875,17:26:59,52sec,3.5,22.8878,88.3974,4,54.2046023011506
13.21,6.2504335961918,28.6401504846195,2.65240243229322,17:27:00,53sec,3.5,22.8878,88.3974,4,52.6326163081541
13.1650555732497,6.40119012884001,28.5408033649876,2.73239352178714,17:27:01,54sec,3.5,22.8878,88.3974,4,51.8136068034017
13.21,5.53805161857501,28.9131446312851,2.37800432676835,17:27:03,55sec,3.5,22.8878,88.3974,4,53.7294647323662
13.0642200936686,6.36699590358154,28.8448289062577,2.67612993899726,17:27:03,56sec,3.5,22.8878,88.3974,4,55.6453226613307
13.1026750271541,6.5593182633466,28.3728007685507,2.74000735696722,17:27:04,57sec,3.5,22.8878,88.3974,4,57.5611805902952
13.1866765340746,6.64513071520973,28.7505719154522,2.85365739843036,17:27:05,58sec,3.5,22.8878,88.3974,4,59.2497248624312
13.1195378696419,6.7708388225248,28.0778321529563,2.87074970251554,17:27:06,59sec,3.5,22.8878,88.3974,4,59.5935967983992
13.1398288360268,6.41240562860916,28.7543384556311,2.71337133944603,17:27:07,60sec,3.5,22.8878,88.3974,4,59.9374687343672
13.1452439072228,6.89826406156113,28.8159599601417,2.90828421716927,17:27:08,61sec,3.5,22.8878,88.3974,4,60.2813406703352
13.1374433911408,6.86412348622099,28.8099213229624,2.88252447561236,17:27:09,62sec,3.5,22.8878,88.3974,4,60.5747873936969
13.20480660307,6.31467614404929,28.4928640517117,2.71854840350344,17:27:10,63sec,3.5,22.8878,88.3974,4,60.2309154577289
13.1524259309584,6.61270462226867,28.6997504493049,2.77378140400231,17:27:11,64sec,3.5,22.8878,88.3974,4,59.8870435217609
13.1500784777141,6.37547576851958,27.893839222089,2.85153852758921,17:27:15,68sec,3.5,22.8878,88.3974,4,59.5431715857929
13.1226069943764,6.33149660658307,28.538699668542,2.73237925120223,17:27:15,68sec,3.5,22.8878,88.3974,4,59.1995497748874
13.182636220232,6.55074761469927,28.4416256231417,2.77225893329231,17:27:16,69sec,3.5,22.8878,88.3974,4,58.9784892446223
13.1579998333495,6.77135779829041,28.8851782542498,2.8361509543489,17:27:17,70sec,3.5,22.8878,88.3974,4,58.7574287143572
13.1723824471475,6.64816733568039,28.6609073060269,2.71243476767891,17:27:18,71sec,3.5,22.8878,88.3974,4,58.536368184092
13.1744158742264,6.58123247132773,28.4764571731566,2.84617618160979,17:27:19,72sec,3.5,22.8878,88.3974,4,58.3153076538269
13.0870622245848,6.75529814552709,29.521725171599,2.86740784346147,17:27:20,73sec,3.5,22.8878,88.3974,4,56.4710855427714
13.1222156732732,6.81878516536307,29.0080153490503,2.91312875252947,17:27:26,79sec,3.5,22.8878,88.3974,4,54.5061030515258
13.1425856208162,7.07939788991181,28.3335558692088,2.9973205511311,17:27:27,80sec,3.5,22.8878,88.3974,4,52.5411205602801
13.0826197943613,6.7045395722173,28.464813135964,2.8836419427699,17:27:29,81sec,3.5,22.8878,88.3974,4,50.5761380690345
13.0786941449227,6.97425574038735,28.3468382617813,3.03219385217294,17:27:33,85sec,3.5,22.8878,88.3974,4,49.835567783892
13.1808849810334,7.12824191691159,29.1873944947216,3.12283452024334,17:27:33,86sec,3.5,22.8878,88.3974,4,49.2951975987994
13.0908948115815,6.645975866495,28.8350334243967,2.84483238488103,17:27:34,87sec,3.5,22.8878,88.3974,4,48.7548274137069
13.124567435777,7.05140415408808,29.344605140156,3.02020377689039,17:27:35,88sec,3.5,22.8878,88.3974,4,48.2144572286143
13.0945743382639,6.78362134987713,28.7627899717398,2.82455298701327,17:27:44,97sec,3.5,22.8878,88.3974,4,48.6227113556778
13.1201206351551,7.0093764483155,29.1796871137532,3.01479520274931,17:27:45,97sec,3.5,22.8878,88.3974,4,49.2858929464732
13.1322337547698,7.1751032450314,29.1644270870198,3.07842357942397,17:27:46,99sec,3.5,22.8878,88.3974,4,49.9490745372686
13.0951835208953,6.79410625374859,29.0078778225753,2.86952029311187,17:27:46,99sec,3.5,22.8878,88.3974,4,50.612256128064
13.1447193582246,7.20986389438805,29.200786799326,3.15119095141331,17:27:57,109sec,3.5,22.8878,88.3974,4,50.711955977989
13.1439179607564,6.87681699181581,29.2069787417035,2.9651071039141,17:27:57,110sec,3.5,22.8878,88.3974,4,50.5891445722861
13.1402204567011,7.53983521576246,28.5788448478695,3.19225449030889,17:27:58,111sec,3.5,22.8878,88.3974,4,50.4663331665833
13.1160774330951,6.60022920092694,28.5769105902714,2.8414309732334,17:27:59,112sec,3.5,22.8878,88.3974,4,50.3435217608804
13.1112827986633,6.83068674750537,29.3989187034124,2.97376437666887,17:28:03,116sec,3.5,22.8878,88.3974,4,50.4744372186093
13.0092286032031,7.04640291983816,29.2367736480321,3.07761644457978,17:28:06,119sec,3.5,22.8878,88.3974,4,50.7446223111556
13.144980056139,7.3480143206644,29.2796998196135,3.10659839096606,17:28:06,119sec,3.5,22.8878,88.3974,4,51.0148074037019
13.0961490056996,6.82365873325026,29.1504086265054,3.01667120407762,17:28:07,120sec,3.5,22.8878,88.3974,4,51.2849924962481
13.1156252824665,7.36432054075852,29.0431243697599,3.2306162980938,17:28:13,126sec,3.5,22.8878,88.3974,4,51.4705352676338
13.0578955699152,7.61478112234701,28.6339997719119,3.2218268213339,17:28:14,127sec,3.5,22.8878,88.3974,4,51.5933466733367
13.0384265949401,7.34761469390699,29.2261705543552,3.17931690080532,17:28:15,128sec,3.5,22.8878,88.3974,4,51.7161580790395
13.0310758942564,7.42087366670337,29.1815251417924,3.22200039476538,17:28:16,129sec,3.5,22.8878,88.3974,4,51.8389694847424
13.1702161384472,6.93322997058056,29.359193232274,3.01001830991965,17:28:17,130sec,3.5,22.8878,88.3974,4,51.628164082041
13.1924273214917,7.61338261822175,29.2836612115667,3.18291030784966,17:28:18,131sec,3.5,22.8878,88.3974,4,51.0877938969485
13.1109470204174,8,29.2632175186356,3.42450776705083,17:28:19,132sec,3.5,22.8878,88.3974,4,50.5474237118559
13.123408601959,7.00007633531394,29.0949065376953,2.99179926548751,17:28:20,133sec,3.5,22.8878,88.3974,4,50.0070535267634
13.1120174066404,7.90693332032152,29.2870724727624,3.44585560280038,17:28:21,134sec,3.5,22.8878,88.3974,4,49.5833416708354
13.077538677078,7.71882818537849,28.9675569591466,3.40842529738321,17:28:25,137sec,3.5,22.8878,88.3974,4,49.3131565782892
13.0648829860161,7.5527572887582,30.0220129828784,3.17710985324145,17:28:25,138sec,3.5,22.8878,88.3974,4,49.0429714857429
13.0833596069449,7.40128021115864,29.3005036371532,3.06349049112495,17:28:29,142sec,3.5,22.8878,88.3974,4,48.7727863931966
13.0477516223906,6.97711039628437,29.6727925590841,2.96282700141158,17:28:29,142sec,3.5,22.8878,88.3974,4,48.7770885442721
13.0611913981175,7.77297683059542,29.163216630685,3.37888682940483,17:28:32,145sec,3.5,22.8878,88.3974,4,49.2683341670835
13.051114882946,8,29.2367479788777,3.49788394773453,17:28:32,145sec,3.5,22.8878,88.3974,4,49.759579789895
13.1115195361744,7.20435140299168,29.7213918113372,3.10890382747967,17:28:33,146sec,3.5,22.8878,88.3974,4,50.2508254127064
13.1295481830194,7.84140455658164,29.4192551652701,3.26465705977239,17:28:34,147sec,3.5,22.8878,88.3974,4,50.3797898949475
13.027186985557,7.73278299190425,29.13580963288,3.31475580737943,17:28:45,158sec,3.5,22.8878,88.3974,4,49.6183591795898
13.0594832370582,6.81503641002296,29.4557703460954,2.95697106539397,17:28:48,160sec,3.5,22.8878,88.3974,4,48.8569284642321
13.1154411057092,7.31614407021414,29.6285190460619,3.20442680997787,17:28:53,165sec,3.5,22.8878,88.3974,4,48.0954977488744
13.0338706482906,7.90901755494642,29.2352101787888,3.32126248262531,17:28:54,167sec,3.5,22.8878,88.3974,4,47.4411205602801
12.9834397936557,8,29.5127345475478,3.39344260811838,17:28:55,168sec,3.5,22.8878,88.3974,4,47.1709354677339
13.0714963985965,7.43174188082269,28.8967529117435,3.2949893825867,17:28:56,169sec,3.5,22.8878,88.3974,4,46.9007503751876
13.1005489824776,8,28.9218301823042,3.5,17:28:57,169sec,3.5,22.8878,88.3974,4,46.6305652826413
12.9606015150235,7.60488785001227,29.7959456049397,3.33482758663493,17:28:57,170sec,3.5,22.8878,88.3974,4,46.5188594297149
13.0774160831387,7.9733696665775,29.2170176059775,3.42316225847087,17:28:58,171sec,3.5,22.8878,88.3974,4,47.3294147073537
12.9633787658843,7.18094861800654,29.2950488825192,3.13934450787664,17:28:59,172sec,3.5,22.8878,88.3974,4,48.1399699849925
13.0775978144727,8,29.6127278638854,3.5,17:29:00,173sec,3.5,22.8878,88.3974,4,48.9505252626313
13.028786601449,7.92531470947535,29.467509928622,3.45398957889342,17:29:01,174sec,3.5,22.8878,88.3974,4,49.6333666833417
12.9839718193592,7.68665304057487,29.8586083682753,3.24042238117329,17:29:05,178sec,3.5,22.8878,88.3974,4,48.7491245622811
13.0038733551509,8,29.5684944622316,3.4123270001974,17:29:06,179sec,3.5,22.8878,88.3974,4,47.8648824412206
13.0925830321375,8,28.9176818756505,3.5,17:29:09,182sec,3.5,22.8878,88.3974,4,46.9806403201601
13.0195307219936,7.73608860201299,29.7944560329117,3.242620558827,17:29:10,182sec,3.49649824912456,22.8878,88.3974,4,46.1175087543772
13.0458669553592,7.81439306098376,29.3795451830326,3.45026853594619,17:29:18,191sec,2.6368184092046,22.8878,88.3974,4,50.415907953977
12.9788841101029,7.76539163820983,29.3063250058588,3.35450009609815,17:29:19,191sec,1.77713856928464,22.8878,88.3974,4,54.7143071535768
13.0827438664193,7.85077725170552,28.9430749956771,3.38747967241406,17:29:20,192sec,0.917458729364684,22.8878,88.3974,4,59.0127063531766
13.1063523515113,8,29.3954939108781,3.5,17:29:23,196sec,0.0577788894447249,22.8878,88.3974,4,63.3111055527764
13.1067381846331,7.99016542892647,29.150003936603,3.34494692375923,17:29:24,196sec,0.609444722361178,22.8878,88.3974,4,61.0568284142071
13.0470158299494,8,29.6638279774517,3.5,17:29:25,197sec,1.26280140070036,22.8878,88.3974,4,58.3304152076038
13.0458815629463,7.68800902484681,29.2771906510182,3.28868467538769,17:29:29,201sec,1.91615807903953,22.8878,88.3974,4,55.6040020010005
13.1288650884137,8,29.8565649193576,3.5,17:29:29,202sec,2.5695147573787,22.8878,88.3974,4,52.8775887943972
13.0690256759881,7.63446394099563,29.6799931524498,3.33535931685593,17:29:30,202sec,2.66,22.8878,88.3974,4,52.5634817408704
13.0976704981952,8,29.5181380117665,3.5,17:29:31,203sec,2.66,22.8878,88.3974,4,52.6371685842922
13.0994705871963,8,30.1114134479884,3.5,17:29:32,205sec,2.66,22.8878,88.3974,4,52.7108554277139
13.0475752766159,8,29.2539838353956,3.5,17:29:33,206sec,2.66,22.8878,88.3974,4,52.7845422711356
13.0605010647601,7.37209630650098,29.611889793856,3.32197220135815,17:29:34,206sec,2.66,22.8878,88.3974,4,52.8582291145573
13.0737158230211,7.97041581262591,29.6387823444111,3.42786963997781,17:29:35,207sec,2.66,22.8878,88.3974,4,52.931915957979
13.0026907779442,8,29.7824149220021,3.5,17:29:46,219sec,2.66,22.8878,88.3974,4,53.0056028014007
13.1083804206691,8,29.8936800301646,3.5,17:29:47,220sec,2.66,22.8878,88.3974,4,53.0792896448224
12.9688144966351,7.82363035523664,29.4629597815668,3.46326823349055,17:29:48,221sec,2.66,22.8878,88.3974,4,52.9940470235118
13.110067040412,7.67880087835891,29.9001090628051,3.33482590351067,17:29:49,222sec,2.66,22.8878,88.3974,4,52.8466733366683
12.9155790238867,8,29.2474096871109,3.5,17:29:52,225sec,2.66,22.8878,88.3974,4,52.6992996498249
13.0493001307859,7.86841486824164,30.01045875177,3.35351735989158,17:29:53,225sec,2.66,22.8878,88.3974,4,52.5519259629815
13.0189807027611,8,29.9968661129281,3.42827746595212,17:29:54,226sec,2.66,22.8878,88.3974,4,52.2772886443222
13.0683316239681,7.860417790478,29.7458989089601,3.35813761147635,17:29:55,227sec,2.66,22.8878,88.3974,4,51.9334167083542
13.0475525526466,8,29.7973813289394,3.5,17:29:56,229sec,2.66,22.8878,88.3974,4,51.5895447723862
13.0382504475483,7.67044273831746,29.9256194679161,3.35719544176648,17:30:04,237sec,2.66,22.8878,88.3974,4,51.2456728364182
13.1347440585603,8,29.6645469357556,3.47398896424305,17:30:05,238sec,2.66,22.8878,88.3974,4,51.255727863932
13.1296195214312,8,29.8543502045534,3.43944706483249,17:30:06,238sec,2.66,22.8878,88.3974,4,51.5259129564782
13.0281509690122,7.95966242752707,29.7399235398695,3.40867255747823,17:30:15,247sec,2.66,22.8878,88.3974,4,51.7960980490245
13.1579388406807,7.79563285655695,29.7706218441067,3.40577048479295,17:30:18,250sec,2.66,22.8878,88.3974,4,52.0662831415708
12.9874793506854,8,29.8040133143854,3.5,17:30:18,251sec,2.66,22.8878,88.3974,4,52.2372186093047
13.0266554620754,7.89689172858366,30.0225911915759,3.40123870831253,17:30:19,252sec,2.66,22.8878,88.3974,4,52.3109054527264
13.020633427321,7.32614499408153,30.1137006309482,3.22053545553391,17:30:20,253sec,2.66,22.8878,88.3974,4,52.3845922961481
13.0179559983772,8,30.2185290250368,3.5,17:30:21,254sec,2.66,22.8878,88.3974,4,52.4582791395698
13.0504491949723,8,29.8819206834369,3.40389590031025,17:30:22,255sec,2.66,22.8878,88.3974,4,52.4680340170085
12.9413486795025,7.83127816701909,29.7610345209189,3.40854108366462,17:30:23,256sec,2.66,22.8878,88.3974,4,52.3943471735868
12.9948260144357,8,29.5376939091275,3.5,17:30:24,257sec,2.66,22.8878,88.3974,4,52.3206603301651
13.0012771992031,8,29.6946221699394,3.43497913794349,17:30:25,258sec,2.66,22.8878,88.3974,4,52.2469734867434
12.9891188402257,8,29.5124165493836,3.44332293172137,17:30:26,259sec,2.66,22.8878,88.3974,4,52.1732866433217
12.9451265746168,7.7707647789591,30.2510628611197,3.37752946371384,17:30:27,260sec,2.66,22.8878,88.3974,4,52.0995997999
13.0352859762431,8,30.1636760773467,3.45851071042888,17:30:28,261sec,2.66,22.8878,88.3974,4,52.0259129564782
13.0461589782686,8,29.6180911217026,3.5,17:30:29,262sec,2.66,22.8878,88.3974,4,51.9522261130565
12.932944354783,7.60560021306239,29.6676033170173,3.38195478238223,17:30:30,263sec,2.66,22.8878,88.3974,4,51.9
12.9848061899933,8,30.1262652066479,3.5,17:30:31,264sec,2.66,22.8878,88.3974,4,51.9
13.0174470499739,7.93139643735876,30.2655705798234,3.47376785008718,17:30:32,265sec,2.66,22.8878,88.3974,4,51.9
12.9844323250462,8,30.0584951607358,3.38371213535361,17:30:33,266sec,2.66,22.8878,88.3974,4,51.9
12.9510723883966,7.92284666012855,29.9631129275056,3.5,17:30:34,267sec,2.66,22.8878,88.3974,4,51.8891945972987
12.9815975759725,8,29.9110130896129,3.48550119217666,17:30:35,268sec,2.66,22.8878,88.3974,4,51.8400700350175
12.9839015535325,8,29.7444359919931,3.47552638095095,17:30:41,274sec,2.66,22.8878,88.3974,4,51.7909454727364
12.9709332862833,7.90552700396307,29.7996348906811,3.48636929467473,17:30:45,277sec,2.66,22.8878,88.3974,4,51.7418209104552
12.9067560062772,7.39622766517409,30.4331055042363,3.24866028706861,17:30:45,278sec,2.66,22.8878,88.3974,4,51.6780890445223
12.9662910084711,7.55927163187355,30.7732875368511,3.30085950043516,17:30:46,278sec,2.66,22.8878,88.3974,4,51.5307153576788
12.9079438320404,7.88201240863823,30.5799346623857,3.4541801239408,17:30:47,280sec,2.66,22.8878,88.3974,4,51.3833416708354
13.0692585887789,8,29.9288562688156,3.5,17:30:48,281sec,2.66,22.8878,88.3974,4,51.235967983992
12.9637655410652,7.56465278527888,30.3050130079261,3.28003575844368,17:30:54,287sec,2.64441220610305,22.8878,88.3974,4,51.0638819409705
13.0328646559173,8,30.3964417485062,3.45904930205435,17:30:55,288sec,2.44300150075038,22.8878,88.3974,4,50.5971985992997
12.9502843343206,7.80165936081567,30.0440368758969,3.43642935896997,17:31:01,294sec,2.2415907953977,22.8878,88.3974,4,50.1305152576288
12.9757135695175,7.78276730699533,30.1402592281023,3.28119199823404,17:31:02,294sec,2.04018009004502,22.8878,88.3974,4,49.663831915958
12.9747193287864,8,30.1988727140835,3.44657058177088,17:31:03,295sec,1.84,22.8878,88.3974,4,49.2058529264632
12.9628279867123,7.72085478169536,29.6135766318466,3.15318709576147,17:31:04,297sec,1.84,22.8878,88.3974,4,50.1637818909455
12.8957148373811,8,30.0782428039071,3.5,17:31:05,297sec,1.84,22.8878,88.3974,4,51.1217108554277
12.9543011135095,7.60020856561858,30.8762198245518,3.29933529913423,17:31:06,299sec,1.84,22.8878,88.3974,4,52.07963981991
12.9910601124744,8,30.4804906173642,3.47693629415743,17:31:07,299sec,1.84,22.8878,88.3974,4,53.0375687843922
12.9656562102235,7.34978359167394,30.3557212317461,3.15603183530142,17:31:08,300sec,1.84,22.8878,88.3974,4,52.8933466733367
12.9320939859806,7.39071102001051,30.5392394322138,3.2700616146374,17:31:11,304sec,1.84,22.8878,88.3974,4,52.6722861430715
13.0166058419064,7.82853422111004,29.664331287577,3.37483555852658,17:31:12,305sec,1.84,22.8878,88.3974,4,52.4512256128064
12.9152738207266,8,30.4565771947689,3.47392388865275,17:31:13,306sec,1.84,22.8878,88.3974,4,52.2301650825413
12.9498366513017,7.78759696781802,30.6291211877421,3.3102853205516,17:31:14,307sec,1.84,22.8878,88.3974,4,52.1363681840921
12.8974608354809,7.58767186568818,30.0235192095097,3.31252334878092,17:31:15,307sec,1.84,22.8878,88.3974,4,52.0626813406703
12.9892103837411,8,30.5637613292197,3.41142966329011,17:31:16,309sec,1.84,22.8878,88.3974,4,51.9889944972486
13.0184200612911,7.49752612774937,30.0437087342294,3.24719148557104,17:31:19,312sec,1.84,22.8878,88.3974,4,51.9153076538269
12.9866610602434,7.89013266151357,30.6839259563212,3.39735989024299,17:31:20,313sec,1.84,22.8878,88.3974,4,51.9583791895948
12.9827389185096,7.91982052735585,30.2516844893014,3.46146580724331,17:31:21,313sec,1.84,22.8878,88.3974,4,52.0320660330165
12.9437601474679,7.82099968464596,30.2965292523521,3.42808331868727,17:31:22,314sec,1.84,22.8878,88.3974,4,52.1057528764382
12.8708460345363,7.83170616766781,30.166351311516,3.36371986219405,17:31:23,315sec,1.84,22.8878,88.3974,4,52.1794397198599
12.8847887653543,7.4132026773485,30.9310379370009,3.17969111540222,17:31:24,316sec,1.84,22.8878,88.3974,4,52.2531265632817
13.0495425692759,7.57449646164927,30.0808325399117,3.25325326937221,17:31:25,317sec,1.84,22.8878,88.3974,4,52.3268134067034
12.9306107073612,7.40919890341956,30.2430201824988,3.19190190704758,17:31:29,321sec,1.84,22.8878,88.3974,4,52.4005002501251
12.9731967564417,7.66647969491813,30.5540206297484,3.23615304995045,17:31:29,322sec,1.84,22.8878,88.3974,4,52.4741870935468
13.0075412496373,7.24927798349971,30.3163616291812,3.25266643103026,17:31:30,323sec,1.84,22.8878,88.3974,4,52.5478739369685
13.0442372699783,7.51950629566805,30.4269374143061,3.14672952561984,17:31:31,324sec,1.84,22.8878,88.3974,4,52.6215607803902
12.8848493289785,7.85328769342586,30.5307438294783,3.32507873749717,17:31:39,332sec,1.84,22.8878,88.3974,4,52.6952476238119
13.0063086363115,7.24794463489057,30.6767400853446,3.24988011423903,17:31:42,335sec,1.84,22.8878,88.3974,4,52.7689344672336
12.9444389646777,7.36840811436754,30.5383354528724,3.1521278268105,17:31:48,341sec,1.57858929464732,22.8878,88.3974,4,54.0644322161081
12.9822022005205,7.23539505989937,30.4194559951476,3.16791923731821,17:31:49,342sec,1.12664332166083,22.8878,88.3974,4,56.2504752376188
12.9173872538075,7.0731323201726,30.0208398871545,3.04158468797458,17:31:50,343sec,0.674697348674338,22.8878,88.3974,4,58.4365182591296
12.9377341685095,7.33116862862392,30.4134107484837,3.0913816074081,17:31:51,344sec,0.222751375687845,22.8878,88.3974,4,60.6225612806403
12.9362949973749,7.44691504964367,31.0457548993294,3.18969032426608,17:31:57,350sec,0.311405702851424,22.8878,88.3974,4,59.52016008004
12.8849549015189,6.99011022047862,30.2754793822346,3.10779992622973,17:32:01,353sec,0.925462731365681,22.8878,88.3974,4,55.2217608804402
13.0013191594031,7.63991228860493,31.1566531659273,3.18141295770572,17:32:01,354sec,1.53951975987994,22.8878,88.3974,4,50.9233616808404
12.8495771050946,7.2558312139635,30.6875378395581,3.13961358859061,17:32:02,355sec,2.15357678839419,22.8878,88.3974,4,46.6249624812406
12.9471610567194,7.1335616650066,30.5254810640952,3.08554072456891,17:32:03,356sec,2.5,22.8878,88.3974,4,44.7031515757879
12.9372540539485,7.70305339981679,30.7985814002882,3.25640591158395,17:32:04,357sec,2.5,22.8878,88.3974,4,45.8575787893947
12.9174135983457,7.09282904965152,30.541292273038,3.0703980966706,17:32:05,358sec,2.5,22.8878,88.3974,4,47.0120060030015
12.9293788516902,7.06094437250037,29.985379776755,3.07078332700888,17:32:06,359sec,2.5,22.8878,88.3974,4,48.1664332166083
12.9339808717497,7.12747010100813,30.6567523183125,3.0580319343856,17:32:07,360sec,2.5,22.8878,88.3974,4,49.0522261130565
12.9542574859905,7.23100325888583,30.5593471296125,3.15798632003868,17:32:08,361sec,2.5,22.8878,88.3974,4,49.4697848924462
12.9496137119015,7.55275129157904,30.8268714084789,3.24465130068414,17:32:09,362sec,2.5,22.8878,88.3974,4,49.8873436718359
12.8922265289947,7.20677649198017,30.3531583212647,3.09879074313233,17:32:10,363sec,2.5,22.8878,88.3974,4,50.3049024512256
12.8824626099208,7.10439220805077,30.6532474332407,2.9698998013059,17:32:11,364sec,2.5,22.8878,88.3974,4,50.455927963982
12.9407660743843,7.1195671590156,30.4757490090411,3.18349343689993,17:32:12,365sec,2.5,22.8878,88.3974,4,49.9646823411706
12.9326538536867,6.69814630065949,30.7816108264167,2.83766636262032,17:32:13,366sec,2.5,22.8878,88.3974,4,49.4734367183592
12.9795089746687,6.34907682045734,30.7380036910484,2.7630682291937,17:32:14,367sec,2.5,22.8878,88.3974,4,48.9821910955478
12.9187833455714,7.03833057203764,30.8518301732959,2.99233834694274,17:32:25,378sec,2.5,22.8878,88.3974,4,48.659979989995
12.9812280506328,6.50029697290281,30.1833607005123,2.81818831457358,17:32:29,381sec,2.5,22.8878,88.3974,4,48.9301650825413
12.9454090692478,7.36449222797857,30.1941932435496,3.1089817577105,17:32:29,382sec,2.5,22.8878,88.3974,4,49.2003501750876
12.990469164384,6.80045726062818,30.9478961996004,2.87552576376874,17:32:35,388sec,2.5,22.8878,88.3974,4,49.4705352676338
12.8805832044112,6.83959019588781,30.1632951754425,2.9658981708216,17:32:36,389sec,2.5,22.8878,88.3974,4,49.6888944472236
12.9162047731644,6.67478920032778,31.0875819340082,2.89230988842445,17:32:40,392sec,2.5,22.8878,88.3974,4,49.6152076038019
12.864072948507,6.85719111717079,30.1785000885403,2.82818226741947,17:32:40,393sec,2.5,22.8878,88.3974,4,49.5415207603802
12.8445061042777,6.87382506723129,30.794708416771,2.86284312443258,17:32:49,401sec,2.5,22.8878,88.3974,4,49.4678339169585
12.9424211996027,6.47531412813371,30.8259213272793,2.76603993597248,17:32:49,402sec,2.5,22.8878,88.3974,4,49.3843921960981
12.9812487204323,6.57015993208643,30.7644098230757,2.70874214511148,17:32:53,405sec,2.5,22.8878,88.3974,4,49.1878939469735
12.9180249354127,6.60995829521056,30.7016756483336,2.80952792543928,17:32:53,405sec,2.5,22.8878,88.3974,4,48.9913956978489
12.9745420204253,6.83536215192372,30.5048055105818,2.89116652617533,17:32:54,406sec,2.5,22.8878,88.3974,4,48.7948974487244
12.8394047976488,6.31069278475292,30.7974396185494,2.6119452143769,17:32:55,407sec,2.5,22.8878,88.3974,4,48.5877938969485
12.9598239517452,5.85868351806485,30.6580065469656,2.49835382436511,17:32:58,411sec,2.5,22.8878,88.3974,4,47.0894947473737
12.9116890461445,6.49693233963208,30.8850432061369,2.72620037109476,17:32:59,411sec,2.5,22.8878,88.3974,4,45.5911955977989
12.8753082784009,6.22536082851291,31.0052833105647,2.56852732753704,17:33:10,423sec,2.5,22.8878,88.3974,4,44.0928964482241
12.8007784484556,6.57903602432157,30.7358913038708,2.76817688027514,17:33:11,424sec,2.5,22.8878,88.3974,4,42.5945972986493
12.8772745333264,6.17662987098098,31.1986681327646,2.61848776181281,17:33:12,425sec,2.5,22.8878,88.3974,4,43.7886443221611
12.924531282633,6.45171120649741,31.0920019336134,2.80134451859134,17:33:13,426sec,2.5,22.8878,88.3974,4,45.164132066033
12.8770995140917,6.54569196576684,30.9138139934976,2.73844171442997,17:33:14,427sec,2.5,22.8878,88.3974,4,46.539619809905
12.873324797137,6.39546292256561,30.584082516123,2.62924820272538,17:33:20,433sec,2.5,22.8878,88.3974,4,47.9151075537769
12.8488420352439,6.17543174062738,30.9652433013097,2.53602034660933,17:33:21,434sec,2.5,22.8878,88.3974,4,48.0362181090545
12.9254684374699,6.68106137659908,30.9638551148262,2.78778409236156,17:33:22,435sec,2.5,22.8878,88.3974,4,47.9625312656328
12.9093370203541,5.78014739528302,31.4887937028167,2.54575675662985,17:33:23,435sec,2.5,22.8878,88.3974,4,47.8888444222111
12.906667256406,6.02321288932683,30.7088369068562,2.61505436538445,17:33:24,437sec,2.5,22.8878,88.3974,4,47.8151575787894
12.8907045321551,6.10211352615646,30.8328488858809,2.6089314914242,17:33:25,438sec,2.5,22.8878,88.3974,4,47.9560780390195
12.8664785285249,5.68260131145678,31.1287736662321,2.40206798771519,17:33:26,439sec,2.5,22.8878,88.3974,4,48.1525762881441
12.8477820329704,6.03339290596987,30.1577069644939,2.61214097152361,17:33:27,440sec,2.5,22.8878,88.3974,4,48.3490745372686
12.8841490184744,6.52759987937361,31.6161786910035,2.71706469993268,17:33:28,441sec,2.5,22.8878,88.3974,4,48.5455727863932
12.8148650399617,5.95284426493968,31.1656878444366,2.4586198578869,17:33:29,442sec,2.5,22.8878,88.3974,4,48.4579289644822
12.8964454492202,5.55170611341191,30.6806498749244,2.37553691232561,17:33:30,443sec,2.5,22.8878,88.3974,4,48.2614307153577
12.8315115484684,5.32798890275695,30.866057648801,2.2481777863592,17:33:31,444sec,2.5,22.8878,88.3974,4,48.0649324662331
12.8476116843762,5.52309151277006,30.8519001585693,2.31919316330218,17:33:32,445sec,2.5,22.8878,88.3974,4,47.8684342171086
12.8421393238665,6.4229143194359,31.2955765281836,2.60121698489182,17:33:33,445sec,2.5,22.8878,88.3974,4,47.88004002001
12.8279077617527,5.02135339455344,31.1252964533752,2.18984793354929,17:33:34,447sec,2.5,22.8878,88.3974,4,48.0028514257129
12.8674091730539,5.39880811728141,30.4434454491536,2.33230528236158,17:33:35,448sec,2.5,22.8878,88.3974,4,48.1256628314157
12.8308346428922,5.54227577727901,31.1963566786939,2.40301159915906,17:33:36,449sec,2.5,22.8878,88.3974,4,48.2484742371186
12.78828623321,5.85888604251537,30.8496706894532,2.51257334366754,17:33:37,450sec,2.5,22.8878,88.3974,4,48.0291145572786
12.7625028164976,6.09011521509525,30.7730816646945,2.55016060084808,17:33:38,451sec,2.5,22.8878,88.3974,4,47.5624312156078
12.8923979488765,5.43760970892667,31.0526977562398,2.27018215904318,17:33:39,452sec,2.5,22.8878,88.3974,4,47.095747873937
12.7996506945712,5.12397974871794,30.9873381617032,2.19120651247305,17:33:40,453sec,2.5,22.8878,88.3974,4,46.6290645322661
12.8069616459835,5.25461351397648,30.9152785024536,2.28194761681293,17:33:41,453sec,2.5,22.8878,88.3974,4,46.4375187593797
12.8602821941306,5.25049172869977,31.1172669701353,2.22070898649475,17:33:42,455sec,2.5,22.8878,88.3974,4,46.5112056028014
12.8647618249094,5.64700690913439,31.0863684810372,2.27507297761904,17:33:43,455sec,2.5,22.8878,88.3974,4,46.5848924462231
12.8523662327066,5.01292169425688,31.5602807825866,2.04465429679618,17:33:44,457sec,2.5,22.8878,88.3974,4,46.6585792896448
12.8017696385905,5.48687281288416,30.8485245069429,2.27706578076896,17:33:45,458sec,2.23111555777887,22.8878,88.3974,4,47.7755377688845
12.8750106173251,5.38661456883937,30.5467627093053,2.28798386069964,17:33:46,459sec,1.61705852926463,22.8878,88.3974,4,50.2317658829415
12.8631600239379,5.26931901016618,30.996956945568,2.17020044621524,17:33:47,460sec,1.00300150075036,22.8878,88.3974,4,52.6879939969986
12.8168444721603,5.75276365743206,31.2062318086077,2.31750708678869,17:33:48,461sec,0.388944472236119,22.8878,88.3974,4,55.1442221110555
12.8571652469612,5.29555001476587,30.902047626482,2.25199311927854,17:33:49,462sec,0.315157578789417,22.8878,88.3974,4,55.3943471735867
12.9636454416642,5.38863760202165,31.3275369419724,2.20445755221261,17:33:50,463sec,1.17483741870935,22.8878,88.3974,4,51.8328164082041
12.9022809833088,4.69344854409024,31.5870104208864,2.01545136515972,17:33:51,464sec,2.03451725862934,22.8878,88.3974,4,48.2712856428213
12.8571022704533,4.46442530953942,31.7689734518537,1.87590213653855,17:33:52,465sec,2.89419709854927,22.8878,88.3974,4,44.7097548774387
12.8976471250993,4.56824073483283,31.0502264483262,1.95898614591564,17:33:53,466sec,3.5,22.8878,88.3974,4,41.7792896448224
12.8758879028188,4.89775638858049,31.2182099621605,2.04169307170663,17:33:54,467sec,3.5,22.8878,88.3974,4,40.3546773386694
12.8362690652101,5.21565430088831,30.9934675497805,2.15534379940346,17:33:55,468sec,3.5,22.8878,88.3974,4,38.9300650325162
12.7887592544184,4.75206413895363,31.2180604078717,2.00919640057962,17:33:56,469sec,3.5,22.8878,88.3974,4,37.5054527263632
12.9081374187482,4.62140040135905,30.6950641033619,1.99532327647864,17:33:57,470sec,3.5,22.8878,88.3974,4,36.7026513256629
12.8592862807299,4.44592665835693,31.5437784796353,1.82254484459774,17:33:58,471sec,3.5,22.8878,88.3974,4,38.0535767883942
12.8068581842875,4.19988393792395,31.8351298396192,1.71888957408588,17:33:59,472sec,3.5,22.8878,88.3974,4,39.4045022511256
12.8013047047272,4.55797036166124,31.159580758838,1.8902746430058,17:34:00,473sec,3.5,22.8878,88.3974,4,40.7554277138569
12.9373243653461,5.07833362537768,31.443962803067,2.05112211414376,17:34:01,474sec,3.5,22.8878,88.3974,4,41.8587293646823
12.8162152912771,4.62341124294084,31.2110807472559,1.93851401892088,17:34:02,475sec,3.5,22.8878,88.3974,4,41.5885442721361
12.8073958612358,3.98249431476947,31.3340564632972,1.51905731853607,17:34:03,476sec,3.5,22.8878,88.3974,4,41.3183591795898
12.8099296376748,4.23981135485199,31.2797871849379,1.7573686239164,17:34:04,477sec,3.5,22.8878,88.3974,4,41.0481740870435
12.8111531778819,3.78382526247566,31.5110389038629,1.64163596579104,17:34:05,478sec,3.5,22.8878,88.3974,4,40.6679339669835
12.8187977190487,4.08102704183517,31.50253202305,1.60904073536115,17:34:06,479sec,3.5,22.8878,88.3974,4,39.0468234117059
12.8231058588082,3.93719239536481,31.5301360693409,1.53787403080636,17:34:07,480sec,3.5,22.8878,88.3974,4,37.4257128564282
12.7959800868153,3.73178746367669,31.7371024585459,1.51084622576942,17:34:08,481sec,3.5,22.8878,88.3974,4,35.8046023011506
12.7667239641888,4.16079659613884,31.0764486086405,1.76399121858381,17:34:09,482sec,3.5,22.8878,88.3974,4,34.2102551275638
12.8773875656367,4.13699775491295,31.4573225501771,1.64772443810173,17:34:10,483sec,3.5,22.8878,88.3974,4,35.2173086543271
12.8473747477717,4.11154428194719,30.9939474645217,1.72788180487728,17:34:11,484sec,3.5,22.8878,88.3974,4,36.2243621810906
12.82764767007,3.70331660738362,30.9170503748448,1.52987721357684,17:34:12,485sec,3.5,22.8878,88.3974,4,37.2314157078539
12.8360557657663,3.84767530980698,31.4855304938964,1.60542662424944,17:34:13,486sec,3.5,22.8878,88.3974,4,38.2384692346173
12.8173634282146,3.77329784796114,31.4223673968479,1.70209754158521,17:34:14,487sec,3.5,22.8878,88.3974,4,38.2538769384692
12.8006393899956,3.30504839030345,31.8380438201405,1.34971732653445,17:34:15,488sec,3.5,22.8878,88.3974,4,38.2047523761881
12.7908004305717,4.24884675450013,31.472518078996,1.78208115397912,17:34:16,489sec,3.5,22.8878,88.3974,4,38.155627813907
12.725586056406,4.15391927536638,31.3256431407606,1.89898063907712,17:34:17,490sec,3.5,22.8878,88.3974,4,38.1065032516258
12.8264912070052,3.72207369456925,30.996388285971,1.59601462029113,17:34:18,491sec,3.5,22.8878,88.3974,4,38.6327663831916
12.7702004944953,3.83589022040053,31.3625010501849,1.51081878940109,17:34:19,492sec,3.5,22.8878,88.3974,4,39.2468234117059
12.7959183076262,3.31242934695464,31.4472642646874,1.31628251698329,17:34:20,493sec,3.5,22.8878,88.3974,4,39.8608804402201
12.8963053165686,3.49940585487848,31.5034282420891,1.41410737865065,17:34:21,494sec,3.5,22.8878,88.3974,4,40.4749374687344
12.7164340811257,3.6750925960768,31.8733882610708,1.40112285679444,17:34:22,495sec,3.5,22.8878,88.3974,4,39.6611305652826
12.7893866831361,3.36498935888655,31.5250580255196,1.28660348802806,17:34:23,496sec,3.5,22.8878,88.3974,4,38.4821410705353
12.8529832970126,3.46922431470616,31.3045838062375,1.34004736138996,17:34:24,497sec,3.5,22.8878,88.3974,4,37.3031515757879
12.679997554507,3.56315873141828,30.9531640218105,1.43976085964774,17:34:25,498sec,3.5,22.8878,88.3974,4,36.1241620810405
12.8274743149611,2.92997068162567,31.0398194873943,1.22198288111035,17:34:26,499sec,3.5,22.8878,88.3974,4,34.7670835417709
12.7159416764566,3.04971722179179,31.3927642055336,1.22602426823207,17:34:27,499sec,3.5,22.8878,88.3974,4,33.3424712356178
12.8088372579815,3.17540368926616,31.8414207286513,1.29326205854828,17:34:28,501sec,3.5,22.8878,88.3974,4,31.9178589294647
12.764452754857,3.25034798186459,31.4956857965548,1.29549367823795,17:34:29,501sec,3.5,22.8878,88.3974,4,30.4932466233117
12.7685394896234,2.82937883212698,31.5768373909592,1.13930426756426,17:34:30,503sec,3.5,22.8878,88.3974,4,30.6744372186093
12.6693040945017,3.35870000294298,31.5747956805587,1.30843739926897,17:34:31,504sec,3.5,22.8878,88.3974,4,31.7060530265133
12.887976635556,3.73871802545308,31.6909993114646,1.48426071691902,17:34:32,505sec,3.5,22.8878,88.3974,4,32.7376688344172
12.7463330802566,2.95813596706821,31.1918351059743,1.23719171468175,17:34:33,506sec,3.5,22.8878,88.3974,4,33.7692846423212
12.8807232584539,2.60301226813677,31.9177048159484,1.04270498246581,17:34:34,507sec,3.5,22.8878,88.3974,4,34.0712356178089
12.7230949857749,2.44146051999293,31.625580896504,0.995847381095103,17:34:35,508sec,3.5,22.8878,88.3974,4,33.8501750875438
12.8751013386427,2.88006247387594,31.2801775752371,1.17975454673736,17:34:36,509sec,3.5,22.8878,88.3974,4,33.6291145572786
12.7910677457105,2.98651741147718,31.4266870966602,1.20302150620153,17:34:37,510sec,3.5,22.8878,88.3974,4,33.4080540270135
12.8081170072702,3.36164527679191,31.696145763151,1.27532803474812,17:34:38,511sec,3.5,22.8878,88.3974,4,33.3376688344172
12.832625680388,2.65062568067363,31.1575155967601,0.957773297021689,17:34:39,512sec,3.5,22.8878,88.3974,4,33.4113556778389
12.7814135945652,2.55409604281728,31.8324627030993,0.971925223863589,17:34:40,513sec,3.5,22.8878,88.3974,4,33.4850425212606
12.7141251410443,2.48076219544511,31.9542989980288,0.994229584355316,17:34:41,513sec,3.5,22.8878,88.3974,4,33.5587293646823
12.7948817502551,2.83539695770546,31.6405956230903,0.966747912035169,17:34:42,515sec,3.5,22.8878,88.3974,4,33.0057028514257
12.8018448086473,2.74527042295767,31.9275619775464,1.03226508233471,17:34:43,515sec,3.5,22.8878,88.3974,4,31.6547773886944
12.760547192644,2.8844485732321,31.2749396696183,1.17786856768908,17:34:44,517sec,3.5,22.8878,88.3974,4,30.303851925963
12.7485318594411,2.41844974949526,31.5573767152628,0.880146063696488,17:34:45,518sec,3.5,22.8878,88.3974,4,28.9529264632316
12.7166612701097,2.62723881045865,31.354996526681,1.05558720282614,17:34:46,519sec,3.5,22.8878,88.3974,4,28.0185092546273
12.8376765397021,2.16820178063981,31.1207539794643,0.733608194114999,17:34:50,522sec,3.5,22.8878,88.3974,4,27.7974487243622
12.8270732018997,2.68651625528852,31.5171089423159,1.04079365069075,17:34:50,523sec,3.5,22.8878,88.3974,4,27.5763881940971
12.7776744539242,2.54051247103924,31.4640373376177,1.04517453175194,17:34:53,526sec,3.5,22.8878,88.3974,4,27.3553276638319
12.7304769395096,3.123092940959,31.958358260515,1.20038670327728,17:34:53,526sec,3.24437218609305,22.8878,88.3974,4,28.3174587293647
12.7907302016245,3.03728282656351,31.3572152668383,1.10839985124801,17:34:54,527sec,2.38469234617306,22.8878,88.3974,4,32.0754877438721
12.7922573720436,2.14902867782955,32.4301461060138,0.782199819889835,17:34:55,528sec,1.52501250625313,22.8878,88.3974,4,35.8335167583792
12.8236223616833,2.37739414849489,31.5070525522181,0.889237401190924,17:34:56,529sec,0.665332666333143,22.8878,88.3974,4,39.5915457728866
12.7491168586948,2.5317309037881,31.6874167839768,1.03858156532667,17:34:57,530sec,0.153256628314156,22.8878,88.3974,4,41.7115057528765
12.7610983250258,2.34774771759424,31.6754614511638,0.766538669308019,17:34:58,531sec,0.831175587793915,22.8878,88.3974,4,38.2236618309154
12.7264900485907,1.71316289548995,32.311540481536,0.678204052901781,17:34:59,532sec,1.50909454727363,22.8878,88.3974,4,34.7358179089545
12.7789507672425,1.54581661486001,31.480384733105,0.593458734760674,17:35:00,533sec,2.18701350675339,22.8878,88.3974,4,31.2479739869934
12.8228130152354,1.72146829211419,31.2821341039345,0.641235494013071,17:35:04,537sec,2.76,22.8878,88.3974,4,28.4900950475238
12.7373854079688,2.05082064964603,31.4667231364803,0.770911517101957,17:35:04,537sec,2.76,22.8878,88.3974,4,29.7182091045523
12.7769376093648,3.01037786814309,31.6832679769799,1.1983450395448,17:35:05,538sec,2.76,22.8878,88.3974,4,30.9463231615808
12.7537828298149,2.30824085165472,31.6999906393257,0.876570091047166,17:35:06,539sec,2.76,22.8878,88.3974,4,32.1744372186093
12.732613616602,2.06907307613045,31.8859649329128,0.790221780810409,17:35:07,540sec,2.76,22.8878,88.3974,4,33.3
12.7278806621615,2.12101908658732,31.3637045495799,0.788562442881623,17:35:08,541sec,2.76,22.8878,88.3974,4,33.3
12.873610746735,2.49674806796276,31.2926048818505,0.882362041155448,17:35:12,545sec,2.76,22.8878,88.3974,4,33.3
12.7668044039157,1.79624289334563,31.6500626121923,0.67459908087369,17:35:12,545sec,2.76,22.8878,88.3974,4,33.3
12.7111072550928,2.05064131271948,31.7756868312939,0.711478582491782,17:35:13,546sec,2.76,22.8878,88.3974,4,33.2993996998499
12.7022440335022,1.52916270886087,31.7042841572907,0.569046905461747,17:35:14,547sec,2.76,22.8878,88.3974,4,33.2502751375688
12.7948781688196,1.85181511685783,31.5295143084282,0.659573102102806,17:35:15,548sec,2.76,22.8878,88.3974,4,33.2011505752876
12.6952716394926,1.67512696772403,31.8271134198114,0.664561996226835,17:35:16,549sec,2.76,22.8878,88.3974,4,33.1520260130065
12.7225243976786,1.76167436377984,31.8368823085284,0.591820568913968,17:35:18,550sec,2.76,22.8878,88.3974,4,33.1029014507254
12.702421529685,2.06000260885682,31.3531110137905,0.788999707727026,17:35:18,551sec,2.76,22.8878,88.3974,4,32.891995997999
12.7461290419908,1.71840061503023,31.7187722875757,0.631313435458517,17:35:19,552sec,2.76,22.8878,88.3974,4,32.6709354677339
12.6917875089315,1.70104214839777,31.6778928095826,0.552354433570444,17:35:20,553sec,2.76,22.8878,88.3974,4,32.4498749374687
12.8106734959934,1.58332815167176,31.8485787270202,0.581173990627261,17:35:27,559sec,2.76,22.8878,88.3974,4,32.2288144072036
12.5817838452503,1.76257837108932,32.0268494065504,0.507089424435731,17:35:32,565sec,2.76,22.8878,88.3974,4,32.2
12.7334288112104,1.87485668895304,31.7387504417942,0.702137069813347,17:35:33,566sec,2.76,22.8878,88.3974,4,32.2
12.8047033738358,1.18730300109839,32.0205258038591,0.435807249205577,17:35:37,570sec,2.76,22.8878,88.3974,4,32.2
12.702983845995,0.645416647070531,31.445327365,0.310904211584951,17:35:38,570sec,2.76,22.8878,88.3974,4,32.2
12.7297644281453,1.24043184756594,31.6148519246961,0.348854134108922,17:35:39,572sec,2.76,22.8878,88.3974,4,32.2
12.7371486202444,1.24968632349836,31.5278006693966,0.443906451948132,17:35:40,572sec,2.76,22.8878,88.3974,4,32.2
12.7212817780044,1.17537185135267,31.9090654206522,0.324892187248282,17:35:41,573sec,2.76,22.8878,88.3974,4,32.2
12.716517463234,1.0499213309186,31.8188775262252,0.322705797515399,17:35:42,574sec,2.76,22.8878,88.3974,4,32.2
12.7378981637382,1.0433457636549,31.8293027323871,0.416421539117697,17:35:43,575sec,2.76,22.8878,88.3974,4,32.1107053526763
12.7478565566485,1.08116184940752,31.8395981567997,0.429222567025159,17:35:44,577sec,2.76,22.8878,88.3974,4,31.9878939469735
12.6939537296262,1.20755437221805,31.8283774210713,0.338503079057701,17:35:45,577sec,2.76,22.8878,88.3974,4,31.8650825412706
12.7677450148216,1.30183470921479,31.5873931532966,0.431385139793556,17:35:46,578sec,2.76,22.8878,88.3974,4,31.7422711355678
12.7204171014039,1.21873048428714,31.5850234354841,0.391988506830869,17:35:47,580sec,2.76,22.8878,88.3974,4,31.0717858929465
12.7769804976241,0.805327342472068,32.1978386622693,0.24290814271554,17:35:48,580sec,2.76,22.8878,88.3974,4,30.1138569284642
12.7047716267942,1.44918305737767,32.1013767201574,0.411510716576105,17:35:49,581sec,2.76,22.8878,88.3974,4,29.155927963982
12.8667286406103,1.71241246423934,32.4402169285909,0.480235040894797,17:35:50,582sec,2.76,22.8878,88.3974,4,28.1979989994997
12.6027745606915,0.31021376222406,31.5815873125387,0.0645901005384184,17:35:51,583sec,2.76,22.8878,88.3974,4,28.3168584292146
12.8134046882892,1.04649187103468,31.9131680261186,0.35610232089767,17:35:52,584sec,2.76,22.8878,88.3974,4,29.2011005502752
12.7596764827149,0.736673657695928,32.0097217403729,0.0972978038023948,17:35:53,586sec,2.76,22.8878,88.3974,4,30.0853426713357
12.6843023706064,1.68257863440918,31.8873402169414,0.5039742121743,17:35:54,586sec,2.76,22.8878,88.3974,4,30.9695847923962
12.6907835798516,1.81077064742055,31.8441212950531,0.591810714478034,17:35:55,588sec,2.76,22.8878,88.3974,4,30.5553776888444
12.757191356061,0.851136895208273,31.9167037022734,0.239814946004617,17:35:56,588sec,2.76,22.8878,88.3974,4,28.9097048524262
12.6787862438151,0.844816441822994,31.1816490776256,0.232647767261073,17:35:57,589sec,2.76,22.8878,88.3974,4,27.264032016008
12.6859108276151,1.29857465737858,31.9888380376087,0.404004628843583,17:35:58,590sec,2.76,22.8878,88.3974,4,25.6183591795898
12.7443114551751,1.00272370563317,31.5423024929926,0.232050414801015,17:35:59,591sec,2.76,22.8878,88.3974,4,25.3947473736868
12.7617951209285,0.7402729076299,32.279224851271,0.156865731404476,17:36:00,592sec,2.76,22.8878,88.3974,4,26.9667333666834
12.6731213237675,1.27905652142995,31.7564762476273,0.247402709547321,17:36:01,594sec,2.76,22.8878,88.3974,4,28.5387193596798
12.6864635254411,0.674474706209528,31.4997053372715,0.0709477841752378,17:36:02,595sec,2.76,22.8878,88.3974,4,30.1107053526764
12.655475822322,0.641790160946776,31.3997243008446,0.122155656030381,17:36:03,595sec,2.5087143571786,22.8878,88.3974,4,31.3549274637319
12.6896375212341,1.22809851303234,31.9528450850071,0.351487194936451,17:36:04,596sec,1.83079539769884,22.8878,88.3974,4,32.0426713356678
12.7223910893822,0.87024793763251,31.6719207941712,0.252505765441854,17:36:05,597sec,1.15287643821912,22.8878,88.3974,4,32.7304152076038
12.5486495959962,0.806723172884489,32.3688504782973,0.0361697851030959,17:36:06,598sec,0.474957478739363,22.8878,88.3974,4,33.4181590795398
12.6930609395372,0.090833557282641,32.0910295575329,0,17:36:07,599sec,0,22.8878,88.3974,4,34.532416208104
12.5985225607786,0.656970147631353,32.6268931819947,0.177586813439731,17:36:10,603sec,0,22.8878,88.3974,4,36.6447723861931
12.6852291879013,0.321362003641787,31.8591454217736,0.0031782096876736,17:36:11,604sec,0,22.8878,88.3974,4,38.7571285642822
12.5840455343089,0.249357682837049,32.3186761006261,0,17:36:12,605sec,0,22.8878,88.3974,4,40.8694847423712
12.7482177091814,0.845357195440552,32.1269089238211,0.261838027170904,17:36:13,606sec,0.0117658829414725,22.8878,88.3974,4,42.2814907453727
12.6991356941942,0.417532680605103,31.7248301451431,0.0554304840971626,17:36:15,608sec,0.0633466733366686,22.8878,88.3974,4,41.3235617808904
12.6895856591649,0.767717961352854,32.0294990698112,0,17:36:16,609sec,0.114927463731868,22.8878,88.3974,4,40.3656328164082
12.6423193271985,0.477514627891422,31.5856578953939,0.0708453426699206,17:36:17,610sec,0.166508254127064,22.8878,88.3974,4,39.407703851926
12.6273251916685,0.658126888744298,31.9433871700974,0.121494492614709,17:36:18,611sec,0.201910955477737,22.8878,88.3974,4,38.8580790395198
12.7039194759069,0.443128097366673,31.6352147106824,0,17:36:19,612sec,0.150330165082541,22.8878,88.3974,4,40.503751875938
12.5810798271482,0.469716764225273,32.1102665633206,0.0623445644038379,17:36:20,613sec,0.0987493746873422,22.8878,88.3974,4,42.1494247123562
12.6756674109437,0.260505298197978,32.2312618288633,0,17:36:21,614sec,0.0471685842921461,22.8878,88.3974,4,43.7950975487744
12.6839764491524,0.782430863646572,31.7662569839871,0.201349707591453,17:36:22,615sec,0,22.8878,88.3974,4,45.2873936968484
12.6478302581033,1.06064371351892,31.9735730622226,0.171460321982863,17:36:23,616sec,0,22.8878,88.3974,4,45.140020010005
12.7476268670777,0.533270771114636,31.989528954069,0.0905785949207941,17:36:24,617sec,0,22.8878,88.3974,4,44.9926463231616
12.6760071811022,0.552802688161515,31.992189677796,0.0224466404869856,17:36:25,618sec,0,22.8878,88.3974,4,44.8452726363182
12.6871436923951,0.728607402350493,32.1554800249939,0.129929025045056,17:36:26,619sec,0.00556778389195529,22.8878,88.3974,4,44.6593796898449
12.6780521284418,0.629857278524996,31.4787724774574,0,17:36:27,620sec,0.396108054027011,22.8878,88.3974,4,41.8101550775388
12.6994426831893,0.478327255923625,31.8102281353513,0.0200093650544733,17:36:28,621sec,0.78664832416209,22.8878,88.3974,4,38.9609304652326
12.717087623419,0.438263726284656,31.7236316938204,0.1964946465117,17:36:29,622sec,1.17718859429715,22.8878,88.3974,4,36.1117058529265
12.6222637196837,0.687435669409166,31.9049026273767,0.127797458873555,17:36:30,623sec,1.56772886443222,22.8878,88.3974,4,33.2624812406203
12.6720809111114,0.692981828971464,32.0429769501097,0.0885285464388011,17:36:31,624sec,1.22173086543272,22.8878,88.3974,4,33.980140070035
12.6365623443249,0.860214456144858,31.710276401531,0.267320436582457,17:36:32,625sec,0.831190595297642,22.8878,88.3974,4,34.9135067533767
12.6832743977277,0.750199209487872,31.8569543409153,0.201643307649386,17:36:33,626sec,0.440650325162586,22.8878,88.3974,4,35.8468734367184
12.6747619360866,0.572131660250909,31.8030475660826,0.0687501209152353,17:36:34,627sec,0.0501100550275071,22.8878,88.3974,4,36.78024012006
12.6161422495185,0.488006458393348,31.728977909083,0.0990711819902358,17:36:35,628sec,0.261210605302647,22.8878,88.3974,4,37.0284642321161
12.636963918553,0.925433986425338,31.9765741472218,0.293257920789074,17:36:36,629sec,0.560870435217613,22.8878,88.3974,4,37.1758379189595
12.6801965882203,0.718109677158912,32.3394364896942,0.0747229341605705,17:36:37,630sec,0.860530265132562,22.8878,88.3974,4,37.3232116058029
12.6730535197305,0.484862804538627,32.4069731494864,0,17:36:38,631sec,1.16019009504753,22.8878,88.3974,4,37.4705852926463
12.6524310589866,0.505510756255757,32.2134332842021,0.0112476779298439,17:36:39,632sec,1.29274137068534,22.8878,88.3974,4,36.8512256128064
12.6596236917882,0.443936616483014,31.8228991280285,0.0589125820065843,17:36:40,633sec,1.38362181090545,22.8878,88.3974,4,36.0406703351676
12.6976535491669,0.479509620789862,32.1268007427849,0.107438032743951,17:36:41,634sec,1.47450225112556,22.8878,88.3974,4,35.2301150575288
12.6298773031633,0.534120737628271,31.8187382825739,0,17:36:42,635sec,1.56538269134567,22.8878,88.3974,4,34.4195597798899
12.5586451728135,0.621217886087779,31.6023647645658,0,17:36:43,636sec,1.30524762381191,22.8878,88.3974,4,36.0267133566783
12.5540198766244,1.16057439733264,31.7442877973996,0.123864667873953,17:36:44,637sec,0.914707353676835,22.8878,88.3974,4,38.5320660330165
12.6586515388676,0.630288243860165,31.6797455411271,0.0801223973172376,17:36:45,638sec,0.524167083541757,22.8878,88.3974,4,41.0374187093548
12.603156687567,0.57374867938068,32.038274891296,0,17:36:46,639sec,0.133626813406701,22.8878,88.3974,4,43.5427713856929
12.6378451145355,0.600236504761588,31.8772054283948,0.0905722458906717,17:36:47,640sec,0,22.8878,88.3974,4,44.6746873436719
12.5714515390574,0.327794118348724,32.1478940073339,0.0398118422256384,17:36:48,641sec,0,22.8878,88.3974,4,45.0922461230615
12.60940956357,0.31566664663863,31.885076234712,0.0175192772577369,17:36:49,642sec,0,22.8878,88.3974,4,45.5098049024512
12.6746242573731,0.184158267919404,31.8056312962995,0,17:36:50,643sec,0,22.8878,88.3974,4,45.9273636818409
12.7440554566595,0.366328269508643,32.4884261957452,0.0583322267748027,17:36:51,644sec,0,22.8878,88.3974,4,45.9415207603802
12.6729502345839,0.242161015657277,32.5986216403323,0,17:36:52,645sec,0,22.8878,88.3974,4,45.6713356678339
12.6643670435981,0.186670557629929,32.3780326175794,0,17:36:53,646sec,0,22.8878,88.3974,4,45.4011505752876
12.7228763635933,0.670007705775778,32.3044698753337,0,17:36:54,647sec,0,22.8878,88.3974,4,45.1309654827414
12.5567109825308,0.347482578380413,32.0709607924082,0,17:36:55,648sec,0,22.8878,88.3974,4,44.9620310155078
12.5979355212236,0.349410552383864,32.328184576115,0,17:36:56,649sec,0,22.8878,88.3974,4,44.888344172086
12.617244318285,0.506182238918516,32.0737636741663,0,17:36:57,650sec,0,22.8878,88.3974,4,44.8146573286643
12.6342757585809,0,32.1191320240116,0.0193711775755276,17:37:01,654sec,0,22.8878,88.3974,4,44.7409704852426
12.6249478128989,0.507395613014919,32.300528924882,0.0532014763645978,17:37:01,654sec,0,22.8878,88.3974,4,44.6454727363682
12.5950603718412,0.352521720872019,32.0192080805228,0.00341310226030582,17:37:02,655sec,0,22.8878,88.3974,4,44.5226613306653
12.5832419861774,0.642925145184117,31.7718801306007,0.0880136705483882,17:37:03,656sec,0,22.8878,88.3974,4,44.3998499249625
12.6706101350539,0.877204674535819,31.7961516061166,0.172410616377452,17:37:04,657sec,0,22.8878,88.3974,4,44.2770385192596
12.6184558320353,0.610763736706052,32.2295154870141,0.0675106151140133,17:37:05,658sec,0,22.8878,88.3974,4,44.2183091545773
12.5949202543409,0.633059944742189,32.4856625390128,0,17:37:06,659sec,0,22.8878,88.3974,4,44.2674337168584
12.6126189939543,0.113552392683443,31.7928035559965,0,17:37:07,660sec,0,22.8878,88.3974,4,44.3165582791396
12.5609836958722,0.379726195921418,31.9264076821008,0.00731440467882359,17:37:08,661sec,0,22.8878,88.3974,4,44.3656828414207
12.6515950534204,0.4618400572134,31.8504298130943,0.0106947705150238,17:37:09,662sec,0,22.8878,88.3974,4,44.4
12.7078102697289,0.401919726915048,31.9026010866147,0,17:37:10,663sec,0,22.8878,88.3974,4,44.4
12.6683867589072,0.595835272516937,31.9960475148333,0.0578068574933343,17:37:11,664sec,0,22.8878,88.3974,4,44.4
12.5933496908743,0.880309775245018,32.1266702554592,0.199833182888258,17:37:12,665sec,0,22.8878,88.3974,4,44.4
12.6034232640129,0.952145899658235,32.3787887303032,0.173717944201541,17:37:13,666sec,0,22.8878,88.3974,4,44.4
12.5999858228197,0.120542362072192,32.8141322268548,0,17:37:14,667sec,0,22.8878,88.3974,4,44.4
12.6306990891674,0.751864854729258,32.0648775648756,0.0808832973318501,17:37:15,668sec,0,22.8878,88.3974,4,44.4
12.6620868372494,0.602098284898954,31.9054573186957,0.0253642885330219,17:37:16,669sec,0,22.8878,88.3974,4,44.4
12.5481691841131,0.573441920531746,31.9027790049123,0.0129188901684125,17:37:17,670sec,0.0686743371685884,22.8878,88.3974,4,44.2712356178089
12.4889970030484,0.384497338228682,32.4837728374905,0,17:37:18,671sec,0.500970485242638,22.8878,88.3974,4,43.4606803401701
12.5798522896546,0.493650799236987,32.2341905518897,0.0418500107890683,17:37:19,672sec,0.933266633316662,22.8878,88.3974,4,42.6501250625313
12.5591081896735,0.510694767731191,31.6167904201532,0.0345120824999531,17:37:20,673sec,1.36556278139071,22.8878,88.3974,4,41.8395697848924
12.6702738749293,0.927490703184121,31.5504082603429,0.132959534141524,17:37:21,674sec,1.76,22.8878,88.3974,4,41.1236618309155
12.6296707048586,0.31406324367119,31.6448716053068,0,17:37:22,675sec,1.76,22.8878,88.3974,4,41.3938469234617
12.5512296658644,0.851183570735463,32.0598428724528,0.225168665243343,17:37:23,676sec,1.76,22.8878,88.3974,4,41.664032016008
12.5404026885535,0.605014847244699,31.7844514265981,0.146678538531272,17:37:24,677sec,1.76,22.8878,88.3974,4,41.9342171085543
12.6141537435084,0.416773732767464,32.1859364023702,0.0151708357806612,17:37:25,678sec,1.76,22.8878,88.3974,4,42.1799899949975
12.6243384900597,0.528436548527315,32.3465838061946,0.0679763914044925,17:37:29,682sec,1.76,22.8878,88.3974,4,40.951875937969
12.6008462744806,0.588914722768282,32.0112537403543,0.0624357733342485,17:37:29,682sec,1.76,22.8878,88.3974,4,39.7237618809405
12.6050147663661,0.596832929616496,31.9098989066925,0.0529130376435482,17:37:30,683sec,1.76,22.8878,88.3974,4,38.4956478239119
12.5524073279473,0.774105228538829,32.5901760683742,0.159139183209313,17:37:31,684sec,1.76,22.8878,88.3974,4,37.2675337668835
12.5300957427862,1.04524391184796,31.694850047317,0.258008522124124,17:37:32,685sec,1.76,22.8878,88.3974,4,37.4089044522261
12.6774230596151,0.781449521021919,31.3296584109429,0.162637010296121,17:37:33,686sec,1.76,22.8878,88.3974,4,37.6299649824912
12.5763074631518,1.19287094205679,32.0607331956114,0.334560762940138,17:37:34,687sec,1.76,22.8878,88.3974,4,37.8510255127564
12.5199556650935,1.20576824004814,32.4538320107705,0.328567527452991,17:37:35,688sec,1.76,22.8878,88.3974,4,38.0720860430215
12.5305840141443,1.07832868592076,31.9262512450767,0.315272544187336,17:37:36,689sec,1.76,22.8878,88.3974,4,39.4520260130065
12.5559487920137,1.20052351851777,32.3306017547305,0.271209550700067,17:37:37,690sec,1.76,22.8878,88.3974,4,40.9994497248624
12.5947879042846,1.55365519311319,32.3885632329853,0.46282433423139,17:37:38,691sec,1.76,22.8878,88.3974,4,42.5468734367184
12.5452149932853,1.02420996540175,32.5144394798235,0.244613663248852,17:37:39,692sec,1.76,22.8878,88.3974,4,44.0942971485743
12.548857873121,0.446589775523046,31.9876399848566,0.0711071776373737,17:37:40,693sec,1.76,22.8878,88.3974,4,43.2568284142071
12.6005996725343,1.00261526949148,31.8768534256178,0.231724388264871,17:37:41,694sec,1.76,22.8878,88.3974,4,41.832216108054
12.5623127946056,1.0647464756711,32.1882960788883,0.306527170885994,17:37:42,695sec,1.76,22.8878,88.3974,4,40.4076038019009
12.5489555231804,0.897032696293314,31.6305559001828,0.118738161848396,17:37:43,696sec,1.76,22.8878,88.3974,4,38.9829914957479
12.5478544628766,1.26011028150554,32.1590881069844,0.459430995267185,17:37:44,697sec,1.76,22.8878,88.3974,4,39.6416208104052
12.6157512442635,0.93662029115233,31.7870184960737,0.203387417743731,17:37:45,698sec,1.76,22.8878,88.3974,4,41.0662331165583
12.5167845128747,0.91296848587834,32.2520570329721,0.210588294502519,17:37:46,699sec,1.76,22.8878,88.3974,4,42.4908454227114
12.559939268792,1.89741037186574,31.9515866555261,0.583882829093067,17:37:47,700sec,1.76,22.8878,88.3974,4,43.9154577288644
12.5216186845778,1.00018426605745,31.3784530556022,0.197170891854613,17:37:48,701sec,1.76,22.8878,88.3974,4,44.2703351675838
12.6063341866727,0.690712259159952,32.0982310204664,0.133334712589611,17:37:49,702sec,1.76,22.8878,88.3974,4,44.0738369184592
12.647113934463,1.0741232016283,32.1755310111528,0.22505113646576,17:37:50,703sec,1.76,22.8878,88.3974,4,43.8773386693347
12.6178246441692,2.07762657831299,32.431767266624,0.578063190583821,17:37:51,704sec,1.76,22.8878,88.3974,4,43.6808404202101
12.5313649922433,1.08954969726183,32.0595003004342,0.41963855363297,17:37:52,705sec,2.01155577788895,22.8878,88.3974,4,37.86048024012
12.5260483935922,1.58737245395934,31.9589887241195,0.483924271440871,17:37:53,706sec,2.43893946973488,22.8878,88.3974,4,28.1092546273133
12.4933957961807,1.57928271628614,32.260204394846,0.438628137888155,17:37:54,707sec,2.86632316158079,22.8878,88.3974,4,18.3580290145072
12.5897445975463,1.21763188265851,32.5414030604387,0.201363116714522,17:37:55,708sec,3.29370685342673,22.8878,88.3974,4,8.6068034017005
12.6041152892974,1.00639696203745,32.2507486180084,0.284549569820824,17:37:56,709sec,3.5,22.8878,88.3974,4,7.03846923461734
12.4814826018956,1.63222387681759,32.3124560166015,0.519384750942469,17:37:57,710sec,3.5,22.8878,88.3974,4,13.1053526763384
12.5815378136196,1.46023535352733,31.3095301524194,0.519621558471667,17:37:58,711sec,3.5,22.8878,88.3974,4,19.1722361180591
12.5939478668541,1.13761833036099,31.7209089055999,0.340823028118117,17:37:59,712sec,3.5,22.8878,88.3974,4,25.2391195597801
12.5318290526113,1.45625985375547,32.1283756333011,0.489007451472307,17:38:00,713sec,3.5,22.8878,88.3974,4,28.4794897448724
12.5822374389731,1.52883836498806,31.8071246208726,0.544852509188132,17:38:01,714sec,3.5,22.8878,88.3974,4,28.2093046523262
12.618858490578,1.54147701132422,32.0603512958488,0.410438111063411,17:38:02,715sec,3.5,22.8878,88.3974,4,27.9391195597799
12.5449199203261,1.43836146437728,31.7804396546679,0.458671421999883,17:26:10,3sec,3.5,22.8878,88.3974,4,27.6689344672336
12.6365359439179,0.983057961489681,32.5455756754069,0.229170341598055,17:26:11,4sec,3.5,22.8878,88.3974,4,26.6807903951976
12.5295504377603,2.04450228395936,32.0239810439079,0.717202969895489,17:26:17,10sec,3.5,22.8878,88.3974,4,24.4947473736868
12.5674412871974,1.36275798246472,31.6432681613869,0.433986845523903,17:26:18,11sec,3.5,22.8878,88.3974,4,22.3087043521761
12.5610250180458,1.71940562476231,31.7459781955527,0.654832958149006,17:26:19,12sec,3.5,22.8878,88.3974,4,20.1226613306653
12.5521182086405,1.51828530490551,32.0214584171346,0.441273679298728,17:26:23,15sec,3.5,22.8878,88.3974,4,18.8459729864932
12.5018016989976,1.2830443837899,31.895594250604,0.357835121938052,17:26:23,16sec,3.5,22.8878,88.3974,4,19.6565282641321
12.6258460567889,1.8654030557744,31.5617332012041,0.707525413149582,17:26:23,16sec,3.5,22.8878,88.3974,4,20.4670835417709
12.4628148263474,1.39783526752914,31.8948687981325,0.40280107968593,17:26:24,17sec,3.5,22.8878,88.3974,4,21.2776388194097
12.5335911562694,1.33922485465198,32.0035681167911,0.512262281469042,17:26:25,18sec,3.5,22.8878,88.3974,4,21.9342171085543
12.5550133120764,1.32877722722647,32.1055905309801,0.453334776037249,17:26:26,19sec,3.5,22.8878,88.3974,4,22.0815907953977
12.4498774630524,1.62531753695221,32.2879719502976,0.615790251056686,17:26:27,20sec,3.5,22.8878,88.3974,4,22.2289644822411
12.4620893817371,1.83557093963035,32.1770936705066,0.6556158713457,17:26:28,21sec,3.5,22.8878,88.3974,4,22.3763381690845
12.4729264694311,1.20158954061274,32.1781053791482,0.536019101660554,17:26:29,22sec,3.5,22.8878,88.3974,4,22.488144072036
12.4053536152053,2.02444999313775,31.6169883596153,0.791554452846594,17:26:30,23sec,3.5,22.8878,88.3974,4,22.4144572286143
12.5014004037903,1.92045911522341,32.0309180898137,0.6335835719107,17:26:31,24sec,3.5,22.8878,88.3974,4,22.3407703851926
12.5013329427759,2.63736016035758,31.8028276487854,0.993963539435587,17:26:32,25sec,3.5,22.8878,88.3974,4,22.2670835417709
12.4411678687912,1.83874028472759,31.8707928217003,0.648009208937001,17:26:33,26sec,3.5,22.8878,88.3974,4,22.2
12.4644300878645,1.64582353661363,32.0493673769534,0.586609959868263,17:26:34,27sec,3.5,22.8878,88.3974,4,22.2
12.558825518986,1.90290860800139,32.544369297011,0.665163358875628,17:26:35,28sec,3.5,22.8878,88.3974,4,22.2
12.518397186807,2.11606457998964,32.4008976668937,0.688695406190229,17:26:36,29sec,3.5,22.8878,88.3974,4,22.2
12.4188195713769,2.13271115744996,32.4614627145646,0.825666424093543,17:26:37,30sec,3.5,22.8878,88.3974,4,22.1977488744372
12.4495421811428,2.52604810299414,31.5509313575797,1.00993229341901,17:26:38,31sec,3.5,22.8878,88.3974,4,22.0749374687344
12.5281363047758,2.53946858312984,31.51258186419,0.926907752702018,17:26:39,32sec,3.5,22.8878,88.3974,4,21.9521260630315
12.5987714687019,2.42487181354593,32.0329932172585,0.810913634375523,17:26:40,33sec,3.5,22.8878,88.3974,4,21.8293146573287
12.5434189749581,2.07168514749834,32.3915573534027,0.738168484821483,17:26:41,34sec,3.5,22.8878,88.3974,4,21.7065032516258
12.5281943302006,2.11967159248186,32.1067034471926,0.762770490779213,17:26:42,35sec,3.5,22.8878,88.3974,4,21.816308154077
12.5102971003862,2.1185715343528,31.8966234861797,0.692901065969552,17:26:43,36sec,3.5,22.8878,88.3974,4,21.9391195597799
12.5564416231703,2.60609357156272,31.6554314022454,0.89907476117318,17:26:44,37sec,3.5,22.8878,88.3974,4,22.0619309654827
12.4865679830294,2.7500044789918,31.4571220958309,0.957872310726959,17:26:45,38sec,3.5,22.8878,88.3974,4,22.1847423711856
12.5036297013576,2.5099875348443,32.1155423839028,0.849273634204084,17:26:46,39sec,3.33436718359179,22.8878,88.3974,4,20.4791395697848
12.5174118348591,2.61539062388842,32.2214558579501,1.01237865316172,17:26:47,40sec,3.1452376188094,22.8878,88.3974,4,18.5141570785392
12.4692049246007,2.54823168952917,31.9683637053815,1.03513371853121,17:26:48,41sec,2.95610805402701,22.8878,88.3974,4,16.5491745872937
12.4219344586916,2.0896196549866,31.8056219869825,0.830591347729685,17:26:49,42sec,2.76697848924463,22.8878,88.3974,4,14.5841920960481
12.4619912906159,2.5483849236137,31.8095120481589,1.02435906692492,17:26:50,43sec,2.19055527763878,22.8878,88.3974,4,17.9741370685345
12.4351844058018,2.60991685868705,32.5704305847276,1.04831171090409,17:26:51,44sec,1.52000500250123,22.8878,88.3974,4,22.6655327663833
12.4575401274065,2.87893224693887,31.9249373621539,1.10006192550914,17:26:52,45sec,0.849454727363684,22.8878,88.3974,4,27.3569284642321
12.476620489356,2.92446530921607,32.0791377803401,1.10656878698266,17:26:53,46sec,0.178904452226135,22.8878,88.3974,4,32.0483241620809
12.589472962253,2.78594758549887,32.0431817594368,1.05299134351378,17:26:55,47sec,0.491645822911491,22.8878,88.3974,4,30.8507753876937
12.4670598210341,2.74583254217578,32.2442805184815,1.06768307909046,17:26:55,48sec,1.16219609804904,22.8878,88.3974,4,27.5103051525762
12.4908550423161,2.54027572646262,32.9817042850216,0.984077691132719,17:26:57,49sec,1.83274637318659,22.8878,88.3974,4,24.1698349174588
12.4304764326695,2.90757450977985,31.6402302901434,1.2326286629349,17:26:57,50sec,2.50329664832414,22.8878,88.3974,4,20.8293646823413
12.4786403626033,2.58156951904721,32.124705299716,0.981142745522408,17:26:58,51sec,2.73,22.8878,88.3974,4,20.1552276138069
12.4065265564249,3.61610121319575,32.3286393275582,1.47102326113585,17:26:59,52sec,2.73,22.8878,88.3974,4,20.8429714857429
12.4694532775381,2.18347194016956,32.2213991824079,0.92198754839502,17:27:00,53sec,2.73,22.8878,88.3974,4,21.5307153576788
12.4113789266857,3.01357940500204,32.5473003213364,1.29116662182594,17:27:01,54sec,2.73,22.8878,88.3974,4,22.2184592296148
12.4929206608463,3.07823255457839,31.7801366190988,1.30354738615983,17:27:03,55sec,2.33395197598796,22.8878,88.3974,4,24.1103051525764
12.5053931534133,2.9820075015073,31.81488386707,1.26787877024385,17:27:03,56sec,1.66340170085041,22.8878,88.3974,4,26.8367183591796
12.473009626965,3.22629702845056,32.1890251686856,1.28962864516764,17:27:04,57sec,0.992851425712866,22.8878,88.3974,4,29.5631315657829
12.4970114819613,2.93147249329487,31.8773589487247,1.1123925399227,17:27:05,58sec,0.322301150575317,22.8878,88.3974,4,32.2895447723861
12.4707645589551,3.21529165937219,31.9901823486309,1.11615135782968,17:27:06,59sec,0,22.8878,88.3974,4,32.9621810905452
12.5535674250515,3.4469358317809,32.2193154402272,1.34714943806446,17:27:07,60sec,0,22.8878,88.3974,4,31.7340670335167
12.4833761519064,3.39434298705318,32.226153522016,1.33205277005432,17:27:08,61sec,0,22.8878,88.3974,4,30.5059529764883
12.4598346398013,3.4929729590233,31.532799411482,1.29108743662586,17:27:09,62sec,0,22.8878,88.3974,4,29.2778389194597
12.5096947598215,2.92183478576226,32.1000378284706,1.13603448723824,17:27:10,63sec,0.300450225112582,22.8878,88.3974,4,27.9946973486743
12.525677908934,3.38754935048777,32.0729715682617,1.26685722119356,17:27:11,64sec,0.971000500250131,22.8878,88.3974,4,26.643771885943
12.4516472045514,3.3928857220696,31.8449946705033,1.40423102689869,17:27:15,68sec,1.64155077538768,22.8878,88.3974,4,25.2928464232116
12.5668128507468,3.86120245381566,32.05701190021,1.61474967557661,17:27:15,68sec,2.31210105052531,22.8878,88.3974,4,23.9419209604802
12.5135956720972,3.85724972283338,31.9890860289663,1.55186350341702,17:27:16,69sec,2.73,22.8878,88.3974,4,22.9889444722361
12.5151259329003,3.84018403011157,32.0804631448056,1.485231856731,17:27:17,70sec,2.73,22.8878,88.3974,4,22.6941970985493
12.5365900547272,3.2325812089181,31.3597378129949,1.28321856370087,17:27:18,71sec,2.73,22.8878,88.3974,4,22.3994497248624
12.4566452879528,3.28457029757228,31.9977192115192,1.36149044198529,17:27:19,72sec,2.73,22.8878,88.3974,4,22.1047023511756
12.5023777034819,3.70649608943697,31.6869503711185,1.56357458499171,17:27:20,73sec,2.73,22.8878,88.3974,4,21.9
12.6088921431189,4.15225650189804,31.9915866726837,1.50401852791747,17:27:26,79sec,2.73,22.8878,88.3974,4,21.9
12.4788120405302,3.13666316583493,31.874871291641,1.32317974630896,17:27:27,80sec,2.73,22.8878,88.3974,4,21.9
12.3840885385235,4.04759730231085,31.7884702761266,1.64015198147412,17:27:29,81sec,2.73,22.8878,88.3974,4,21.9
12.5015479521813,3.763946449514,31.5679333826825,1.47378230597941,17:27:33,85sec,2.73,22.8878,88.3974,4,21.7734367183592
12.5393417245907,3.63153027930975,32.036698736726,1.48873066242538,17:27:33,86sec,2.73,22.8878,88.3974,4,21.2330665332666
12.4673426090855,3.48902679150011,32.3474893410783,1.46516784826944,17:27:34,87sec,2.73,22.8878,88.3974,4,20.6926963481741
12.3681831829252,4.32870515453089,31.9784257565341,1.81752212267218,17:27:35,88sec,2.73,22.8878,88.3974,4,20.1523261630815
12.5520359130176,4.13185074360624,31.9632005094211,1.73954221239924,17:27:44,97sec,2.73,22.8878,88.3974,4,19.467883941971
12.4439197433905,4.29855544080735,32.3412275650186,1.77079693644216,17:27:45,97sec,2.73,22.8878,88.3974,4,18.0432716358179
12.4344711967654,4.61648319196884,31.8860901419471,1.90844165580866,17:27:46,99sec,2.73,22.8878,88.3974,4,16.6186593296649
12.3654780634316,4.82804731703895,32.0417307092374,1.94996946664431,17:27:46,99sec,2.73,22.8878,88.3974,4,15.1940470235117
12.409630069737,4.35838391580497,31.8550843732252,1.72014757132675,17:27:57,109sec,2.73,22.8878,88.3974,4,14.0125562781391
12.4849545082828,4.64774958595521,31.8580468315274,1.8415201623038,17:27:57,110sec,2.73,22.8878,88.3974,4,15.2406703351676
12.3956232514742,4.10282423652739,31.484624832941,1.76735327871649,17:27:58,111sec,2.73,22.8878,88.3974,4,16.4687843921961
12.3863013917759,4.1895407987385,32.0541800648394,1.70379849848208,17:27:59,112sec,2.73,22.8878,88.3974,4,17.6968984492247
12.4770584820779,4.41514224299315,32.0196125499302,1.74598933854319,17:28:03,116sec,2.73,22.8878,88.3974,4,18.8914957478739
12.295480305398,4.33731473734165,31.6819418638753,1.85217946399454,17:28:06,119sec,2.73,22.8878,88.3974,4,18.4739369684843
12.4137583905167,4.14883901572136,31.1722043827871,1.71575090393845,17:28:06,119sec,2.73,22.8878,88.3974,4,18.0563781890946
12.3634988981242,5.27624540523131,31.9689774100462,2.16267386026288,17:28:07,120sec,2.73,22.8878,88.3974,4,17.6388194097048
12.3891932135963,4.65105513505777,31.7808869315799,1.93859333928606,17:28:13,126sec,2.73,22.8878,88.3974,4,17.2212606303152
12.4462558066935,5.13720856067733,31.6182391904709,2.08871188444503,17:28:14,127sec,2.09359179589796,22.8878,88.3974,4,17.8527263631816
12.4494887783935,4.45579419096853,31.7753933867995,1.92377211489578,17:28:15,128sec,1.42304152076041,22.8878,88.3974,4,18.5404702351175
12.3966137179249,4.69754398113044,31.9821983837695,1.95483366905428,17:28:16,129sec,0.752491245622784,22.8878,88.3974,4,19.2282141070536
12.3916371223722,4.71888082910672,31.4138596136376,1.85166918277258,17:28:17,130sec,0.0819409704852356,22.8878,88.3974,4,19.9159579789895
12.4017343647585,4.98362720448212,31.6925599746467,2.11502887938233,17:28:18,131sec,0.754627313656812,22.8878,88.3974,4,15.6878439219611
12.3926163645498,4.95996056931677,31.8227153462656,2.18352127409943,17:28:19,132sec,1.61430715357685,22.8878,88.3974,4,10.7753876938466
12.4571529771304,4.56032403653718,31.8080556342144,1.98531579200938,17:28:20,133sec,2.47398699349678,22.8878,88.3974,4,5.86293146573269
12.4447380294859,4.86157824671179,31.9425879814363,2.05385987486244,17:28:21,134sec,3.33366683341671,22.8878,88.3974,4,0.950475237618775
12.4589935020882,5.34795371965354,31.4641907517933,2.16578512370985,17:28:25,137sec,3.5,22.8878,88.3974,4,2.75357678839412
12.4088731829653,5.56580638876893,32.4133326058836,2.3335766695145,17:28:25,138sec,3.5,22.8878,88.3974,4,6.16773386693368
12.3761785724081,5.3603794505637,31.9308243736351,2.18609246570115,17:28:29,142sec,3.5,22.8878,88.3974,4,9.58189094547285
12.4947988578857,5.00253595608173,31.2205183469253,2.08949888287382,17:28:29,142sec,3.5,22.8878,88.3974,4,12.996048024012
12.4392302181748,4.93191853398581,31.5749446478322,2.08735079490599,17:28:32,145sec,3.5,22.8878,88.3974,4,13.304052026013
12.4167986894182,5.80563045537215,32.0913236462103,2.3641674539993,17:28:32,145sec,3.5,22.8878,88.3974,4,12.4934967483741
12.4048208785176,5.24313258723079,32.0999966339864,2.28570228383037,17:28:33,146sec,3.5,22.8878,88.3974,4,11.6829414707353
12.3829297288617,5.04249332022085,31.8918606664388,2.20741809361216,17:28:34,147sec,3.5,22.8878,88.3974,4,10.8723861930966
12.3864830607487,5.56307829122746,31.8129995753235,2.27990563658165,17:28:45,158sec,2.92921460730368,22.8878,88.3974,4,13.2256128064031
12.5089775589626,5.68451671991052,32.2284381204224,2.39142684577176,17:28:48,160sec,2.06953476738364,22.8878,88.3974,4,17.1801400700352
12.4146396347239,5.29151829825648,32.0802716118567,2.25889391607981,17:28:53,165sec,1.20985492746371,22.8878,88.3974,4,21.1346673336669
12.4666258475343,5.60546457835754,32.0554186542212,2.3020566848749,17:28:54,167sec,0.350175087543775,22.8878,88.3974,4,25.0891945972986
12.4347869528581,5.35275772090283,32.3304618230918,2.34867253501792,17:28:55,168sec,0.509504752376159,22.8878,88.3974,4,24.5891945972988
12.3755369265234,5.56416664042503,31.6861822921379,2.40540329738535,17:28:56,169sec,1.36918459229619,22.8878,88.3974,4,21.0276638319158
12.4093203531044,5.76568721337798,32.2875476455023,2.54268509523564,17:28:57,169sec,2.22886443221613,22.8878,88.3974,4,17.4661330665332
12.3804677337085,5.53978358123595,31.5605864261053,2.23388842728322,17:28:57,170sec,3.08854427213606,22.8878,88.3974,4,13.9046023011506
12.3984035241672,5.86515375740911,31.6109304060886,2.47163588162719,17:28:58,171sec,3.5,22.8878,88.3974,4,12.0207103551776
12.4275346602639,5.71524669692736,31.8089053017218,2.51115786107172,17:28:59,172sec,3.5,22.8878,88.3974,4,11.6768384192096
12.37121430888,6.04772914800228,31.7462204064356,2.58418160658329,17:29:00,173sec,3.5,22.8878,88.3974,4,11.3329664832416
12.3097093669485,5.70925895805427,31.8149162819314,2.43131767332115,17:29:01,174sec,3.5,22.8878,88.3974,4,10.9890945472736
12.3669062975172,5.50636538892389,31.7782705319032,2.41567608840421,17:29:05,178sec,3.11305652826417,22.8878,88.3974,4,12.4583291645821
12.4415470647397,5.94821798527546,31.2483703906294,2.42357100367916,17:29:06,179sec,2.25337668834413,22.8878,88.3974,4,16.142671335668
12.3120406151447,6.2331617684726,31.4884402620616,2.66742012321302,17:29:09,182sec,1.3936968484242,22.8878,88.3974,4,19.8270135067534
12.3758925778935,5.74855916223164,31.8394364002194,2.41483807034517,17:29:10,182sec,0.534017008504264,22.8878,88.3974,4,23.5113556778389
12.361999661214,6.27011694998246,32.191136273872,2.74740132060363,17:29:18,191sec,0.32566283141567,22.8878,88.3974,4,23.3993996998502
12.3333602736189,5.5459476375549,32.0207267387466,2.37546708556075,17:29:19,191sec,1.1853426713357,22.8878,88.3974,4,17.0623311655825
12.4179465803904,6.24315189706853,31.8167116056899,2.67438470329306,17:29:20,192sec,2.04502251125564,22.8878,88.3974,4,10.7252626313156
12.4168809069381,6.13713309250341,31.6853195212828,2.70682178998755,17:29:23,196sec,2.90470235117557,22.8878,88.3974,4,4.38819409704864
12.4164486287646,5.92561733183105,31.3883574070137,2.5907367546997,17:29:24,196sec,3.5,22.8878,88.3974,4,0.88379189594817
12.336305219189,6.43721115302408,32.0668495249784,2.68916349750203,17:29:25,197sec,3.5,22.8878,88.3974,4,3.75757878939481
12.4524477204928,6.337641284659,32.1327661622887,2.7582788593053,17:29:29,201sec,3.5,22.8878,88.3974,4,6.63136568284144
12.4713800269069,6.39144840539855,31.62947492886,2.70986213830103,17:29:29,202sec,3.5,22.8878,88.3974,4,9.50515257628808
12.3083515238536,5.89168552634764,31.7218896571492,2.54583575122711,17:29:30,202sec,3.5,22.8878,88.3974,4,11.6825912956478
12.3372812145925,6.25816758015635,31.5784547202695,2.60960323700877,17:29:31,203sec,3.5,22.8878,88.3974,4,11.6089044522261
12.3096182037581,6.21275412882236,31.790818505977,2.57215519128024,17:29:32,205sec,3.5,22.8878,88.3974,4,11.5352176088044
12.2844331772647,6.41357086432125,31.2482523662528,2.75320673840159,17:29:33,206sec,3.5,22.8878,88.3974,4,11.4615307653827
12.3412680706819,6.56586035972335,31.8093549061636,2.80210424005759,17:29:34,206sec,3.5,22.8878,88.3974,4,11.3108554277138
12.3512288592596,6.69672677060127,31.2084889167199,2.9381778755937,17:29:35,207sec,3.5,22.8878,88.3974,4,10.7704852426213
12.3319070885196,6.99928524566816,31.4629105239093,2.92739013228304,17:29:46,219sec,3.5,22.8878,88.3974,4,10.2301150575288
12.3786065172701,6.70719997508838,31.4584420916535,2.8633839921184,17:29:47,220sec,3.5,22.8878,88.3974,4,9.68974487243623
12.3150492614445,6.80757218020278,31.8192096561887,2.79339705716745,17:29:48,221sec,3.5,22.8878,88.3974,4,9.23681840920462
12.4606977994964,6.59993154510265,31.9577110713547,2.73501256705778,17:29:49,222sec,3.5,22.8878,88.3974,4,9.62981490745374
12.415570947521,6.67175856724209,31.6646033888782,2.91095540642428,17:29:52,225sec,3.5,22.8878,88.3974,4,10.0228114057029
12.2869524316693,6.86097320325596,31.759966116695,2.82259378440075,17:29:53,225sec,3.5,22.8878,88.3974,4,10.415807903952
12.4058977522986,6.78375310065588,32.0761193729785,2.86089505285646,17:29:54,226sec,3.5,22.8878,88.3974,4,10.7972486243122
12.3738506494734,7.16159017745048,31.2888154561002,3.08459560326534,17:29:55,227sec,3.5,22.8878,88.3974,4,10.6744372186093
12.3387652042551,6.67045713202907,31.6110154748383,2.75633471928289,17:29:56,229sec,3.5,22.8878,88.3974,4,10.5516258129065
12.4521802605009,6.42393870084633,31.7172696948483,2.85801887245402,17:30:04,237sec,3.5,22.8878,88.3974,4,10.4288144072036
12.3433724181122,6.30579363288853,31.8380514036931,2.74271150424555,17:30:05,238sec,3.5,22.8878,88.3974,4,10.3060030015007
12.3843501661432,7.18397957202459,31.4493498991757,3.00823720349205,17:30:06,238sec,3.5,22.8878,88.3974,4,10.8139569784893
12.3905676953857,6.40334968257624,31.7843484894192,2.71898399544102,17:30:15,247sec,3.5,22.8878,88.3974,4,11.3543271635818
12.3098436163939,6.61217128677258,31.293321837724,2.80127253165834,17:30:18,250sec,3.5,22.8878,88.3974,4,11.8946973486743
12.2774868103227,6.75272284602719,31.3977084251145,2.98366142637895,17:30:18,251sec,3.5,22.8878,88.3974,4,12.4350675337669
12.2900225570283,7.29177336764042,31.7571241977527,3.05700322811361,17:30:19,252sec,3.5,22.8878,88.3974,4,11.8300650325163
12.3989772889108,6.92990954493701,32.2311620882675,3.08574285147931,17:30:20,253sec,3.5,22.8878,88.3974,4,11.0686343171586
12.3462019953975,6.77401570875031,32.0258727015586,2.98238116209382,17:30:21,254sec,3.5,22.8878,88.3974,4,10.3072036018009
12.3640097832697,6.72006116443475,31.6391084458118,2.95959169062656,17:30:22,255sec,3.5,22.8878,88.3974,4,9.54577288644319
12.365550678678,6.76563097920007,31.8370772812261,2.94780040898279,17:30:23,256sec,3.5,22.8878,88.3974,4,9.36028014007004
12.3349709693139,7.04674806664385,31.5328406047721,3.08238817538533,17:30:24,257sec,3.5,22.8878,88.3974,4,9.3111555777889
12.3700032254736,7.56054588521484,31.6467614041568,3.1874000628729,17:30:25,258sec,3.5,22.8878,88.3974,4,9.26203101550775
12.422048375695,7.09400817347616,31.3602830415336,2.94690086307662,17:30:26,259sec,3.5,22.8878,88.3974,4,9.21290645322661
12.3839044790532,7.33615299921499,31.7813573183002,3.12118677542526,17:30:27,260sec,3.5,22.8878,88.3974,4,9.29054527263632
12.3091246223942,6.72168356577932,31.3428118465729,2.9117925644376,17:30:28,261sec,3.5,22.8878,88.3974,4,9.41335667833917
12.3594573553049,6.87944377071356,31.0291393824663,2.93685151134064,17:30:29,262sec,3.5,22.8878,88.3974,4,9.53616808404203
12.3551342498072,7.11841127362548,31.7471814903627,3.15828972891026,17:30:30,263sec,3.5,22.8878,88.3974,4,9.65897948974488
12.3190167123031,6.30347981277088,31.6993952927282,2.85536500079133,17:30:31,264sec,3.5,22.8878,88.3974,4,9.61820910455228
12.385192020077,7.71703352565705,31.6301583466799,3.26977725709004,17:30:32,265sec,3.5,22.8878,88.3974,4,9.49539769884943
12.3012145114156,7.21846472131631,31.1183818901974,3.15439503875386,17:30:33,266sec,3.5,22.8878,88.3974,4,9.37258629314657
12.3372153714699,7.59487786639766,31.4207153210964,3.21202905813511,17:30:34,267sec,3.5,22.8878,88.3974,4,9.24977488744372
12.4249246635543,7.49808576689288,31.5085231827663,3.29904314172743,17:30:35,268sec,3.5,22.8878,88.3974,4,8.83481740870435
12.3668333878642,7.10037624095669,31.2619366244122,3.22909031327073,17:30:41,274sec,3.5,22.8878,88.3974,4,8.22076038019011
12.40550335176,7.45154692356572,31.5799735611655,3.21295157478116,17:30:45,277sec,3.5,22.8878,88.3974,4,7.6067033516758
12.3653507805076,6.87174165232569,32.135559030336,3.13330919189285,17:30:45,278sec,3.5,22.8878,88.3974,4,6.99264632316156
12.3926157123983,7.56083434425417,31.1246844397583,3.28874839207364,17:30:46,278sec,3.5,22.8878,88.3974,4,6.62286143071536
12.2874356508719,7.18711555234361,31.7333124536877,3.16707297793173,17:30:47,280sec,3.5,22.8878,88.3974,4,6.47548774387194
12.270446603389,7.52825110575489,31.5059635297382,3.26377652821905,17:30:48,281sec,3.5,22.8878,88.3974,4,6.32811405702851
12.2848851490283,7.10637177290337,31.4365710285664,3.21792729348902,17:30:54,287sec,3.5,22.8878,88.3974,4,6.18074037018509
12.3320391481318,7.26124102087551,31.1211415537886,3.16542757324853,17:30:55,288sec,3.5,22.8878,88.3974,4,5.61135567783892
12.3278561648628,7.86559591689069,31.0716652605621,3.47380714630095,17:31:01,294sec,3.5,22.8878,88.3974,4,4.53061530765386
12.278994045367,7.37029903446048,31.499187544707,3.16109524860349,17:31:02,294sec,3.5,22.8878,88.3974,4,3.44987493746868
12.3674446648374,7.20606693465432,31.2858563939308,3.13799821705889,17:31:03,295sec,3.5,22.8878,88.3974,4,2.36913456728362
12.2336753021687,8,31.740634500367,3.38235768763213,17:31:04,297sec,3.5,22.8878,88.3974,4,1.95257628814407
12.2378380323108,7.60006934572572,31.2884803843045,3.24401582856105,17:31:05,297sec,3.5,22.8878,88.3974,4,2.61575787893945
12.2443342700591,7.93760447304717,31.2931878256081,3.42055590080173,17:31:06,299sec,3.5,22.8878,88.3974,4,3.2789394697349
12.2943575541202,8,31.4950973398504,3.36417072734381,17:31:07,299sec,3.5,22.8878,88.3974,4,3.94212106053028
12.3352933198504,7.76309276990144,31.2592903406769,3.36307900871045,17:31:08,300sec,3.5,22.8878,88.3974,4,4.4912456228114
12.3229867444473,7.47400593151011,31.4541669762859,3.2291478562206,17:31:11,304sec,3.5,22.8878,88.3974,4,4.78599299649824
12.3130739497673,7.89804306769481,31.6546325819788,3.45253484585098,17:31:12,305sec,3.5,22.8878,88.3974,4,5.08074037018511
12.4117774213311,7.79240512832293,31.2193490834478,3.38492861010627,17:31:13,306sec,3.5,22.8878,88.3974,4,5.37548774387194
12.2285514885468,7.60184189177764,31.5548865220463,3.36653203741123,17:31:14,307sec,3.5,22.8878,88.3974,4,5.58244122061031
12.3019545559075,7.41743007361438,31.4392180689804,3.29844743048929,17:31:15,307sec,3.5,22.8878,88.3974,4,5.50875437718859
12.3221264963262,7.94829760870857,31.2554675503204,3.31924241673122,17:31:16,309sec,3.5,22.8878,88.3974,4,5.43506753376688
12.3136709127413,7.79269054569357,31.0972256575786,3.40528784676248,17:31:19,312sec,3.5,22.8878,88.3974,4,5.36138069034517
12.3542525474931,8,31.1026048561635,3.5,17:31:20,313sec,3.5,22.8878,88.3974,4,5.35742871435717
12.2683363827265,7.79506353263159,31.3771316879643,3.28164848647305,17:31:21,313sec,3.5,22.8878,88.3974,4,5.70130065032519
12.309987383485,8,31.5004708412371,3.42928114021703,17:31:22,314sec,3.5,22.8878,88.3974,4,6.04517258629316
12.2310188097908,8,31.1693449401253,3.5,17:31:23,315sec,3.5,22.8878,88.3974,4,6.38904452226113
12.3177205344458,7.32619676269297,31.021229631412,3.11519675518639,17:31:24,316sec,3.41770885442723,22.8878,88.3974,4,6.75172586293145
12.2675231352161,7.94270654015251,31.0857711396669,3.43246428072403,17:31:25,317sec,2.5580290145072,22.8878,88.3974,4,7.29209604802405
12.2801031196861,7.77461409282477,31.2789962780794,3.40579128232554,17:31:29,321sec,1.69834917458726,22.8878,88.3974,4,7.83246623311658
12.3399950109126,8,31.2626457432568,3.47754595726606,17:31:29,322sec,0.83866933466733,22.8878,88.3974,4,8.37283641820911
12.3371914450884,8,31.2840062837604,3.47172826023836,17:31:30,323sec,0.0210105052526046,22.8878,88.3974,4,8.84657328664338
12.2288977375673,7.91189265177538,30.9506945796086,3.43153276153787,17:31:31,324sec,0.880690345172638,22.8878,88.3974,4,6.66053026513243
12.2608785466189,8,31.1933406788492,3.5,17:31:39,332sec,1.74037018509257,22.8878,88.3974,4,4.47448724362174
12.4379004036452,8,31.2275989442091,3.44905018846148,17:31:42,335sec,2.60005002501251,22.8878,88.3974,4,2.28844422211105
12.2618670267134,7.92754048765507,30.7068711448412,3.44581867359026,17:31:48,341sec,3.45972986493244,22.8878,88.3974,4,0.102401200600363
12.2521020942186,7.51574076566574,31.2288907795333,3.38130796697448,17:31:49,342sec,3.5,22.8878,88.3974,4,0.65552776388198
12.1885448872238,8,31.7385689807696,3.40919520881523,17:31:50,343sec,3.5,22.8878,88.3974,4,1.34327163581793
12.341988004943,8,31.3111290394247,3.45954588857765,17:31:51,344sec,3.5,22.8878,88.3974,4,2.03101550775388
12.2300140880499,7.84643059098833,31.311265814631,3.33894127417641,17:31:57,350sec,3.5,22.8878,88.3974,4,2.71875937968982
12.2859122330487,8,31.401343305702,3.5,17:32:01,353sec,3.5,22.8878,88.3974,4,2.97328664332167
12.1862392356403,8,31.1735231190653,3.49841596121552,17:32:01,354sec,3.5,22.8878,88.3974,4,3.16978489244623
12.1477381699385,7.94621902680978,31.6085981692775,3.5,17:32:02,355sec,3.5,22.8878,88.3974,4,3.36628314157078
12.2694520415438,8,31.0427256612786,3.48588339677794,17:32:03,356sec,3.5,22.8878,88.3974,4,3.56278139069534
12.2545814643657,7.6456238409742,31.2566179788172,3.44020384596601,17:32:04,357sec,3.5,22.8878,88.3974,4,3.10225112556275
12.2374469597511,8,31.6211317952856,3.5,17:32:05,358sec,3.5,22.8878,88.3974,4,2.48819409704851
12.2896689891225,8,31.1920704001587,3.44976892714061,17:32:06,359sec,3.5,22.8878,88.3974,4,1.87413706853427
12.2206028505989,7.6329829175962,31.1985087263189,3.39558378192849,17:32:07,360sec,3.5,22.8878,88.3974,4,1.26008004002003
12.2177532737236,8,31.3470152649534,3.35657534347749,17:32:08,361sec,3.5,22.8878,88.3974,4,1.35422711355679
12.2689953804578,7.9901832897557,30.9677329582862,3.49068400673113,17:32:09,362sec,3.5,22.8878,88.3974,4,1.69809904952477
12.2606708407841,8,31.0015577622818,3.48025323273689,17:32:10,363sec,3.5,22.8878,88.3974,4,2.04197098549274
12.2351225744299,8,31.4104065673499,3.38967575240089,17:32:11,364sec,3.5,22.8878,88.3974,4,2.38584292146076
12.2654596704613,8,31.1397015281961,3.5,17:32:12,365sec,3.5,22.8878,88.3974,4,2.45077538769384
12.2873712547027,8,31.1025990658032,3.37312469968967,17:32:13,366sec,3.5,22.8878,88.3974,4,2.37708854427214
12.2602289787253,8,30.8178214698353,3.5,17:32:14,367sec,3.5,22.8878,88.3974,4,2.30340170085043
12.2938394345368,8,30.6329582970972,3.43931382832572,17:32:25,378sec,3.5,22.8878,88.3974,4,2.22971485742871
12.2985826373502,8,30.7183040773459,3.5,17:32:29,381sec,3.5,22.8878,88.3974,4,2.287943971986
12.2361407468828,8,30.9651752737745,3.5,17:32:29,382sec,3.5,22.8878,88.3974,4,2.43531765882942
12.1961632891612,7.97445673133595,31.062852106614,3.5,17:32:35,388sec,3.5,22.8878,88.3974,4,2.58269134567283
12.2605036468703,7.62121330390255,30.9218879563419,3.43146947218019,17:32:36,389sec,3.5,22.8878,88.3974,4,2.73006503251627
12.2079897190016,7.90708745679232,31.2294339588905,3.30261095042623,17:32:40,392sec,3.5,22.8878,88.3974,4,2.58059029514756
12.296471484447,8,31.1247822147123,3.5,17:32:40,393sec,3.5,22.8878,88.3974,4,2.16303151575788
12.1618980916906,7.91579028109295,30.8073036884537,3.47547025876238,17:32:49,401sec,3.5,22.8878,88.3974,4,1.74547273636819
12.196241542266,8,31.2347040004506,3.5,17:32:49,402sec,3.5,22.8878,88.3974,4,1.32791395697846
12.318776918583,7.88384471674612,30.7308368683904,3.37856084876093,17:32:53,405sec,3.5,22.8878,88.3974,4,1.1
12.2299185621935,7.83764554898052,30.7814342864493,3.43188551092717,17:32:53,405sec,3.5,22.8878,88.3974,4,1.1
12.1881429370359,7.94267875704093,30.9633655421424,3.5,17:32:54,406sec,3.5,22.8878,88.3974,4,1.1
12.2461626074445,8,30.9387926216035,3.5,17:32:55,407sec,3.5,22.8878,88.3974,4,1.1
12.2320311648315,8,30.8983974568891,3.5,17:32:58,411sec,3.5,22.8878,88.3974,4,0.996548274137061
12.3066553278543,8,30.712950118895,3.44193459918144,17:32:59,411sec,3.5,22.8878,88.3974,4,0.726363181590796
12.2213465198431,7.79306749351743,31.0049925072634,3.42092815242566,17:33:10,423sec,3.5,22.8878,88.3974,4,0.456178089044531
12.271446961693,7.37023940747694,30.614437526204,3.24129678609745,17:33:11,424sec,3.5,22.8878,88.3974,4,0.185992996498234
12.1741977154219,8,30.9792150238862,3.49157648864421,17:33:12,425sec,3.5,22.8878,88.3974,4,0
12.2044806443158,7.81292395302895,30.6621744920928,3.44465896023428,17:33:13,426sec,3.5,22.8878,88.3974,4,0
12.1497856282488,7.55871859265574,30.7911252887327,3.29046699157645,17:33:14,427sec,3.5,22.8878,88.3974,4,0
12.215078679434,7.70949993990667,31.1580981373697,3.30948522901055,17:33:20,433sec,3.5,22.8878,88.3974,4,0
12.1622890691967,8,31.0006615587354,3.4900004192242,17:33:21,434sec,3.5,22.8878,88.3974,4,0
12.1568221356776,7.31409394983027,30.9745335371128,3.32044604573041,17:33:22,435sec,3.5,22.8878,88.3974,4,0
12.2409199252528,7.94449598482577,30.4690858679989,3.5,17:33:23,435sec,3.5,22.8878,88.3974,4,0
12.2969635497105,8,30.5320887696,3.49016210793973,17:33:24,437sec,3.5,22.8878,88.3974,4,0
12.1531243326796,7.66431656558231,30.8608102242526,3.4402906338572,17:33:25,438sec,3.5,22.8878,88.3974,4,0
12.2289660136445,7.62682675801588,30.2782405195667,3.29285665406733,17:33:26,439sec,3.5,22.8878,88.3974,4,0
12.2857217586154,8,31.4446633424336,3.48894152485442,17:33:27,440sec,3.5,22.8878,88.3974,4,0
12.2990013818748,7.80314316990762,30.8661511935829,3.33084821085177,17:33:28,441sec,3.5,22.8878,88.3974,4,0
12.2577690284211,7.61586564027901,30.7521998506824,3.38125726736542,17:33:29,442sec,3.5,22.8878,88.3974,4,0
12.2356896974534,7.48147692496048,31.0098958866055,3.21464693804937,17:33:30,443sec,3.5,22.8878,88.3974,4,0
12.1905068239707,7.70949956545607,30.6288106423603,3.24038541287728,17:33:31,444sec,3.5,22.8878,88.3974,4,0
12.2350843558812,7.82267409722911,30.7513387513887,3.22027720973069,17:33:32,445sec,3.5,22.8878,88.3974,4,0
12.2641980943135,7.9083150736729,30.4311949357394,3.5,17:33:33,445sec,3.5,22.8878,88.3974,4,0
12.2734581665329,7.94740624354814,30.3809723185839,3.46075391748365,17:33:34,447sec,3.5,22.8878,88.3974,4,0
12.2979311816165,8,30.4093976015151,3.48567282624578,17:33:35,448sec,3.5,22.8878,88.3974,4,0
12.158348598122,7.82043937177649,31.0732606832102,3.42564089986755,17:33:36,449sec,3.5,22.8878,88.3974,4,0
12.1781251827908,7.71124801894323,30.9563193247364,3.28522590113567,17:33:37,450sec,3.5,22.8878,88.3974,4,0
12.1988995577952,7.61421657117436,30.416254349093,3.18329930902645,17:33:38,451sec,3.5,22.8878,88.3974,4,0
12.1873334080637,7.48140323946341,29.9963820351613,3.25029207250943,17:33:39,452sec,3.5,22.8878,88.3974,4,0
12.2179923021662,7.67612608668623,30.8394191771533,3.23606170789867,17:33:40,453sec,3.5,22.8878,88.3974,4,0
12.1917703970023,7.47724367267042,30.6833826780501,3.23667468957669,17:33:41,453sec,3.5,22.8878,88.3974,4,0
12.2368268442817,7.50053513481109,30.768738943771,3.32217150600056,17:33:42,455sec,3.5,22.8878,88.3974,4,0
12.1169349985882,7.83177580501118,30.3766968826557,3.33774849280193,17:33:43,455sec,3.5,22.8878,88.3974,4,0
12.169884176107,7.64272392296783,30.4755830636431,3.30565692752785,17:33:44,457sec,3.5,22.8878,88.3974,4,0
12.2139938243873,7.80622418946802,30.3659900410049,3.21692624527937,17:33:45,458sec,3.5,22.8878,88.3974,4,0
12.2020198557116,7.55671935421948,30.5016806946267,3.26712860949187,17:33:46,459sec,3.5,22.8878,88.3974,4,0
12.2181342223231,7.8076347359167,31.128264302787,3.47108412023827,17:33:47,460sec,3.5,22.8878,88.3974,4,0
12.1901196712461,7.58492955124028,31.08552081001,3.38865406140403,17:33:48,461sec,3.5,22.8878,88.3974,4,0
12.2020858173235,7.98949020321995,30.2738737323282,3.40611882147257,17:33:49,462sec,3.5,22.8878,88.3974,4,0
12.2199589284262,7.29666650269953,30.4571388196541,3.13216016665194,17:33:50,463sec,3.5,22.8878,88.3974,4,0
12.1958560769462,7.35566083046978,30.3639037653893,3.14754180043752,17:33:51,464sec,3.5,22.8878,88.3974,4,0
12.2174489823183,7.68106334636357,30.7559806302498,3.35248676732464,17:33:52,465sec,3.5,22.8878,88.3974,4,0
12.1931233710606,7.46077259516526,29.9861390869566,3.22170310121534,17:33:53,466sec,3.5,22.8878,88.3974,4,0
12.200653162027,7.34375229606616,30.4796269505783,3.26142429079015,17:33:54,467sec,3.5,22.8878,88.3974,4,0
12.0488540748703,7.818326557728,30.7754182138736,3.43155290606829,17:33:55,468sec,3.5,22.8878,88.3974,4,0
12.2432793902904,7.13079793576681,29.7475824141534,3.12067045202807,17:33:56,469sec,3.5,22.8878,88.3974,4,0
12.2233559880019,7.30633792743673,29.9323452583166,3.19446353458593,17:33:57,470sec,3.5,22.8878,88.3974,4,0
12.1435701461856,7.86127875906276,30.4022067286922,3.34448928318723,17:33:58,471sec,3.5,22.8878,88.3974,4,0
12.2406864106975,7.42775737422733,30.421050249891,3.15135237859453,17:33:59,472sec,3.5,22.8878,88.3974,4,0
12.1831035050199,7.42221836449301,30.2101498691526,3.26678634105435,17:34:00,473sec,3.5,22.8878,88.3974,4,0
12.2041681556125,7.48662044123289,30.14018036096,3.13953096100022,17:34:01,474sec,3.5,22.8878,88.3974,4,0
12.1905783772502,6.72008473703867,30.6428773873631,2.9250556519408,17:34:02,475sec,3.04652326163075,22.8878,88.3974,4,1.04947473736883
12.2195872305567,7.00453105916969,29.5474255254421,3.12558961519041,17:34:03,476sec,2.18684342171082,22.8878,88.3974,4,3.03901950975496
12.2056296079738,7.04300590875563,30.4984020013847,3.05839067871295,17:34:04,477sec,1.32716358179088,22.8878,88.3974,4,5.0285642821411
12.1948250361126,7.03579136617963,30.6114270600725,2.99649000788107,17:34:05,478sec,0.46748374187095,22.8878,88.3974,4,7.01810905452723
12.1211560785705,7.35184260884941,30.0927775800026,3.22010592652734,17:34:06,479sec,0.392196098049084,22.8878,88.3974,4,7.19234617308641
12.1936843787182,7.57079707016183,30.6181124592774,3.16531698674975,17:34:07,480sec,1.25187593796902,22.8878,88.3974,4,5.20280140070027
12.106560920891,7.14006049070049,29.6231206115065,3.07067384896697,17:34:08,481sec,2.11155577788895,22.8878,88.3974,4,3.21325662831414
12.1025052425962,6.92982127450208,30.6190900243985,2.98014912205117,17:34:09,482sec,2.97123561780889,22.8878,88.3974,4,1.22371185592801
12.2244841082774,6.67297134929392,29.832936053865,2.84170143631908,17:34:10,483sec,3.5,22.8878,88.3974,4,0
12.1244384837889,6.72333185480356,30.4727974808725,2.74433831912631,17:34:11,484sec,3.5,22.8878,88.3974,4,0
12.2012539388251,6.6644193552417,30.1673706808972,2.86657628725948,17:34:12,485sec,3.5,22.8878,88.3974,4,0
12.205077275569,6.50059791620836,30.36493102441,2.79802172249571,17:34:13,486sec,3.5,22.8878,88.3974,4,0
12.0741784736397,6.65842250275763,30.4974009987489,2.86160082684139,17:34:14,487sec,3.5,22.8878,88.3974,4,0
12.1991012138338,6.30503035842251,30.1357835631458,2.77938984255288,17:34:15,488sec,3.5,22.8878,88.3974,4,0
12.1873707543965,7.09830995935521,30.2505086978911,3.12573064133714,17:34:16,489sec,3.5,22.8878,88.3974,4,0
12.0792618755073,6.44361849744632,30.8018642834353,2.8956954274343,17:34:17,490sec,3.5,22.8878,88.3974,4,0
12.0911625682677,6.7788048849941,29.7947448659944,2.91387164245137,17:34:18,491sec,3.5,22.8878,88.3974,4,0
12.1586106118375,6.54894811183426,30.3687856436029,2.73940062214654,17:34:19,492sec,3.5,22.8878,88.3974,4,0
12.1996895712,6.52513957791004,30.2012552671053,2.84656895097692,17:34:20,493sec,3.5,22.8878,88.3974,4,0
12.0437521614863,6.38218178441082,30.2770491301407,2.78876664038852,17:34:21,494sec,3.5,22.8878,88.3974,4,0
12.1420212947476,7.27159166288194,29.9678216194419,2.93220492292382,17:34:22,495sec,3.35292646323157,22.8878,88.3974,4,0
12.1672401571344,6.35673964769236,30.6389310399479,2.68922182568376,17:34:23,496sec,2.49324662331163,22.8878,88.3974,4,0
12.0869607467781,6.59352905942535,29.8737753621156,2.84379234567035,17:34:24,497sec,1.6335667833917,22.8878,88.3974,4,0
12.1116996923111,6.69737834729952,30.4454126847208,2.79257129159525,17:34:25,498sec,0.773886943471766,22.8878,88.3974,4,0
12.2442331731123,6.28801330256452,30.0290008858228,2.67983474201729,17:34:26,499sec,0.0857928964482682,22.8878,88.3974,4,0
12.1317875362531,6.44417527682951,30.2502362121181,2.78684630661514,17:34:27,499sec,0.945472736368203,22.8878,88.3974,4,0
12.1244192990361,6.32400269590956,29.7126436131772,2.77356188022235,17:34:28,501sec,1.80515257628814,22.8878,88.3974,4,0
12.1550159431966,6.03307704906244,29.7513892803643,2.59805210059228,17:34:29,501sec,2.66483241620807,22.8878,88.3974,4,0
12.0766452111168,6.33045752886581,30.3843417921145,2.74503864136541,17:34:30,503sec,3.5,22.8878,88.3974,4,0
12.2168857952545,5.82586126607844,30.1882881415862,2.57806587195386,17:34:31,504sec,3.5,22.8878,88.3974,4,0
12.1444734270571,6.43524985484028,29.7496826837014,2.64384126862865,17:34:32,505sec,3.5,22.8878,88.3974,4,0
12.0819369683112,6.3775278497789,29.932951993103,2.74077978037481,17:34:33,506sec,3.5,22.8878,88.3974,4,0
12.2521698442941,6.04601254520261,29.7963477658454,2.63696433352046,17:34:34,507sec,3.5,22.8878,88.3974,4,0
12.1544400930284,6.62865445840864,30.0239369570041,2.78491306030058,17:34:35,508sec,3.5,22.8878,88.3974,4,0
12.1188413527373,6.02747270665144,29.9605977521213,2.45974356082662,17:34:36,509sec,3.5,22.8878,88.3974,4,0
12.1120627470953,5.74951931905777,30.3268300675153,2.44827998453045,17:34:37,510sec,3.5,22.8878,88.3974,4,0
12.0403720763029,6.07837117029112,29.7436872111912,2.48673773983733,17:34:38,511sec,3.5,22.8878,88.3974,4,0
12.1633719206563,6.00695779800472,30.1415671347633,2.58239577859323,17:34:39,512sec,2.73836918459229,22.8878,88.3974,4,0.609304652326171
12.0667481316925,5.56230741713318,29.8648536948232,2.37811982136896,17:34:40,513sec,1.87868934467235,22.8878,88.3974,4,1.29704852426212
12.1402102693748,6.35281486832374,29.8014041632411,2.72490851983178,17:34:41,513sec,1.01900950475232,22.8878,88.3974,4,1.98479239619815
12.1595793821885,5.62863226668438,30.8540707937713,2.40831192899365,17:34:42,515sec,0.159329664832384,22.8878,88.3974,4,2.67253626813409
12.1380159570835,5.77516832723893,29.9453504633257,2.38570810826871,17:34:43,515sec,0,22.8878,88.3974,4,2.23971985992996
12.1441612975072,6.29194446226715,29.7143647038508,2.67689908852486,17:34:44,517sec,0,22.8878,88.3974,4,1.55197598799401
12.0577264220357,6.13931381796176,29.8115759925733,2.60430453247739,17:34:45,518sec,0,22.8878,88.3974,4,0.864232116057985
12.0920258813058,5.4787574610572,29.5325577299014,2.31102461481437,17:34:46,519sec,0,22.8878,88.3974,4,0.176488244122038
12.2086661972927,5.7783902752657,29.6645149075756,2.40886121322548,17:34:50,522sec,0.639069534767387,22.8878,88.3974,4,0
12.0444260947433,6.11232919205217,29.8172102618149,2.60888513234373,17:34:50,523sec,1.49874937468732,22.8878,88.3974,4,0
12.0690143005289,5.63752031648148,29.5933987800383,2.35473154251407,17:34:53,526sec,2.35842921460736,22.8878,88.3974,4,0
12.0956263212918,4.93571190099472,29.6442007618684,2.10423781139875,17:34:53,526sec,3.21810905452729,22.8878,88.3974,4,0
12.0653817755321,5.40715913200215,29.4102971268125,2.35535290619647,17:34:54,527sec,2.92221110555278,22.8878,88.3974,4,0
12.133081956518,5.60682151706042,29.8908878906384,2.45290978828888,17:34:55,528sec,2.06253126563284,22.8878,88.3974,4,0
12.1205093027186,5.05621203231108,29.5676953454657,2.05234034289567,17:34:56,529sec,1.20285142571281,22.8878,88.3974,4,0
12.0847888916473,4.78957302507194,29.9728024818602,2.08551079574108,17:34:57,530sec,0.343171585792874,22.8878,88.3974,4,0
12.1271812354421,4.90394551058093,29.5761231487703,2.10020217469618,17:34:58,531sec,0.516508254127061,22.8878,88.3974,4,0
12.1329209318254,5.10720871093104,29.4179353408604,2.17127572088037,17:34:59,532sec,1.376188094047,22.8878,88.3974,4,0
12.0814530254618,5.51084012570363,29.7717363957812,2.19108387365725,17:35:00,533sec,2.23586793396703,22.8878,88.3974,4,0
12.124475569552,5.72994108806292,29.8448840586684,2.43553342443181,17:35:04,537sec,3.09554777388696,22.8878,88.3974,4,0
11.9963828087072,5.29808349419076,30.3705731242363,2.17973676359942,17:35:04,537sec,3.5,22.8878,88.3974,4,0
12.098204589462,5.4203575749705,29.8202770753075,2.20519805196824,17:35:05,538sec,3.5,22.8878,88.3974,4,0
12.0775777105071,4.61971644942936,29.5702686798547,1.96210792190363,17:35:06,539sec,3.5,22.8878,88.3974,4,0
12.0743988167409,4.83262862892527,30.0503287551302,2.02387266040431,17:35:07,540sec,3.5,22.8878,88.3974,4,0
12.145697474785,4.68932950230622,29.2818707921348,1.87177888385842,17:35:08,541sec,3.5,22.8878,88.3974,4,0
12.0818282019797,5.06845951308796,29.5608156536102,2.10972345528606,17:35:12,545sec,3.5,22.8878,88.3974,4,0
12.1229726920919,5.25947359720982,29.0429093251147,2.22486491303625,17:35:12,545sec,3.5,22.8878,88.3974,4,0
12.0466231942767,4.44752286436496,29.2859599197765,1.69950750867277,17:35:13,546sec,3.5,22.8878,88.3974,4,0
12.101953116466,5.22429122658442,29.5929427586709,2.20763637646494,17:35:14,547sec,3.5,22.8878,88.3974,4,0
12.0806160314172,4.48537711134043,29.8682005345932,2.02464420456163,17:35:15,548sec,3.5,22.8878,88.3974,4,0
12.0552683966835,4.3034343738856,29.6271998104813,1.82858167939942,17:35:16,549sec,3.5,22.8878,88.3974,4,0
12.1777940785308,4.67666360836264,29.5174068737487,2.01949295083324,17:35:18,550sec,3.5,22.8878,88.3974,4,0
12.1027248280165,4.67869428905914,29.4401005754017,1.96546367485194,17:35:18,551sec,3.5,22.8878,88.3974,4,0
12.0675981499089,4.61644752161475,29.4624832257023,1.87784227705556,17:35:19,552sec,3.5,22.8878,88.3974,4,0
12.0524855150288,4.93627652870873,29.8034807123638,1.91472007142791,17:35:20,553sec,3.5,22.8878,88.3974,4,0
12.056084899137,4.81200189791277,29.7562990341437,2.06913728881461,17:35:27,559sec,3.5,22.8878,88.3974,4,0
12.0076447516384,4.39914818349209,29.5898305524367,1.75912211287405,17:35:32,565sec,3.5,22.8878,88.3974,4,0
12.1318114724091,4.73665624782286,29.9044240502505,1.97119644356449,17:35:33,566sec,3.5,22.8878,88.3974,4,0
12.0031350243043,3.85875207525281,29.4388641535019,1.58747466978444,17:35:37,570sec,3.5,22.8878,88.3974,4,0
11.9047030845749,3.87898525282803,29.8464942130084,1.64078310771006,17:35:38,570sec,3.5,22.8878,88.3974,4,0
12.1240593898545,4.69829609753986,29.7307024862859,1.88944655673635,17:35:39,572sec,3.5,22.8878,88.3974,4,0
12.1114815531289,4.23299276922612,30.1403013663911,1.78492320815758,17:35:40,572sec,3.5,22.8878,88.3974,4,0
12.098177980609,4.42350072094774,29.3854508329535,1.78493703606915,17:35:41,573sec,3.5,22.8878,88.3974,4,0
12.0768388418043,4.62687459898885,29.097545423681,1.82409652579877,17:35:42,574sec,3.5,22.8878,88.3974,4,0
12.0489570394587,4.24124109144995,29.647024180617,1.77764078000873,17:35:43,575sec,3.5,22.8878,88.3974,4,0
12.1001756167942,4.05471640402803,29.4560582864028,1.73395501126457,17:35:44,577sec,3.5,22.8878,88.3974,4,0
12.0761506390538,3.91166307407179,29.6441262956056,1.59857175425479,17:35:45,577sec,3.5,22.8878,88.3974,4,0
12.0721123226998,4.44278990284366,29.3293339095109,1.82124305370702,17:35:46,578sec,3.5,22.8878,88.3974,4,0
12.032837692792,4.28046167869579,29.3786299122468,1.77521607932512,17:35:47,580sec,3.5,22.8878,88.3974,4,0
11.9983896908712,3.85686500427843,29.4400815266779,1.53569251485821,17:35:48,580sec,3.5,22.8878,88.3974,4,0
12.1289782126795,3.79212982469606,29.3090371549743,1.60159518580543,17:35:49,581sec,3.5,22.8878,88.3974,4,0
12.1154942304107,4.00440953476899,29.9022627708045,1.51572817073457,17:35:50,582sec,3.5,22.8878,88.3974,4,0
11.9852598906963,4.01117997418897,29.6833652217108,1.74330177860633,17:35:51,583sec,3.5,22.8878,88.3974,4,0
12.0562750977617,3.81063635635716,29.6265190902391,1.47478469729258,17:35:52,584sec,3.5,22.8878,88.3974,4,0
11.9412994648294,3.69187880546882,29.2130231032899,1.43585676883004,17:35:53,586sec,3.5,22.8878,88.3974,4,0
12.0186549275417,3.45738937962398,29.2641156534712,1.50383256425152,17:35:54,586sec,3.5,22.8878,88.3974,4,0
12.1025556109375,3.61505357789197,29.5540082977584,1.45766831581273,17:35:55,588sec,3.5,22.8878,88.3974,4,0
12.0701704403248,3.88501504463093,29.4410962349792,1.51383570315442,17:35:56,588sec,3.5,22.8878,88.3974,4,0
11.9785772762613,3.31483693125211,29.3179890458921,1.41479962728314,17:35:57,589sec,3.5,22.8878,88.3974,4,0
12.1083596490082,3.39013549444524,29.2901648653633,1.2690811566562,17:35:58,590sec,3.5,22.8878,88.3974,4,0
12.0749627554068,3.63813813225627,29.2422559956231,1.47836445300131,17:35:59,591sec,3.5,22.8878,88.3974,4,0
11.985602558334,4.05695870618306,29.0381575195849,1.52148497869269,17:36:00,592sec,3.5,22.8878,88.3974,4,0
12.0229626487121,3.16137515057982,29.1660487669891,1.25269254013212,17:36:01,594sec,3.5,22.8878,88.3974,4,0
12.0511056446891,3.52845266967597,29.1237785398682,1.3910460993798,17:36:02,595sec,3.5,22.8878,88.3974,4,0
11.9521759927647,3.62279338327904,29.1512629375191,1.43119250525002,17:36:03,595sec,3.5,22.8878,88.3974,4,0
12.0628411697983,3.13380398737257,28.7280690427546,1.2721591929106,17:36:04,596sec,3.5,22.8878,88.3974,4,0
12.0144749160582,3.48428648389142,28.905782945409,1.38400907539724,17:36:05,597sec,3.5,22.8878,88.3974,4,0
11.9695441388423,3.12245342014965,29.0100029523397,1.1835326054414,17:36:06,598sec,3.5,22.8878,88.3974,4,0
12.0371535618052,3.1626681526237,28.9849585209854,1.29866477784423,17:36:07,599sec,3.5,22.8878,88.3974,4,0
12.0824099720108,3.12321016086326,28.9545224779107,1.18662303271555,17:36:10,603sec,3.5,22.8878,88.3974,4,0
12.1004949641012,2.84100615503344,28.8859964088838,1.18769089383873,17:36:11,604sec,3.5,22.8878,88.3974,4,0
12.0065882460873,2.54209719679862,28.5373511412243,1.04215347386334,17:36:12,605sec,3.5,22.8878,88.3974,4,0
11.9500578238654,2.82603414839486,28.9458141582287,1.08137884756518,17:36:13,606sec,3.5,22.8878,88.3974,4,0
12.0581893772849,2.90181744816457,29.0382825766294,1.14147170400694,17:36:15,608sec,3.5,22.8878,88.3974,4,0
12.0455857520127,2.25872875768765,29.1198508076285,0.918499897487538,17:36:16,609sec,3.5,22.8878,88.3974,4,0
11.9619138642073,2.9023157833642,28.7696192077266,1.14598593394337,17:36:17,610sec,3.5,22.8878,88.3974,4,0
12.0799223720893,2.4253742964582,29.1394213081402,0.949892861928918,17:36:18,611sec,3.5,22.8878,88.3974,4,0
11.9610967973481,2.18733122496755,29.32479539325,0.862300423088592,17:36:19,612sec,3.5,22.8878,88.3974,4,0
12.0359268056457,2.24107307807267,29.1359797836896,0.85625671894099,17:36:20,613sec,3.5,22.8878,88.3974,4,0
11.9840805235301,2.79077011719792,28.8404312720019,1.02293722672265,17:36:21,614sec,3.5,22.8878,88.3974,4,0
11.9463878070777,2.13759352178785,28.7643120404917,0.859780642145309,17:36:22,615sec,3.5,22.8878,88.3974,4,0
11.9629254996593,3.04388492473833,28.3463546027944,1.12071504304922,17:36:23,616sec,3.5,22.8878,88.3974,4,0
12.0937539834559,2.81001084885567,29.0760394995084,1.11239212760268,17:36:24,617sec,3.5,22.8878,88.3974,4,0
11.982522012089,2.31066543217033,29.0733097455494,0.908857638714691,17:36:25,618sec,3.5,22.8878,88.3974,4,0
12.0054589227865,2.79064929353949,28.6271127721464,1.00339517905515,17:36:26,619sec,3.5,22.8878,88.3974,4,0
12.052573577831,2.39561385649005,28.9666064492796,0.826813081209456,17:36:27,620sec,3.5,22.8878,88.3974,4,0
12.022206744583,2.07788072294699,28.9808388625539,0.755182452271328,17:36:28,621sec,3.5,22.8878,88.3974,4,0
12.124431085402,2.74936527178734,29.1196273242862,1.02065236874606,17:36:29,622sec,3.5,22.8878,88.3974,4,0
11.9817745764388,3.0476921052244,29.1145240447373,1.08123582126508,17:36:30,623sec,3.5,22.8878,88.3974,4,0
11.889537862538,2.27459734979295,29.260962864005,0.896120759414995,17:36:31,624sec,3.5,22.8878,88.3974,4,0
12.0271142567173,2.18332261057855,28.7665944218332,0.880905241643423,17:36:32,625sec,3.5,22.8878,88.3974,4,0
12.0915202709018,2.34894543832666,28.9237050970319,0.827531450898192,17:36:33,626sec,3.5,22.8878,88.3974,4,0
11.9378983367322,2.00501189036755,28.229993412762,0.651045234744759,17:36:34,627sec,3.5,22.8878,88.3974,4,0
11.9705259162541,1.75792548655481,28.6098826072772,0.557689418254461,17:36:35,628sec,3.5,22.8878,88.3974,4,0
11.9979697800559,2.14873872416758,28.7471857160728,0.812954094086129,17:36:36,629sec,3.5,22.8878,88.3974,4,0
11.9598197242286,2.05811389296579,28.8132640066141,0.674589182919089,17:36:37,630sec,3.5,22.8878,88.3974,4,0
12.0737110903909,2.06741265253283,28.7393657448769,0.773447448271205,17:36:38,631sec,3.5,22.8878,88.3974,4,0
11.9673290895522,1.97113402636848,28.8507489833035,0.729716479061427,17:36:39,632sec,3.5,22.8878,88.3974,4,0
11.9750393808326,2.10152916152599,28.3471811859767,0.740105507723923,17:36:40,633sec,3.5,22.8878,88.3974,4,0
11.9679310845472,1.83968169902333,28.6306657614435,0.618602411494363,17:36:41,634sec,3.5,22.8878,88.3974,4,0
11.930230271096,1.50165701835937,28.6903155113763,0.492285854463349,17:36:42,635sec,3.5,22.8878,88.3974,4,0
12.0030663619424,1.90213163252015,29.020682844295,0.62065760328255,17:36:43,636sec,3.5,22.8878,88.3974,4,0
11.9201896375754,1.69351555196256,28.2318391100264,0.622752423111722,17:36:44,637sec,3.5,22.8878,88.3974,4,0
11.9641929771078,1.93409213100915,28.7740414401158,0.701565165261173,17:36:45,638sec,3.5,22.8878,88.3974,4,0
11.9807292487828,1.79820925948367,28.8455567541296,0.678080503244636,17:36:46,639sec,3.5,22.8878,88.3974,4,0
11.9706803940989,2.2317218471928,28.6913970119692,0.610951895922805,17:36:47,640sec,3.5,22.8878,88.3974,4,0
11.9799717938036,1.86383296325738,28.7862216951028,0.642708106427187,17:36:48,641sec,3.5,22.8878,88.3974,4,0
11.9850392307158,1.50470009044428,28.5135837646484,0.496319641653553,17:36:49,642sec,3.5,22.8878,88.3974,4,0
11.8984353477931,1.71766853935762,28.4431855452429,0.544441629730426,17:36:50,643sec,3.5,22.8878,88.3974,4,0
11.9160824978683,1.84995027528339,28.5982153428289,0.538577587789529,17:36:51,644sec,3.5,22.8878,88.3974,4,0
11.883039928388,1.93358424023465,28.1890379998691,0.709635878349634,17:36:52,645sec,2.67358679339672,22.8878,88.3974,4,0
11.9652770465991,1.26283526480419,28.3649489428595,0.479961636243501,17:36:53,646sec,1.81390695347669,22.8878,88.3974,4,0
11.9394427937146,1.67620535027568,28.483342700711,0.573462600151819,17:36:54,647sec,0.954227113556755,22.8878,88.3974,4,0
11.9854239300414,1.27455694603645,28.1965115866097,0.550562987442274,17:36:55,648sec,0.0945472736368203,22.8878,88.3974,4,0
11.900752796156,1.46655360608378,28.7441506597424,0.54965404300193,17:36:56,649sec,0.765132566283114,22.8878,88.3974,4,0
11.8179777696778,1.73506376515021,28.3349285095239,0.61805440799387,17:36:57,650sec,1.62481240620315,22.8878,88.3974,4,0
11.955853682446,1.31607242337627,28.0241327944954,0.402459129413559,17:37:01,654sec,2.48449224612308,22.8878,88.3974,4,0
12.0215684227703,0.944458194566391,28.2905561177668,0.263093302740531,17:37:01,654sec,3.34417208604302,22.8878,88.3974,4,0
11.8938899846466,1.7126517137003,28.7388335579877,0.517446841493268,17:37:02,655sec,3.5,22.8878,88.3974,4,0
12.0547344511572,1.58357412696872,28.7812820920547,0.499453071035676,17:37:03,656sec,3.5,22.8878,88.3974,4,0
11.9671464384217,1.67787895626971,28.1814401941474,0.546966548240518,17:37:04,657sec,3.5,22.8878,88.3974,4,0
11.9856333833229,1.32107493935726,28.1423613611037,0.414759216812673,17:37:05,658sec,3.5,22.8878,88.3974,4,0
11.9685781958553,1.13781244399436,28.4968156370423,0.408825338468887,17:37:06,659sec,3.5,22.8878,88.3974,4,0
11.9652332293497,0.787470080087608,28.1582655460242,0.258409817724009,17:37:07,660sec,3.5,22.8878,88.3974,4,0
11.9764181121085,1.00605711271948,28.3772168099562,0.177114100112646,17:37:08,661sec,3.5,22.8878,88.3974,4,0
11.9956491607822,1.34786843603548,28.2763384666331,0.360855304186616,17:37:09,662sec,3.5,22.8878,88.3974,4,0
12.0625001144173,1.40548539771905,28.3883621128992,0.446921806611624,17:37:10,663sec,3.5,22.8878,88.3974,4,0
11.9220396865958,1.52903300878831,28.1593124719123,0.386180536326349,17:37:11,664sec,3.5,22.8878,88.3974,4,0
11.8746494803423,1.24051898772785,28.3022353723057,0.384727236651976,17:37:12,665sec,3.5,22.8878,88.3974,4,0
11.928200104569,0.605600843039306,27.8964273003836,0.132447358417842,17:37:13,666sec,3.5,22.8878,88.3974,4,0
11.9572245513367,0.797839007953404,28.1417143718276,0.180174829191241,17:37:14,667sec,3.5,22.8878,88.3974,4,0
11.8972944751593,1.30676766317095,28.1957065410352,0.379248792174299,17:37:15,668sec,3.5,22.8878,88.3974,4,0
11.9123164772458,0.756208628810426,28.4317213529053,0.115798929279944,17:37:16,669sec,3.5,22.8878,88.3974,4,0
11.9666446780766,0.288318883177805,28.2825639971026,0.0258404478921573,17:37:17,670sec,3.5,22.8878,88.3974,4,0
11.9237137865235,1.30798012131921,28.2511766994259,0.511903992401603,17:37:18,671sec,3.5,22.8878,88.3974,4,0
12.0257405517081,1.16282421583686,28.570698696162,0.308504557869804,17:37:19,672sec,3.5,22.8878,88.3974,4,0
11.9241803298667,0.585503844395443,27.658218088206,0.113852422195229,17:37:20,673sec,3.5,22.8878,88.3974,4,0
11.9273692287262,1.01611610404607,28.4950671426431,0.328077686821589,17:37:21,674sec,3.5,22.8878,88.3974,4,0
11.8871753871641,0.781827130788845,28.3253183816238,0.124998549925234,17:37:22,675sec,3.5,22.8878,88.3974,4,0
12.0097781017707,0.851110836774438,28.2660955308269,0.126353849197956,17:37:23,676sec,3.5,22.8878,88.3974,4,0
11.8926036867426,0.415739562874223,28.0155918488099,0.0834909346480496,17:37:24,677sec,3.5,22.8878,88.3974,4,0
11.9438610228846,0.900856946979442,28.1159971270797,0.174552768171442,17:37:25,678sec,3.5,22.8878,88.3974,4,0
11.9796560864448,0.805261855824736,27.9227226842343,0.169013845952126,17:37:29,682sec,3.5,22.8878,88.3974,4,0
12.0182881816186,0.499131607259947,28.0206215514255,0.257996814999598,17:37:29,682sec,3.5,22.8878,88.3974,4,0
11.9725087690021,0.781475341207127,27.9909295096183,0.153672182923734,17:37:30,683sec,3.5,22.8878,88.3974,4,0
11.9228075954608,0.526276203387524,28.2742609247599,0.0904735305406765,17:37:31,684sec,3.5,22.8878,88.3974,4,0
11.9596216330505,0.843417764874448,27.8066829520388,0.184187465722303,17:37:32,685sec,3.5,22.8878,88.3974,4,0
11.9371243226461,0.324070484184386,28.2309192722719,0.0604012373992834,17:37:33,686sec,3.5,22.8878,88.3974,4,0
11.9256119639436,1.19620781018831,27.9305591041065,0.393577882159561,17:37:34,687sec,3.5,22.8878,88.3974,4,0
12.0183629780383,0.910676430311489,27.7354761323803,0.226792755204591,17:37:35,688sec,3.5,22.8878,88.3974,4,0
11.8802122493666,0.924095555629789,28.1061193935469,0.0956702751564589,17:37:36,689sec,3.5,22.8878,88.3974,4,0
11.8643571451125,0.30485643512662,28.1700378824637,0.00619153410720279,17:37:37,690sec,3.5,22.8878,88.3974,4,0
11.9191407860785,0.572692025964016,27.7078322582567,0.123650526576626,17:37:38,691sec,3.5,22.8878,88.3974,4,0
11.9241562566178,0.473744840512583,28.2231600395692,0,17:37:39,692sec,3.5,22.8878,88.3974,4,0
11.830903123675,0.657421283131077,27.9674423735569,0.167368362249701,17:37:40,693sec,3.5,22.8878,88.3974,4,0
11.8170903136206,0.566349315429049,28.2999683319177,0.101049243745521,17:37:41,694sec,3.5,22.8878,88.3974,4,0
11.8196352316252,0.762096185371629,28.3899820650487,0.216397470534589,17:37:42,695sec,3.5,22.8878,88.3974,4,0
11.8682103747101,0.405646931209908,27.7568623958867,0.0416767523625172,17:37:43,696sec,3.5,22.8878,88.3974,4,0
11.8205933662062,0.552420860821074,27.9935985854267,0,17:37:44,697sec,3.5,22.8878,88.3974,4,0
11.8467702679877,0.165199914135142,28.1718310399919,0,17:37:45,698sec,3.5,22.8878,88.3974,4,0
11.908992665804,0.86601396430645,27.5935300610627,0.202110909082071,17:37:46,699sec,3.5,22.8878,88.3974,4,0
11.9525759900762,0.554386954037684,27.8658558259739,0.131912167225324,17:37:47,700sec,3.5,22.8878,88.3974,4,0
11.872356777382,0.336274651263174,27.5543454478651,0,17:37:48,701sec,3.5,22.8878,88.3974,4,0
11.9433130194355,0.565663535853469,27.2358001366184,0.0286215446083488,17:37:49,702sec,3.5,22.8878,88.3974,4,0
11.9695654079018,1.11083506462993,27.5358025275023,0.415809078276936,17:37:50,703sec,3.5,22.8878,88.3974,4,0
11.9330326347085,0.665216748843889,27.6365670654109,0.124541907514617,17:37:51,704sec,3.5,22.8878,88.3974,4,0
11.8422937301543,0.35717748850683,27.0147652159052,0,17:37:52,705sec,3.5,22.8878,88.3974,4,0
11.8499409924972,0.983001949379225,27.9884638369428,0.257526643185709,17:37:53,706sec,3.5,22.8878,88.3974,4,0
11.9535765499092,0.696682622981914,27.8228138934864,0.203824159252711,17:37:54,707sec,3.5,22.8878,88.3974,4,0
11.9564307805571,0.498882109926811,27.600452240032,0,17:37:55,708sec,3.5,22.8878,88.3974,4,0
11.925041704608,0.48747992943868,27.7325687818194,0.0204747719959533,17:37:56,709sec,3.5,22.8878,88.3974,4,0
11.8516814712244,0.590636838467428,27.3165489257331,0,17:37:57,710sec,3.5,22.8878,88.3974,4,0
11.8477280229751,0.130312211030146,27.8998524674941,0,17:37:58,711sec,3.5,22.8878,88.3974,4,0
11.9844587107131,0.472846840741879,27.5981450200426,0,17:37:59,712sec,3.5,22.8878,88.3974,4,0
11.9233511622118,0.233217734617865,28.3983045461374,0,17:38:00,713sec,3.5,22.8878,88.3974,4,0
11.9694877061787,0.614750717666808,28.0842023737437,0.119508390496392,17:38:01,714sec,3.5,22.8878,88.3974,4,0
11.8351673773601,0.623885554052981,27.7425393733426,0.0113200715755701,17:38:02,715sec,3.5,22.8878,88.3974,4,0
11.8872785140984,0.419517049099157,27.6508275437448,0,17:26:10,3sec,3.5,22.8878,88.3974,4,0
11.8740194613775,0.482977783934746,27.8589341004654,0.0470728353661789,17:26:11,4sec,3.5,22.8878,88.3974,4,0
11.8056883667629,0.920157699818309,27.9674057847434,0.0410818880545777,17:26:17,10sec,3.5,22.8878,88.3974,4,0
11.8672285835104,0.195085518154282,27.4807929785749,0.0506436878078736,17:26:18,11sec,3.5,22.8878,88.3974,4,0
11.9012104571858,0.651926135827278,27.93719986286,0.0921876967577676,17:26:19,12sec,3.5,22.8878,88.3974,4,0
11.9153226878425,0.982483830247505,27.3953006839057,0.162519772288536,17:26:23,15sec,3.5,22.8878,88.3974,4,0
11.8321314427546,0.419703447101403,27.4142024828627,0,17:26:23,16sec,3.5,22.8878,88.3974,4,0
11.7987671384118,0.543815947563495,27.8417521103399,0,17:26:23,16sec,3.5,22.8878,88.3974,4,0
11.9478147598257,0.608025892704426,27.3520351259007,0.183028124996505,17:26:24,17sec,3.5,22.8878,88.3974,4,0
11.8295303184874,0.387905737297156,27.854923828791,0,17:26:25,18sec,3.5,22.8878,88.3974,4,0
11.8990946240397,0.634543005520364,27.3863741156188,0,17:26:26,19sec,3.5,22.8878,88.3974,4,0
11.9250955055688,0.713262068834696,27.7432667767275,0,17:26:27,20sec,3.5,22.8878,88.3974,4,0
11.8771524863488,0.470916370855913,27.85428610665,0.0256914078617958,17:26:28,21sec,3.5,22.8878,88.3974,4,0
11.9077156412326,0.450730200053823,27.9307942146485,0.0534395056110379,17:26:29,22sec,3.5,22.8878,88.3974,4,0
11.9115902683576,0.479319573820472,27.7553627439598,0.056238762129324,17:26:30,23sec,3.5,22.8878,88.3974,4,0
11.9198532649945,0.773153826587231,27.023218067034,0.0383096078863816,17:26:31,24sec,3.5,22.8878,88.3974,4,0
11.8549685627859,0.668775978456226,27.4768185899501,0.109438315689177,17:26:32,25sec,3.5,22.8878,88.3974,4,0
11.8759941498169,0.194968589677536,27.1794826269469,0.0555735834063672,17:26:33,26sec,3.5,22.8878,88.3974,4,0
11.9066371211801,0.47633603155085,27.5160639127325,0.0089629321752909,17:26:34,27sec,3.5,22.8878,88.3974,4,0
11.8618970201902,1.32296783459003,27.1104616631113,0.277920882331608,17:26:35,28sec,3.5,22.8878,88.3974,4,0
11.8183458501915,0.250941904104547,27.1940531388674,0,17:26:36,29sec,3.5,22.8878,88.3974,4,0
11.8803918547368,0.451028382458353,27.5483069834162,0,17:26:37,30sec,3.5,22.8878,88.3974,4,0
11.806108479711,0.218245413435958,27.4753204698293,0,17:26:38,31sec,3.5,22.8878,88.3974,4,0
11.8283379216497,0.667084542725036,27.5085396941732,0.077502897374118,17:26:39,32sec,3.5,22.8878,88.3974,4,0
11.8443929664899,0.551367282088933,27.43631361461,0.0720047342976608,17:26:40,33sec,3.5,22.8878,88.3974,4,0
11.8572329647625,0.45911153899974,27.6874239021794,0.0766399729966376,17:26:41,34sec,3.5,22.8878,88.3974,4,0
11.7728172741122,0.545023428805507,27.5115195444186,0.0847878034124791,17:26:42,35sec,3.5,22.8878,88.3974,4,0
11.8022605561228,0.536239129488527,26.987896362167,0.0450323033287037,17:26:43,36sec,3.5,22.8878,88.3974,4,0
11.8205119961088,1.06853086947131,27.4371777730356,0.199677506890623,17:26:44,37sec,3.5,22.8878,88.3974,4,0
11.8260284889983,0.823090446720945,27.5275316384559,0.0804975756186647,17:26:45,38sec,3.5,22.8878,88.3974,4,0
11.7898795323133,0.567822385076698,27.6613625648104,0,17:26:46,39sec,3.5,22.8878,88.3974,4,0
11.9146891033734,0.404246098553712,27.4798911161584,0.0508207442302609,17:26:47,40sec,3.5,22.8878,88.3974,4,0
11.8729578983632,0.67754076956409,27.0853386139262,0.260889761512651,17:26:48,41sec,3.5,22.8878,88.3974,4,0
11.8800920339347,0.537131015424468,27.2748427652698,0.0138309603764548,17:26:49,42sec,3.5,22.8878,88.3974,4,0
11.7649984934115,0.603396448046794,26.8088932599688,0.00639640580173008,17:26:50,43sec,3.5,22.8878,88.3974,4,0
11.8474337644166,0.732208378199799,27.8457703600882,0.138328493150965,17:26:51,44sec,3.5,22.8878,88.3974,4,0
11.7655591614477,0.531797018477358,27.3647875128893,0.0736612512135755,17:26:52,45sec,3.5,22.8878,88.3974,4,0
11.8777778037368,0.394974171684475,27.2873879799187,0,17:26:53,46sec,3.5,22.8878,88.3974,4,0
11.8456683616459,1.01223646081358,27.8405993402653,0.242079969325386,17:26:55,47sec,3.5,22.8878,88.3974,4,0
11.7942041571125,1.39670873481728,27.0578639328167,0.412692156897918,17:26:55,48sec,3.5,22.8878,88.3974,4,0
11.8610881941646,0.581001482372037,27.843906001075,0.0890442955524496,17:26:57,49sec,3.5,22.8878,88.3974,4,0
11.7983828740846,0.597955486727857,27.3217768153998,0.120001544782871,17:26:57,50sec,3.5,22.8878,88.3974,4,0
11.79834940041,1.34432730258922,26.7892790479227,0.465479974703261,17:26:58,51sec,3.5,22.8878,88.3974,4,0
11.7903758164745,0.689924638280418,26.8677601842281,0,17:26:59,52sec,3.5,22.8878,88.3974,4,0
11.8367396185822,1.05436034939256,27.1020449412836,0.295946319391775,17:27:00,53sec,3.5,22.8878,88.3974,4,0
11.7711902386904,0.805968848882415,26.9461865115371,0.161721732248683,17:27:01,54sec,3.5,22.8878,88.3974,4,0
11.802030127785,0.503482352290841,26.5999739407091,0.0531556385601221,17:27:03,55sec,3.5,22.8878,88.3974,4,0
11.866410385312,0.570051771183151,27.4306328285187,0.125864670386833,17:27:03,56sec,3.5,22.8878,88.3974,4,0
11.7459653858807,0.669557397701169,26.5743533743668,0.192267768019074,17:27:04,57sec,3.5,22.8878,88.3974,4,0
11.7672466855179,0.954732784456276,27.5103253168564,0.10732962251737,17:27:05,58sec,3.5,22.8878,88.3974,4,0
11.8865786227663,1.02467386743413,27.0440636529596,0.319585674261601,17:27:06,59sec,3.5,22.8878,88.3974,4,0
11.7862506014859,0.382828704867533,27.1821408814758,0.0745148756720951,17:27:07,60sec,3.5,22.8878,88.3974,4,0
11.8365805175239,0.93877045907855,26.9967556536238,0.235573051756981,17:27:08,61sec,3.5,22.8878,88.3974,4,0
11.750855762196,0.419375451317162,26.8619089504464,0,17:27:09,62sec,3.5,22.8878,88.3974,4,0
11.8973109059925,1.2228926930718,27.4106649838199,0.416468645359184,17:27:10,63sec,3.5,22.8878,88.3974,4,0
11.8438402413855,0.469759502389142,26.7009072954638,0.0577284308698589,17:27:11,64sec,3.5,22.8878,88.3974,4,0
11.7374144629722,0.505528740510138,26.6261275888967,0.139587127589122,17:27:15,68sec,3.5,22.8878,88.3974,4,0
11.7550310884357,1.42631919121871,27.0470397214151,0.394436019090583,17:27:15,68sec,3.5,22.8878,88.3974,4,0
11.8167716554143,1.50007081607439,27.1914905459374,0.533543736025382,17:27:16,69sec,3.5,22.8878,88.3974,4,0
11.7519814307002,0.463212740057268,26.4289444900053,0,17:27:17,70sec,3.5,22.8878,88.3974,4,0
11.8512745018947,1.58018564635711,26.8366009508237,0.519688588502253,17:27:18,71sec,3.5,22.8878,88.3974,4,0
11.7204916403607,0.971409069191405,27.0545121892932,0.257469627917198,17:27:19,72sec,3.5,22.8878,88.3974,4,0
11.7898394341838,1.06051460486239,26.5827247902036,0.324295154190785,17:27:20,73sec,3.5,22.8878,88.3974,4,0
11.7042845151766,1.59743150033907,26.8039516138157,0.462248367565818,17:27:26,79sec,3.5,22.8878,88.3974,4,0
11.7835563699633,1.16356738792087,26.6134984316745,0.291050530487781,17:27:27,80sec,3.5,22.8878,88.3974,4,0
11.7434080560432,1.13218338438215,26.5733765630776,0.324200448132876,17:27:29,81sec,3.5,22.8878,88.3974,4,0
11.7874087846773,1.58372394776937,26.7310127154237,0.51086277194692,17:27:33,85sec,3.5,22.8878,88.3974,4,0
11.7935779187094,1.16231207995621,26.4102624660737,0.329442654749296,17:27:33,86sec,3.5,22.8878,88.3974,4,0
11.6714567111281,0.77577855364294,26.8726417705048,0.094779081330836,17:27:34,87sec,3.5,22.8878,88.3974,4,0
11.7702820973598,1.34597113945546,26.4855278776976,0.479742510568377,17:27:35,88sec,3.5,22.8878,88.3974,4,0
11.7331744330326,1.43873251182342,26.4614333952672,0.431509182464249,17:27:44,97sec,3.5,22.8878,88.3974,4,0
11.7903778084286,1.71702383185696,27.0500350218919,0.574402116240547,17:27:45,97sec,3.5,22.8878,88.3974,4,0
11.7370155908584,1.79230905278566,26.7576934002956,0.543726594432576,17:27:46,99sec,3.5,22.8878,88.3974,4,0
11.74964052576,1.55825704992004,26.4090834125546,0.539485405979813,17:27:46,99sec,3.5,22.8878,88.3974,4,0
11.7939497051763,1.49618006041962,26.6082102655333,0.515916894141381,17:27:57,109sec,3.5,22.8878,88.3974,4,0
11.7285435773338,1.50322425040983,26.9601259122935,0.602528451501459,17:27:57,110sec,3.5,22.8878,88.3974,4,0
11.7597411966541,1.33625744902066,26.3493161643706,0.47215027665417,17:27:58,111sec,3.5,22.8878,88.3974,4,0
11.6948656201086,1.39818888458495,26.3446996396036,0.592820888169679,17:27:59,112sec,3.5,22.8878,88.3974,4,0
11.8553078590889,1.61969631468608,26.6266597064742,0.54857402275869,17:28:03,116sec,3.5,22.8878,88.3974,4,0
11.7900386305044,1.56863201704937,26.2093924838258,0.548014585749119,17:28:06,119sec,3.5,22.8878,88.3974,4,0
11.7256126161476,2.24685225790338,26.9607841200627,0.773005393070222,17:28:06,119sec,3.5,22.8878,88.3974,4,0
11.8183954345733,1.74799231347156,26.1634014185485,0.679427882838075,17:28:07,120sec,3.5,22.8878,88.3974,4,0
11.7808477867949,2.16622763836153,27.0415221578177,0.578534144129967,17:28:13,126sec,3.5,22.8878,88.3974,4,0
11.7589589479199,2.00675404733282,27.0691069282855,0.778569875945183,17:28:14,127sec,3.5,22.8878,88.3974,4,0
11.791967221013,1.63738817275015,26.3008841165028,0.431497281973133,17:28:15,128sec,3.5,22.8878,88.3974,4,0
11.7185161532159,2.04543199009209,26.978637399138,0.738449235170711,17:28:16,129sec,3.5,22.8878,88.3974,4,0
11.7832076451373,1.86899791494183,26.8324679957671,0.718368473835522,17:28:17,130sec,3.5,22.8878,88.3974,4,0
11.7648889740222,1.60839886426163,26.7134735205769,0.519635277439857,17:28:18,131sec,3.5,22.8878,88.3974,4,0
11.7740309272909,1.51819213601259,26.7824117425308,0.516668278930453,17:28:19,132sec,3.5,22.8878,88.3974,4,0
11.7180531308724,1.93850463505565,26.6476588305406,0.592357434491161,17:28:20,133sec,3.5,22.8878,88.3974,4,0
11.7286217650104,2.17295935751206,26.6217798608574,0.852387298400734,17:28:21,134sec,3.5,22.8878,88.3974,4,0
11.6811599702058,2.01663823349721,26.8484334063499,0.690264641485919,17:28:25,137sec,3.5,22.8878,88.3974,4,0
11.7139903091018,2.28700773060879,26.5084333804991,0.844214444840713,17:28:25,138sec,3.5,22.8878,88.3974,4,0
11.778404802546,1.90365362205858,26.340880241822,0.741797582649312,17:28:29,142sec,3.5,22.8878,88.3974,4,0
11.7995581141753,1.93878147540315,26.3502155113991,0.774216323000151,17:28:29,142sec,3.5,22.8878,88.3974,4,0
11.8070110694003,1.78168952889042,25.874610733923,0.639827005500361,17:28:32,145sec,3.5,22.8878,88.3974,4,0
11.705644964204,2.65431024702108,26.2321142640329,1.00087330367262,17:28:32,145sec,3.5,22.8878,88.3974,4,0
11.7211844834221,2.36748502989827,26.670564085805,0.900807559477438,17:28:33,146sec,3.5,22.8878,88.3974,4,0
11.8160551999392,2.02874098875754,26.3092174093596,0.667718291087972,17:28:34,147sec,3.5,22.8878,88.3974,4,0
11.7316410902441,2.0178813878315,26.3943289113835,0.882288734943125,17:28:45,158sec,3.5,22.8878,88.3974,4,0
11.7975357829801,2.06787354751614,26.1919375752162,0.841950078635096,17:28:48,160sec,3.5,22.8878,88.3974,4,0
11.775200486694,2.03743639494153,26.3786078799828,0.72001898800881,17:28:53,165sec,3.5,22.8878,88.3974,4,0
11.6861709794477,2.41201586658373,26.3725136275266,0.857158064095263,17:28:54,167sec,3.5,22.8878,88.3974,4,0
11.7006114272734,2.51621805161099,25.8718615003474,0.887382835327272,17:28:55,168sec,3.5,22.8878,88.3974,4,0
11.7864445110755,2.37745629532921,26.4916139011781,0.886897015487141,17:28:56,169sec,3.5,22.8878,88.3974,4,0
11.657829541759,2.37972362931838,26.1317879452587,0.843781094735403,17:28:57,169sec,3.5,22.8878,88.3974,4,0
11.7677113659005,2.92714769772057,26.4607418208789,1.06654368762379,17:28:57,170sec,3.5,22.8878,88.3974,4,0
11.7364091594527,2.98286307269717,26.3393368033269,1.1333534497253,17:28:58,171sec,3.5,22.8878,88.3974,4,0
11.7263718427927,2.69283445582352,26.22662847303,1.01118364735733,17:28:59,172sec,3.5,22.8878,88.3974,4,0
11.7619524998149,2.95539634498699,26.2078166854782,1.05600958593146,17:29:00,173sec,3.5,22.8878,88.3974,4,0
11.6191744714704,2.93042217470948,26.3135556420998,1.14313303772872,17:29:01,174sec,3.5,22.8878,88.3974,4,0
11.7465383289146,2.48769560519383,26.8232622913156,1.06562463616843,17:29:05,178sec,3.5,22.8878,88.3974,4,0
11.7274748144384,3.08637401509373,25.972592050812,1.17950404557181,17:29:06,179sec,3.5,22.8878,88.3974,4,0
11.8243821942826,2.6830193564889,26.7769740305728,1.01325274862108,17:29:09,182sec,3.5,22.8878,88.3974,4,0
11.7037484497184,2.81541113141691,26.6401895022419,1.10680907744512,17:29:10,182sec,3.5,22.8878,88.3974,4,0
11.7229205420376,2.24578545113927,25.966023130553,0.862067331163777,17:29:18,191sec,3.5,22.8878,88.3974,4,0
11.7183220387411,3.39330735312018,26.0578694471771,1.30834650044013,17:29:19,191sec,3.5,22.8878,88.3974,4,0
11.7093159681815,2.65129309721369,25.9777662777195,1.119224164516,17:29:20,192sec,3.5,22.8878,88.3974,4,0
11.7704191191621,3.02078515159076,25.9845970442118,1.15958395666337,17:29:23,196sec,3.5,22.8878,88.3974,4,0
11.7580659485273,3.36401424958864,26.3946043533928,1.29883341599807,17:29:24,196sec,3.5,22.8878,88.3974,4,0
11.7183889448076,3.52042554840084,25.6993109459691,1.33528449886908,17:29:25,197sec,3.5,22.8878,88.3974,4,0
11.7018229390016,3.1427143725678,26.3116859544356,1.27091128364358,17:29:29,201sec,3.5,22.8878,88.3974,4,0
11.7264921218029,3.35179202068122,26.3124965825856,1.34043176213281,17:29:29,202sec,3.5,22.8878,88.3974,4,0
11.6507940786763,2.99109318644307,26.4011489644564,1.14241205064987,17:29:30,202sec,3.5,22.8878,88.3974,4,0
11.6949738786858,3.08231162427568,26.0471800364706,1.16109774350996,17:29:31,203sec,3.5,22.8878,88.3974,4,0
11.6558356377664,3.39291048942865,26.2219290499625,1.40867616195222,17:29:32,205sec,3.5,22.8878,88.3974,4,0
11.6681146300865,3.50377900175687,26.1152220709794,1.39751620196141,17:29:33,206sec,3.5,22.8878,88.3974,4,0
11.7126949589276,3.04214459799115,25.958384653285,1.28680744008075,17:29:34,206sec,3.5,22.8878,88.3974,4,0
11.7791799426967,3.69661988534428,26.0078926503676,1.49820741153222,17:29:35,207sec,3.5,22.8878,88.3974,4,0
11.6326286675924,3.44589061196938,25.7347945463003,1.45885293340506,17:29:46,219sec,3.5,22.8878,88.3974,4,0
11.67576438974,4.01892565756913,26.4491100826806,1.62293178218187,17:29:47,220sec,3.5,22.8878,88.3974,4,0
11.5750961564095,3.27625809278325,26.0412227667513,1.39105253429192,17:29:48,221sec,3.5,22.8878,88.3974,4,0
11.6106960550135,3.42108743372742,25.8067780835931,1.42987142792346,17:29:49,222sec,3.5,22.8878,88.3974,4,0
11.5751851686396,3.65365405312008,26.122817494053,1.47348337015236,17:29:52,225sec,3.5,22.8878,88.3974,4,0
11.7370400902854,3.4215667033216,26.0934064053627,1.35953184059598,17:29:53,225sec,3.5,22.8878,88.3974,4,0
11.8079968887277,3.59352448450047,26.2696710472716,1.48917716547124,17:29:54,226sec,3.5,22.8878,88.3974,4,0
11.7330638651245,3.68572760258597,25.7873009788074,1.42668848381435,17:29:55,227sec,3.5,22.8878,88.3974,4,0
11.8595206900735,3.63984474717974,26.5454601260236,1.5468614047803,17:29:56,229sec,3.5,22.8878,88.3974,4,0
11.7220276023447,3.8396740129501,26.2780890371743,1.55380708196135,17:30:04,237sec,3.5,22.8878,88.3974,4,0
11.7073673792411,3.36800600003511,25.7793367006491,1.43158446662899,17:30:05,238sec,3.5,22.8878,88.3974,4,0
11.659260142824,3.98443837833095,26.184530191235,1.62854734522579,17:30:06,238sec,3.5,22.8878,88.3974,4,0
11.7007264986092,4.31002186192325,26.0911865305445,1.72233723596286,17:30:15,247sec,3.5,22.8878,88.3974,4,0
11.7082763974138,3.55204801126971,25.5283842750572,1.51071093812523,17:30:18,250sec,3.5,22.8878,88.3974,4,0
11.6629943996693,4.35690750989828,26.0725761577968,1.73455331747953,17:30:18,251sec,3.5,22.8878,88.3974,4,0
11.6759329515747,4.19704605786722,26.1007223048215,1.75589494164861,17:30:19,252sec,3.5,22.8878,88.3974,4,0
11.5647896348799,3.84178244332361,25.8150637088177,1.62795688093726,17:30:20,253sec,3.5,22.8878,88.3974,4,0
11.5788606239757,4.78552997414331,26.062143135975,1.98401769528572,17:30:21,254sec,3.5,22.8878,88.3974,4,0
11.7309582140958,4.40833761786672,25.6172245539152,1.85037743471486,17:30:22,255sec,3.5,22.8878,88.3974,4,0
11.6063676267115,3.9545631103983,25.7845129726136,1.55364343825857,17:30:23,256sec,3.5,22.8878,88.3974,4,0
11.589764498033,3.95675981875774,26.173080107774,1.68196054549115,17:30:24,257sec,3.5,22.8878,88.3974,4,0
11.7062444524328,4.1381178647615,25.934287188981,1.65292597796767,17:30:25,258sec,3.5,22.8878,88.3974,4,0
11.6392616322653,4.23866227693916,25.9476903387615,1.62264803239435,17:30:26,259sec,3.5,22.8878,88.3974,4,0
11.6634153720798,4.6375852293607,25.7250637913049,1.82986784070944,17:30:27,260sec,3.5,22.8878,88.3974,4,0
11.60658941304,4.18741831067277,25.5951302238735,1.71675790068087,17:30:28,261sec,3.5,22.8878,88.3974,4,0
11.6999121804,4.46116391033906,25.5422389089506,1.80846731655435,17:30:29,262sec,3.5,22.8878,88.3974,4,0
11.7569311966831,4.40151947247629,25.8662612161077,1.88244691584277,17:30:30,263sec,3.5,22.8878,88.3974,4,0
11.6400142040566,4.62063445352243,25.8053114853729,2.09595682104282,17:30:31,264sec,3.5,22.8878,88.3974,4,0
11.6805702941921,4.91072066076808,25.4661136382503,2.00601670645424,17:30:32,265sec,3.5,22.8878,88.3974,4,0
11.6810561218075,4.71468994625268,25.4233321922644,1.94554385862573,17:30:33,266sec,3.5,22.8878,88.3974,4,0
11.6842909126932,4.93457519324878,26.1817951945458,1.90385632102323,17:30:34,267sec,3.5,22.8878,88.3974,4,0
11.6513268432307,4.10723112770475,25.9249806075767,1.70497077935854,17:30:35,268sec,3.5,22.8878,88.3974,4,0
11.6738840027719,4.83509344579459,25.3951577037298,2.00595061239166,17:30:41,274sec,3.5,22.8878,88.3974,4,0
11.6219178306656,5.52633138734288,25.8262704596498,2.2137566830231,17:30:45,277sec,3.5,22.8878,88.3974,4,0
11.667970489492,5.24146632956024,25.8049840743837,2.21106697450174,17:30:45,278sec,3.5,22.8878,88.3974,4,0
11.6418306897956,4.99728318130916,25.4454946135361,2.06940363910897,17:30:46,278sec,3.5,22.8878,88.3974,4,0
11.6796429615229,4.96907677153571,25.8332402210641,2.01790100519959,17:30:47,280sec,3.5,22.8878,88.3974,4,0
11.6900471986956,5.14754959686006,26.2540516080789,2.01924627396533,17:30:48,281sec,3.5,22.8878,88.3974,4,0
11.4973695132972,5.37995431122102,25.3815453245806,2.15760533572103,17:30:54,287sec,3.5,22.8878,88.3974,4,0
11.6838835423906,4.99813820479814,25.7037653972901,2.1621372191055,17:30:55,288sec,3.5,22.8878,88.3974,4,0
11.6763042717211,5.50795410534702,25.9006642377295,2.30675480425191,17:31:01,294sec,3.5,22.8878,88.3974,4,0
11.6802563395889,5.01718101623716,25.2237697375542,2.16245755725182,17:31:02,294sec,3.5,22.8878,88.3974,4,0
11.7033950868333,5.63202027994671,25.7295595107394,2.35662704214348,17:31:03,295sec,3.5,22.8878,88.3974,4,0
11.6014191994414,5.09028321189029,25.477997236063,2.16556998748448,17:31:04,297sec,3.5,22.8878,88.3974,4,0
11.7459479713746,5.40035674450203,26.0738026158819,2.23541657730808,17:31:05,297sec,2.85042521260621,22.8878,88.3974,4,0
11.5959640847305,4.59522799030845,25.4540708602617,1.9326313525936,17:31:06,299sec,1.99074537268638,22.8878,88.3974,4,0
11.6037782692854,5.88646823207368,25.6017697989678,2.46369424539884,17:31:07,299sec,1.13106553276634,22.8878,88.3974,4,0
11.6999585379845,5.25054325182476,25.6918237218442,2.13789851704572,17:31:08,300sec,0.271385692846309,22.8878,88.3974,4,0
11.6203456431047,5.94203396105333,25.5744846239281,2.43580912969885,17:31:11,304sec,0.588294147073526,22.8878,88.3974,4,0
11.6942594723425,5.85730514965942,25.4863830618858,2.41820327000013,17:31:12,305sec,1.44797398699356,22.8878,88.3974,4,0
11.6303226659776,5.23050357555591,26.022227728656,2.20963871828833,17:31:13,306sec,2.3076538269134,22.8878,88.3974,4,0
11.6825540372728,5.65024272595357,25.2022150959326,2.40658263223774,17:31:14,307sec,3.16733366683343,22.8878,88.3974,4,0
11.5700456755963,5.82396404161255,25.785020056838,2.43784870925347,17:31:15,307sec,2.97298649324654,22.8878,88.3974,4,0
11.5799759042672,5.40814575035743,25.7435678743903,2.30830860274661,17:31:16,309sec,2.1133066533267,22.8878,88.3974,4,0
11.6008065260711,6.57121736337904,25.7106460125895,2.60341047242263,17:31:19,312sec,1.25362681340667,22.8878,88.3974,4,0
11.5732944843065,5.89242553638886,25.9452787043541,2.63090966159851,17:31:20,313sec,0.393946973486635,22.8878,88.3974,4,0
11.6751632299001,5.47275908414047,25.2750194293218,2.34695739018106,17:31:21,313sec,0.4657328664332,22.8878,88.3974,4,0
11.6506732833702,5.58355586209756,25.1809726729283,2.41296562607072,17:31:22,314sec,1.32541270635323,22.8878,88.3974,4,0
11.6866059606442,6.05032686785414,25.7725121409082,2.49557190101556,17:31:23,315sec,2.18509254627307,22.8878,88.3974,4,0
11.5919015170319,5.77182929448066,26.1013420250978,2.48675077549052,17:31:24,316sec,3.0447723861931,22.8878,88.3974,4,0
11.6090517588231,6.18662769544905,25.1170583411473,2.5638090112121,17:31:25,317sec,3.5,22.8878,88.3974,4,0
11.6635134243907,6.48658673109107,25.5901136211488,2.63624445310015,17:31:29,321sec,3.5,22.8878,88.3974,4,0
11.6138483335723,5.92456364856192,25.5443943713397,2.53809859222963,17:31:29,322sec,3.5,22.8878,88.3974,4,0
11.649593173613,5.77521021289466,25.2937441068682,2.49175514114715,17:31:30,323sec,3.5,22.8878,88.3974,4,0
11.5510782475461,6.25375360531576,25.1955190185665,2.67753155852274,17:31:31,324sec,3.5,22.8878,88.3974,4,0
11.5983258051963,5.62795913869776,25.8541152641387,2.45406688852926,17:31:39,332sec,3.5,22.8878,88.3974,4,0
11.6809454715929,5.8724120224248,26.083887511975,2.55485281444,17:31:42,335sec,3.5,22.8878,88.3974,4,0
11.5078216603724,5.59320570517296,25.263973388384,2.42222931450317,17:31:48,341sec,3.5,22.8878,88.3974,4,0
11.5516019207407,6.38602438042003,24.9124998916747,2.73805534225624,17:31:49,342sec,3.5,22.8878,88.3974,4,0
11.6081039379746,6.55352646522037,25.3923485120844,2.74687002709892,17:31:50,343sec,3.5,22.8878,88.3974,4,0
11.6096711398313,6.1410991053056,25.4039458430686,2.64409338969595,17:31:51,344sec,3.5,22.8878,88.3974,4,0
11.5125453116627,6.23726157623336,25.8824610061901,2.63777997645741,17:31:57,350sec,3.5,22.8878,88.3974,4,0
11.6351146466995,6.1890744576173,25.4320058579055,2.66455632490759,17:32:01,353sec,3.5,22.8878,88.3974,4,0
11.5210942395555,6.45261788416816,25.3009502900608,2.77101704695538,17:32:01,354sec,3.5,22.8878,88.3974,4,0
11.603969902025,6.2591516254685,25.7900885442038,2.69683056215354,17:32:02,355sec,3.5,22.8878,88.3974,4,0
11.6155002791924,6.00324212507498,25.4816070381991,2.6261767631026,17:32:03,356sec,3.5,22.8878,88.3974,4,0
11.5818069648381,6.47116171407354,24.9855474049823,2.71418966718794,17:32:04,357sec,3.5,22.8878,88.3974,4,0
11.4957722667911,6.56594127233289,25.015094040474,2.72870996998358,17:32:05,358sec,3.5,22.8878,88.3974,4,0
11.6268232437891,6.92526354976715,25.8182076971549,2.88774076765027,17:32:06,359sec,3.5,22.8878,88.3974,4,0
11.5630004235413,6.83770171503025,25.0978876944399,2.76923759895309,17:32:07,360sec,3.5,22.8878,88.3974,4,0
11.610809053562,6.67069002028499,24.8256216383867,2.8929898083843,17:32:08,361sec,3.5,22.8878,88.3974,4,0
11.6099272169141,6.43277486113066,25.72708901905,2.72961188096533,17:32:09,362sec,3.5,22.8878,88.3974,4,0
11.6081509097637,6.37857779699682,25.5464275517758,2.76246010291112,17:32:10,363sec,3.5,22.8878,88.3974,4,0
11.592277075235,6.6847612884544,25.4555138482735,2.96858239408966,17:32:11,364sec,3.5,22.8878,88.3974,4,0
11.6493229582691,7.15568595323168,25.4601661215388,3.164239113252,17:32:12,365sec,3.5,22.8878,88.3974,4,0
11.6176884173108,6.43447803155219,25.1734363077016,2.78194885438303,17:32:13,366sec,3.5,22.8878,88.3974,4,0
11.5315394402354,6.82969216693283,24.8843849221398,2.93075329144452,17:32:14,367sec,3.5,22.8878,88.3974,4,0
11.5779568821751,7.18325851552011,25.7682306281194,3.0731524332524,17:32:25,378sec,3.5,22.8878,88.3974,4,0
11.6122522707293,6.96260492695907,25.3240293078908,2.88336008500741,17:32:29,381sec,3.5,22.8878,88.3974,4,0
11.6063908312105,7.09330309757332,25.5761388454382,2.99596442164901,17:32:29,382sec,3.5,22.8878,88.3974,4,0
11.6240437385214,6.57331484059107,24.9433810797136,2.76615466409271,17:32:35,388sec,3.5,22.8878,88.3974,4,0
11.5719864373022,6.52726316140228,25.0887170804992,2.87006853964357,17:32:36,389sec,3.5,22.8878,88.3974,4,0
11.5548753342619,7.05944430934897,25.5870143121583,3.16851677520857,17:32:40,392sec,3.5,22.8878,88.3974,4,0
11.5758182859546,7.71484530441873,24.7735399777667,3.24306552114173,17:32:40,393sec,3.5,22.8878,88.3974,4,0
11.569278767382,6.72648881923132,25.4830642478857,2.97599332334574,17:32:49,401sec,3.5,22.8878,88.3974,4,0
11.6793814779071,6.90314574402356,25.0536490580403,3.04160017427486,17:32:49,402sec,3.5,22.8878,88.3974,4,0
11.5600035636467,7.20874011851025,24.9852799769892,3.08333526814061,17:32:53,405sec,3.5,22.8878,88.3974,4,0
11.5126979429092,7.78362364014507,24.7010356356919,3.21906980514014,17:32:53,405sec,2.7873936968484,22.8878,88.3974,4,0
11.5147132821846,7.53876139483512,25.5722786934012,3.13992126361281,17:32:54,406sec,1.92771385692836,22.8878,88.3974,4,0
11.6518386153604,7.56749359793848,24.8254096162474,3.12566502697039,17:32:55,407sec,1.06803401700853,22.8878,88.3974,4,0
11.5594668970952,6.96916452921895,25.6250831544848,2.96361522052267,17:32:58,411sec,0.208354177088495,22.8878,88.3974,4,0
11.6219190787846,7.53480743635621,24.7505889944154,3.12862188371767,17:32:59,411sec,0,22.8878,88.3974,4,0
11.6311374059037,7.34086010382049,25.0289019984019,3.13934504573652,17:33:10,423sec,0,22.8878,88.3974,4,0
11.5976625868824,6.88683089612322,25.3507000439256,3.12421262011146,17:33:11,424sec,0,22.8878,88.3974,4,0
11.5217552838302,7.09855190465329,24.8319460154443,3.10727351808161,17:33:12,425sec,0,22.8878,88.3974,4,0
11.4964755077509,7.51251298934056,24.9832854872012,3.31316223979721,17:33:13,426sec,0.463606803401717,22.8878,88.3974,4,0
11.5170729495706,7.55250288105722,25.1973764889363,3.18305462655981,17:33:14,427sec,1.13906953476746,22.8878,88.3974,4,0
11.591789801831,7.50302081948404,24.9587608636966,3.21532224828264,17:33:20,433sec,1.81453226613304,22.8878,88.3974,4,0
11.4982635583439,7.62317172659224,24.9402356983817,3.44317503949953,17:33:21,434sec,2.48999499749878,22.8878,88.3974,4,0
11.617064030338,7.81974694977815,25.2107415646283,3.3414332930392,17:33:22,435sec,2.75,22.8878,88.3974,4,0
11.618610108779,7.41594187936627,25.3132625161452,3.17805627202866,17:33:23,435sec,2.75,22.8878,88.3974,4,0
11.4755927102796,7.30237131108442,24.892091868468,3.11212782462081,17:33:24,437sec,2.75,22.8878,88.3974,4,0
11.503422440087,7.3890849179759,25.1945507762794,3.2824721793134,17:33:25,438sec,2.75,22.8878,88.3974,4,0
11.6219134618077,7.98321518485793,24.9695468394501,3.28640352306844,17:33:26,439sec,2.38269134567283,22.8878,88.3974,4,0
11.4904379221185,6.98981791933815,25.2141048733068,3.09018593455325,17:33:27,440sec,1.70722861430708,22.8878,88.3974,4,0
11.6599474870081,7.67128051712782,25.1327641356373,3.22672631384264,17:33:28,441sec,1.0317658829415,22.8878,88.3974,4,0
11.5736340146004,7.40530310454313,24.5074149933823,3.30795009265755,17:33:29,442sec,0.356303151575759,22.8878,88.3974,4,0
11.5120545750777,7.42914053861938,25.175216367981,3.23274374642646,17:33:30,443sec,0.371385692846525,22.8878,88.3974,4,0
11.4919254936574,7.47231227564177,25.5171842617458,3.18221529466939,17:33:31,444sec,1.15737868934466,22.8878,88.3974,4,0
11.5525467420921,7.32642215026403,24.8267923278498,3.18936617642228,17:33:32,445sec,1.94337168584298,22.8878,88.3974,4,0
11.4802518688184,7.52103616182064,25.0575421322535,3.43626215203388,17:33:33,445sec,2.72936468234111,22.8878,88.3974,4,0
11.5902255940565,7.74334572613728,24.5770289612332,3.40467317026451,17:33:34,447sec,3.2,22.8878,88.3974,4,0
11.4993359905859,8,24.6394650326166,3.5,17:33:35,448sec,3.2,22.8878,88.3974,4,0
11.5750206148492,7.5505696414174,25.0487657448825,3.26299031023101,17:33:36,449sec,3.2,22.8878,88.3974,4,0
11.4651817157553,7.87000261925801,25.2242654308438,3.42938733599734,17:33:37,450sec,3.2,22.8878,88.3974,4,0
11.5494925178958,8,24.4741265096151,3.42407484436123,17:33:38,451sec,3.2,22.8878,88.3974,4,0
11.4404795572273,7.85178285801537,24.5068427402354,3.5,17:33:39,452sec,3.2,22.8878,88.3974,4,0
11.4883654890154,7.96576545749449,24.7090154287128,3.439304611455,17:33:40,453sec,3.2,22.8878,88.3974,4,0
11.5318901895104,7.63842630748254,24.9873651302826,3.3336531870611,17:33:41,453sec,3.2,22.8878,88.3974,4,0
11.5958231292747,8,24.6892213990075,3.38334668417467,17:33:42,455sec,3.2,22.8878,88.3974,4,0
11.5835112779871,8,25.1653945747018,3.49228295613861,17:33:43,455sec,3.2,22.8878,88.3974,4,0
11.5945626504649,7.48114377884802,24.6450766791918,3.19304460871888,17:33:44,457sec,3.2,22.8878,88.3974,4,0
11.5503440650375,7.32758207910881,25.1547746253541,3.1774204201122,17:33:45,458sec,3.2,22.8878,88.3974,4,0
11.5852870390938,7.25753125603725,25.5394060323774,3.32130494095417,17:33:46,459sec,3.2,22.8878,88.3974,4,0
11.5803240917424,7.87985233683473,24.828446325749,3.38245589066712,17:33:47,460sec,3.2,22.8878,88.3974,4,0
11.5130757348186,8,24.8242533887171,3.5,17:33:48,461sec,3.2,22.8878,88.3974,4,0
11.4768425982384,7.52984458906355,24.5007976868263,3.32582358312788,17:33:49,462sec,3.2,22.8878,88.3974,4,0
11.5400960577744,8,25.3117488691869,3.42633540146704,17:33:50,463sec,3.2,22.8878,88.3974,4,0
11.4261400983286,8,24.8228724346736,3.45762370088074,17:33:51,464sec,3.2,22.8878,88.3974,4,0
11.4892960507148,8,24.8920504893175,3.47642676548701,17:33:52,465sec,3.2,22.8878,88.3974,4,0
11.5313830532403,7.98270885067153,25.0303331978916,3.36565622236858,17:33:53,466sec,3.2,22.8878,88.3974,4,0
11.4737044359068,7.75441719847379,24.8936227978809,3.33566648494683,17:33:54,467sec,3.2,22.8878,88.3974,4,0
11.4511808382744,8,25.2796658044639,3.38039592348339,17:33:55,468sec,3.2,22.8878,88.3974,4,0
11.5133605845229,7.55558755640874,25.1725046466462,3.35107945813044,17:33:56,469sec,3.2,22.8878,88.3974,4,0
11.4890814935005,8,24.6700194758414,3.5,17:33:57,470sec,3.2,22.8878,88.3974,4,0
11.5750810086417,8,24.7022747794278,3.5,17:33:58,471sec,3.2,22.8878,88.3974,4,0
11.5790633657956,7.91424116419198,24.8772982279377,3.5,17:33:59,472sec,3.2,22.8878,88.3974,4,0
11.5564136243344,8,24.665174436238,3.43163113108849,17:34:00,473sec,3.2,22.8878,88.3974,4,0
11.5615069437969,8,24.6224341792732,3.5,17:34:01,474sec,3.2,22.8878,88.3974,4,0
11.4526242530144,7.86843867112151,24.5707795060209,3.5,17:34:02,475sec,3.2,22.8878,88.3974,4,0
11.5210482742243,7.84884159703393,24.3446632078099,3.31245615619696,17:34:03,476sec,3.26648324162081,22.8878,88.3974,4,0
11.5174802385384,8,24.5710321573684,3.5,17:34:04,477sec,3.34017008504252,22.8878,88.3974,4,0
11.4551292159909,7.95914384777255,24.4502325159692,3.5,17:34:05,478sec,3.41385692846424,22.8878,88.3974,4,0
11.4879728922782,8,24.4180554814627,3.5,17:34:06,479sec,3.48754377188594,22.8878,88.3974,4,0
11.4010858621265,8,25.1714927870532,3.5,17:34:07,480sec,3.5,22.8878,88.3974,4,0
11.5069689636781,7.91212499722777,24.75038101958,3.5,17:34:08,481sec,3.5,22.8878,88.3974,4,0
11.4599645235628,7.95266943148981,24.8379570099373,3.5,17:34:09,482sec,3.5,22.8878,88.3974,4,0
11.5567003868703,8,25.0625252782832,3.5,17:34:10,483sec,3.5,22.8878,88.3974,4,0
11.4884717568954,8,24.5260320786147,3.48309366888017,17:34:11,484sec,3.5,22.8878,88.3974,4,0
11.4576657712868,8,24.5547000341248,3.47137359847956,17:34:12,485sec,3.5,22.8878,88.3974,4,0
11.5078272504247,8,24.970010455425,3.5,17:34:13,486sec,3.5,22.8878,88.3974,4,0
11.5023258245558,7.93920982053691,24.1876380372632,3.33752139687606,17:34:14,487sec,3.5,22.8878,88.3974,4,0
11.523605073549,7.86134991839318,24.6506462045563,3.39459351928041,17:34:15,488sec,3.5,22.8878,88.3974,4,0
11.5048399296029,8,24.7020018181942,3.48284094334302,17:34:16,489sec,3.5,22.8878,88.3974,4,0
11.4756708572151,8,24.0467191711169,3.5,17:34:17,490sec,3.5,22.8878,88.3974,4,0
11.4638669323981,8,24.8765751459506,3.49601138567308,17:34:18,491sec,3.5,22.8878,88.3974,4,0
11.3810642788048,7.93069031600173,24.7302531942168,3.37451429697177,17:34:19,492sec,3.5,22.8878,88.3974,4,0
11.6545276665946,7.95628581673063,24.6777420308231,3.5,17:34:20,493sec,3.5,22.8878,88.3974,4,0
11.5365783858234,7.81754850862695,24.7565132531197,3.5,17:34:21,494sec,3.5,22.8878,88.3974,4,0
11.4168483370416,7.94950701362145,24.543264213838,3.4038439777193,17:34:22,495sec,3.5,22.8878,88.3974,4,0
11.533895674956,7.7047903312904,24.6981965789847,3.44997831510075,17:34:23,496sec,3.5,22.8878,88.3974,4,0
11.4856656028156,8,25.1060840943424,3.5,17:34:24,497sec,3.5,22.8878,88.3974,4,0
11.5232714624693,8,24.312711584925,3.4137085851397,17:34:25,498sec,3.5,22.8878,88.3974,4,0
11.4268283789419,7.77188670523657,24.5135345582468,3.49119212847211,17:34:26,499sec,3.5,22.8878,88.3974,4,0
11.4197526262041,8,24.2082963693366,3.5,17:34:27,499sec,3.5,22.8878,88.3974,4,0
11.47453941404,7.7999478249502,24.9165396569954,3.26226239707198,17:34:28,501sec,3.5,22.8878,88.3974,4,0
11.4786700193094,8,24.4726258234097,3.38497948342742,17:34:29,501sec,3.5,22.8878,88.3974,4,0
11.5194275753804,8,24.6838506711876,3.37907658889252,17:34:30,503sec,3.5,22.8878,88.3974,4,0
11.450049825844,8,24.864239956284,3.5,17:34:31,504sec,3.5,22.8878,88.3974,4,0
11.5589442053678,7.95718310661962,24.9804653807188,3.36310898982894,17:34:32,505sec,3.5,22.8878,88.3974,4,0
11.364415483409,8,24.8526354733064,3.5,17:34:33,506sec,3.5,22.8878,88.3974,4,0
11.4706550911632,7.94384068327691,24.6910000070878,3.35872880282521,17:34:34,507sec,3.5,22.8878,88.3974,4,0
11.4562106033846,8,24.1386908770947,3.48393558286092,17:34:35,508sec,3.5,22.8878,88.3974,4,0
11.3813810101648,8,24.6328692385262,3.5,17:34:36,509sec,3.5,22.8878,88.3974,4,0
11.5208936242704,7.63930025360561,24.1599300406677,3.2852009399613,17:34:37,510sec,3.5,22.8878,88.3974,4,0
11.5487883422056,7.82512610610513,24.2502459891176,3.31308474410167,17:34:38,511sec,3.5,22.8878,88.3974,4,0
11.6585813801802,8,24.1700536601387,3.43417810622921,17:34:39,512sec,3.5,22.8878,88.3974,4,0
11.4808066967996,7.91534508091768,24.52667628526,3.43307002021999,17:34:40,513sec,3.5,22.8878,88.3974,4,0
11.4818030988116,8,24.6403726711552,3.49534074469902,17:34:41,513sec,3.5,22.8878,88.3974,4,0
11.500348543765,7.97271072921494,24.5114391351599,3.3897017559379,17:34:42,515sec,3.5,22.8878,88.3974,4,0
11.4895796341667,7.78956132968946,24.1899037501783,3.3338367292443,17:34:43,515sec,3.5,22.8878,88.3974,4,0
11.4445859005425,7.3776787123013,24.6138597667741,3.23322871041552,17:34:44,517sec,3.5,22.8878,88.3974,4,0
11.4135908560093,7.96705072389781,24.5147056047092,3.4151204363454,17:34:45,518sec,3.5,22.8878,88.3974,4,0
11.3949418323714,8,24.7672199171993,3.48664109257286,17:34:46,519sec,3.5,22.8878,88.3974,4,0
11.5083584441298,7.41242745173068,24.4169567762926,3.30190722468616,17:34:50,522sec,3.5,22.8878,88.3974,4,0
11.4196103587863,7.93901562167615,24.7344109812477,3.36577514454156,17:34:50,523sec,3.5,22.8878,88.3974,4,0
11.415059936393,7.38331019380941,24.6927040264547,3.23064106640099,17:34:53,526sec,3.5,22.8878,88.3974,4,0
11.3805758087593,7.54946877477185,24.800182836291,3.23746649857401,17:34:53,526sec,3.5,22.8878,88.3974,4,0
11.4759538834383,8,24.1181320685106,3.44093111184228,17:34:54,527sec,3.5,22.8878,88.3974,4,0
11.5143417652847,8,24.4216759918121,3.37853116637,17:34:55,528sec,3.5,22.8878,88.3974,4,0
11.4047345642426,7.76107783714972,24.8552796094528,3.43553983552584,17:34:56,529sec,3.5,22.8878,88.3974,4,0
11.3979353075034,7.5613500792994,24.2924436915808,3.22224461236815,17:34:57,530sec,3.5,22.8878,88.3974,4,0
11.3608863461126,7.62770053021421,24.4941422235908,3.31782813046261,17:34:58,531sec,3.5,22.8878,88.3974,4,0
11.3605954377991,7.24195702602876,24.4555655102919,3.1285206257193,17:34:59,532sec,3.5,22.8878,88.3974,4,0
11.4082505631549,8,24.5028364369277,3.5,17:35:00,533sec,3.5,22.8878,88.3974,4,0
11.4657002139847,7.30711378690913,24.405368087675,3.21003970230753,17:35:04,537sec,3.5,22.8878,88.3974,4,0
11.4290712373527,7.54959142737116,24.7085200288351,3.27672862469822,17:35:04,537sec,3.5,22.8878,88.3974,4,0
11.4884875164897,6.92344192200879,24.5507418394414,2.97672654422858,17:35:05,538sec,3.5,22.8878,88.3974,4,0
11.4312868501378,7.86806690676507,24.2626028411804,3.37070699940695,17:35:06,539sec,3.5,22.8878,88.3974,4,0
11.3083247406099,7.68705318629606,25.0552534777134,3.28550380968433,17:35:07,540sec,3.5,22.8878,88.3974,4,0
11.4873107878668,7.3862069956807,24.7413287720832,3.25981206365459,17:35:08,541sec,3.5,22.8878,88.3974,4,0
11.4640477128182,7.39795257143381,24.2587397252984,3.18272358179921,17:35:12,545sec,3.5,22.8878,88.3974,4,0
11.445889314847,7.59171069133812,24.7490942569173,3.22555805784028,17:35:12,545sec,3.5,22.8878,88.3974,4,0
11.4574300836806,7.12148996393051,24.9169364015019,3.13224072296992,17:35:13,546sec,3.5,22.8878,88.3974,4,0
11.3615106162558,7.60595432974552,24.4455263508911,3.21920361121208,17:35:14,547sec,3.5,22.8878,88.3974,4,0
11.4771632563842,7.66053785173293,24.3236942915087,3.20363994769609,17:35:15,548sec,3.5,22.8878,88.3974,4,0
11.4295699636278,6.89140859473818,24.1226019434347,2.98578280934065,17:35:16,549sec,3.5,22.8878,88.3974,4,0
11.4409296301711,7.08488072674338,23.8578190156416,3.03968328985656,17:35:18,550sec,3.5,22.8878,88.3974,4,0
11.406813577555,6.92343624602257,24.4933652469672,2.92839543726049,17:35:18,551sec,3.5,22.8878,88.3974,4,0
11.3827115553132,7.81697856287903,24.6849848615114,3.40298411753411,17:35:19,552sec,3.5,22.8878,88.3974,4,0
11.4609796312647,6.81190957880231,24.3845460375919,2.9939990359235,17:35:20,553sec,3.5,22.8878,88.3974,4,0
11.4457629535039,6.72218225828257,24.9006004051918,2.98182512519893,17:35:27,559sec,3.5,22.8878,88.3974,4,0
11.4453339854308,6.99406589422858,24.1379356805169,3.06375346361191,17:35:32,565sec,3.5,22.8878,88.3974,4,0
11.3920445491609,7.219005081576,24.5155004216596,3.21649583145542,17:35:33,566sec,3.5,22.8878,88.3974,4,0
11.4015493090322,7.17473736720551,24.6254095069804,3.05530910103354,17:35:37,570sec,3.5,22.8878,88.3974,4,0
11.3911314659258,6.75602169332121,24.6212188001053,2.90250892157232,17:35:38,570sec,3.5,22.8878,88.3974,4,0
11.4324317443715,6.92122747300715,24.163925985689,3.11735861091073,17:35:39,572sec,3.5,22.8878,88.3974,4,0
11.3251642127039,6.73769419510776,24.6015901451249,2.89026753389233,17:35:40,572sec,3.5,22.8878,88.3974,4,0
11.4704520226161,7.3722369681516,24.3051272699815,3.14453451248991,17:35:41,573sec,3.5,22.8878,88.3974,4,0
11.3590430710948,7.18567615686866,24.6509337791624,2.96288642404365,17:35:42,574sec,3.5,22.8878,88.3974,4,0
11.4302263164855,7.02989756962164,24.5686590917285,2.9711189561915,17:35:43,575sec,3.5,22.8878,88.3974,4,0
11.2877439816975,7.19588563512885,24.7248986114632,2.99955042580399,17:35:44,577sec,3.5,22.8878,88.3974,4,0
11.352666618591,6.53764844151561,24.2259845865849,2.82175410949865,17:35:45,577sec,3.5,22.8878,88.3974,4,0
11.3452119030609,6.67844019159001,24.5803503659356,2.77639258803117,17:35:46,578sec,3.5,22.8878,88.3974,4,0
11.3627910821693,6.76330385200734,24.2893451661624,2.89665508609578,17:35:47,580sec,3.5,22.8878,88.3974,4,0
11.418304558686,6.87733026973288,23.908909811656,2.99484862283702,17:35:48,580sec,3.5,22.8878,88.3974,4,0
11.4239355610901,5.82518910837225,24.1957147835741,2.64238397038412,17:35:49,581sec,3.5,22.8878,88.3974,4,0
11.3470668586139,6.13770430092558,24.6848864741049,2.63632743987707,17:35:50,582sec,3.5,22.8878,88.3974,4,0
11.4209955849302,6.26059496043838,23.8009088286317,2.66852303703484,17:35:51,583sec,3.5,22.8878,88.3974,4,0
11.375958338998,6.6042738995221,24.188448441102,2.92551553454676,17:35:52,584sec,3.5,22.8878,88.3974,4,0
11.4140612306033,6.5662539681344,24.120730076647,2.88198294442437,17:35:53,586sec,3.5,22.8878,88.3974,4,0
11.3571973040817,6.56748217827877,23.6186442052147,2.80838264051586,17:35:54,586sec,3.5,22.8878,88.3974,4,0
11.3802949843508,6.66130894177336,24.4761696672487,2.90372239116867,17:35:55,588sec,3.5,22.8878,88.3974,4,0
11.3863514237799,6.3227494076491,24.1101380886257,2.85205906316976,17:35:56,588sec,3.5,22.8878,88.3974,4,0
11.290816271319,6.50140204590815,24.0801655102644,2.69331157356523,17:35:57,589sec,3.5,22.8878,88.3974,4,0
11.2741040584358,6.43450788282094,24.0384781469112,2.78151873648585,17:35:58,590sec,3.5,22.8878,88.3974,4,0
11.3231169105825,6.44756109336043,24.7854915601888,2.73646632931285,17:35:59,591sec,3.5,22.8878,88.3974,4,0
11.3731845863484,7.15243765157933,24.8446548587968,2.97900359732659,17:36:00,592sec,3.5,22.8878,88.3974,4,0
11.4399964797814,6.42189061351026,24.1084802449619,2.7296748674465,17:36:01,594sec,3.5,22.8878,88.3974,4,0
11.3946726891159,6.27305455505102,23.837320503782,2.74501559432168,17:36:02,595sec,3.5,22.8878,88.3974,4,0
11.3345164657838,6.26175977710428,24.3464149956651,2.68615855972356,17:36:03,595sec,3.5,22.8878,88.3974,4,0
11.3004511653567,5.97237884857608,24.294550852687,2.44483512706683,17:36:04,596sec,3.5,22.8878,88.3974,4,0
11.3924272865861,6.11257327982657,24.1714143795254,2.59066304596315,17:36:05,597sec,3.5,22.8878,88.3974,4,0
11.3416668954618,6.30521240613627,24.6955862829077,2.61029360189368,17:36:06,598sec,3.5,22.8878,88.3974,4,0
11.3133799739006,6.01870199862198,24.0276055066606,2.56356707842785,17:36:07,599sec,3.5,22.8878,88.3974,4,0
11.4392479662791,5.91310577365925,23.8851763765393,2.63426465339222,17:36:10,603sec,3.5,22.8878,88.3974,4,0
11.3688367238982,6.18009394180939,24.2143107165007,2.53708514423042,17:36:11,604sec,3.5,22.8878,88.3974,4,0
11.3240536029125,5.93398361787974,24.5644366259674,2.63138478544922,17:36:12,605sec,3.5,22.8878,88.3974,4,0
11.3811794501164,6.05860540310305,23.8648994069321,2.60739957704206,17:36:13,606sec,3.5,22.8878,88.3974,4,0
11.3809145980264,5.93460632229365,24.5060102561938,2.58696882928547,17:36:15,608sec,3.5,22.8878,88.3974,4,0
11.3001324694352,5.16982782357348,24.699353974466,2.3083846927643,17:36:16,609sec,3.5,22.8878,88.3974,4,0
11.3286888530069,5.86606039053515,24.8956864278109,2.49540317609638,17:36:17,610sec,3.5,22.8878,88.3974,4,0
11.2714057457704,5.62150117203692,24.2668770517625,2.31530733246638,17:36:18,611sec,3.5,22.8878,88.3974,4,0
11.318250555427,5.74667113800187,24.3390204968418,2.31197698587788,17:36:19,612sec,3.5,22.8878,88.3974,4,0
11.3594015460866,5.86081001769998,24.1109746244899,2.46730769549467,17:36:20,613sec,3.5,22.8878,88.3974,4,0
11.3713755311571,5.60692507946694,24.0988325182908,2.45770063811559,17:36:21,614sec,3.5,22.8878,88.3974,4,0
11.2999641970287,6.09163200498655,24.5594148202575,2.58320227127807,17:36:22,615sec,3.5,22.8878,88.3974,4,0
11.3757885398094,5.26812689971819,24.2257770137994,2.28754085743126,17:36:23,616sec,3.5,22.8878,88.3974,4,0
11.3783008024783,5.74067446660449,24.5319492099397,2.4981815740572,17:36:24,617sec,3.5,22.8878,88.3974,4,0
11.3525746423382,5.53736036247086,24.5378333319127,2.3949851836424,17:36:25,618sec,3.5,22.8878,88.3974,4,0
11.3327595642205,5.66108179542787,24.2958616005629,2.30489442425791,17:36:26,619sec,3.5,22.8878,88.3974,4,0
11.3136324328028,5.43869105427168,24.8384342335543,2.22019397521013,17:36:27,620sec,3.5,22.8878,88.3974,4,0
11.3057877217271,5.49034255875645,24.4011781500964,2.22930917031042,17:36:28,621sec,3.5,22.8878,88.3974,4,0
11.1938869174756,5.25399174764793,24.3542348851748,2.23766085694276,17:36:29,622sec,3.5,22.8878,88.3974,4,0
11.3324206601931,5.90321578575559,24.267375179833,2.45412555151471,17:36:30,623sec,3.5,22.8878,88.3974,4,0
11.2924591267936,5.24826816607299,24.5045153730463,2.22788014105844,17:36:31,624sec,3.5,22.8878,88.3974,4,0
11.3176597076873,4.91135198889402,24.4262915117583,2.10249931504093,17:36:32,625sec,3.5,22.8878,88.3974,4,0
11.351662198284,4.99966341595534,24.4588122425798,2.05179939029098,17:36:33,626sec,3.5,22.8878,88.3974,4,0
11.3859944665091,4.88322191684924,23.5524892197241,2.11073589615603,17:36:34,627sec,3.5,22.8878,88.3974,4,0
11.2645112883071,4.98334763642498,24.7683122339507,2.08231492602577,17:36:35,628sec,3.5,22.8878,88.3974,4,0
11.2008232679302,4.98389028559164,24.3327938585673,2.08488115395876,17:36:36,629sec,3.5,22.8878,88.3974,4,0
11.2930844479755,5.01602336128202,24.040796975136,2.02715533708434,17:36:37,630sec,3.5,22.8878,88.3974,4,0
11.3746377328685,5.26711511035688,24.5090404079537,2.23255447826611,17:36:38,631sec,3.5,22.8878,88.3974,4,0
11.4317793032454,4.84201011955953,24.27796606085,2.08617123223008,17:36:39,632sec,3.5,22.8878,88.3974,4,0
11.2177834174134,5.55782546073335,24.1273947704385,2.2892654169246,17:36:40,633sec,3.5,22.8878,88.3974,4,0
11.2014446179477,4.89213992270241,24.3423406231962,2.03081327788602,17:36:41,634sec,3.5,22.8878,88.3974,4,0
11.4008457630367,4.97596612294215,23.9844594012131,1.93329656754748,17:36:42,635sec,3.5,22.8878,88.3974,4,0
11.2763286500141,4.40699027203175,23.3727680378494,1.88742264095421,17:36:43,636sec,3.5,22.8878,88.3974,4,0
11.346919988929,4.89479160107774,24.3686014340164,1.91601697023435,17:36:44,637sec,3.5,22.8878,88.3974,4,0
11.2624654631736,4.31641737944452,24.4201035378797,1.74544931538107,17:36:45,638sec,3.5,22.8878,88.3974,4,0
11.2238483830874,4.18738395963583,24.0234197417831,1.80926259600879,17:36:46,639sec,3.5,22.8878,88.3974,4,0
11.3116951421494,4.62348811796011,24.4722745070317,1.93494257556454,17:36:47,640sec,3.5,22.8878,88.3974,4,0
11.3509731455749,4.7058600641449,24.4453126892748,1.88992745729306,17:36:48,641sec,3.5,22.8878,88.3974,4,0
11.3194502610417,4.7042665847563,23.4779202384724,1.90596892334593,17:36:49,642sec,3.5,22.8878,88.3974,4,0
11.280370022738,4.2476162477665,24.4766112532972,1.76701012395864,17:36:50,643sec,3.5,22.8878,88.3974,4,0
11.3361324057976,4.75235093624186,24.2746178574815,1.85610992470794,17:36:51,644sec,3.5,22.8878,88.3974,4,0
11.2907200563722,4.72059289273189,23.9368813125204,1.90200841874738,17:36:52,645sec,3.5,22.8878,88.3974,4,0
11.2794154641638,3.74533772017991,24.1045835527409,1.61835209570127,17:36:53,646sec,3.5,22.8878,88.3974,4,0
11.2469745402083,4.70783712098259,24.1734246658988,1.93577061783409,17:36:54,647sec,3.5,22.8878,88.3974,4,0
11.3069552551818,4.81099123219634,23.9174850030892,1.99714100559658,17:36:55,648sec,3.5,22.8878,88.3974,4,0
11.2885489475918,4.18022596707545,24.1811455987511,1.7877081707118,17:36:56,649sec,3.5,22.8878,88.3974,4,0
11.2519172771144,3.90208428763418,23.9631941439989,1.62176143408655,17:36:57,650sec,3.5,22.8878,88.3974,4,0
11.3213038950025,4.12830848092045,24.2263646322877,1.78930493718628,17:37:01,654sec,3.5,22.8878,88.3974,4,0
11.2648382545161,3.88468514913629,24.254055662049,1.64351941417989,17:37:01,654sec,3.5,22.8878,88.3974,4,0
11.2585208889974,4.08746933616982,24.5636870490056,1.65981572780228,17:37:02,655sec,3.5,22.8878,88.3974,4,0
11.3146674881578,4.19333668309517,23.35813750708,1.63584590232428,17:37:03,656sec,3.5,22.8878,88.3974,4,0
11.3622441485823,3.81902828587816,24.3899508843927,1.48831794355611,17:37:04,657sec,3.5,22.8878,88.3974,4,0
11.2926024520095,3.68659663192152,24.2826417600071,1.56670597270739,17:37:05,658sec,3.5,22.8878,88.3974,4,0
11.4029609617731,3.9452392872918,24.9335516534072,1.59485350803638,17:37:06,659sec,3.5,22.8878,88.3974,4,0
11.2215253671558,4.07161735818885,24.6002143694937,1.60140207724475,17:37:07,660sec,3.5,22.8878,88.3974,4,0
11.3324357169313,3.74089307671758,24.4104671613934,1.51703739770681,17:37:08,661sec,3.5,22.8878,88.3974,4,0
11.366496838948,3.96277334370843,23.9221184378814,1.64514929067902,17:37:09,662sec,3.5,22.8878,88.3974,4,0
11.2440460091683,3.99033886615142,24.5550661587596,1.58912605609301,17:37:10,663sec,3.5,22.8878,88.3974,4,0
11.3449033992587,3.48858916329094,24.157060009214,1.37692344783017,17:37:11,664sec,3.5,22.8878,88.3974,4,0
11.328948882026,3.78982455316896,24.142246083214,1.351701489577,17:37:12,665sec,3.5,22.8878,88.3974,4,0
11.1819781072677,3.19815439347946,24.1608590492585,1.20102343683205,17:37:13,666sec,3.5,22.8878,88.3974,4,0
11.3221213138107,3.97139936641404,24.4849065832013,1.46786055137771,17:37:14,667sec,3.5,22.8878,88.3974,4,0
11.331394180637,3.47000534013386,24.0574151301468,1.31928486617307,17:37:15,668sec,3.5,22.8878,88.3974,4,0
11.344719121547,3.61010270443241,24.2652173449713,1.44982942531145,17:37:16,669sec,3.5,22.8878,88.3974,4,0
11.2450105510417,3.23397643549369,24.4722019054579,1.40079008465947,17:37:17,670sec,3.5,22.8878,88.3974,4,0
11.268098419945,3.46425876686639,24.6175746152464,1.40270142497701,17:37:18,671sec,3.5,22.8878,88.3974,4,0
11.3016156917823,3.47463374231285,23.9750574609502,1.51082441317069,17:37:19,672sec,3.11178589294645,22.8878,88.3974,4,0
11.3310773814954,3.40582592453345,24.1652042982268,1.51208419281985,17:37:20,673sec,2.68440220110059,22.8878,88.3974,4,0
11.253712362553,2.82711540582865,24.1406329077744,1.10810507347815,17:37:21,674sec,2.25701850925463,22.8878,88.3974,4,0
11.1840193054499,3.73638402723949,24.3409031172061,1.56944314853759,17:37:22,675sec,1.82963481740867,22.8878,88.3974,4,0
11.2862027930611,3.53066567020481,23.8096164803529,1.49135564200667,17:37:23,676sec,1.76,22.8878,88.3974,4,0
11.2460903590584,2.40889314426002,24.4951569861941,1.0852299453147,17:37:24,677sec,1.76,22.8878,88.3974,4,0
11.2493648963315,2.76623826366692,24.5035157469091,1.08296015934764,17:37:25,678sec,1.76,22.8878,88.3974,4,0
11.2228882205888,3.3014334066579,23.7835204410067,1.27938193497089,17:37:29,682sec,1.76,22.8878,88.3974,4,0
11.2123637778117,3.14919622664932,24.5141716853721,1.30237160400139,17:37:29,682sec,1.76,22.8878,88.3974,4,0
11.2550171928356,2.75480436055015,24.332238066676,1.06307372356669,17:37:30,683sec,1.76,22.8878,88.3974,4,0
11.2410510460533,3.49097367943027,23.819346535323,1.38173205247242,17:37:31,684sec,1.76,22.8878,88.3974,4,0
11.2644902949614,2.70834813332235,24.644670508215,0.971659742359396,17:37:32,685sec,1.76,22.8878,88.3974,4,0
11.2965475682537,2.60638362073249,24.1062036428292,1.05750732206531,17:37:33,686sec,2.05681840920458,22.8878,88.3974,4,0
11.2776946813646,2.53679954492718,24.506376343234,1.04599744749539,17:37:34,687sec,2.48420210105054,22.8878,88.3974,4,0
11.3016169922831,3.0558290020051,24.1279170967278,1.29762407884704,17:37:35,688sec,2.9115857928965,22.8878,88.3974,4,0
11.2152314988735,2.45635346589081,23.8762861502174,0.918728215661955,17:37:36,689sec,3.33896948474236,22.8878,88.3974,4,0
11.2443306943666,3.05521164329793,24.4664066069771,1.09206100135743,17:37:37,690sec,3.5,22.8878,88.3974,4,0
11.2920285577725,2.6136208052691,24.3956916470215,1.02873886003673,17:37:38,691sec,3.5,22.8878,88.3974,4,0
11.2553155476868,2.68233947857753,24.5692488569452,0.981615457385953,17:37:39,692sec,3.5,22.8878,88.3974,4,0
11.2767790091954,2.57194948707636,24.6292670412954,0.947516853335391,17:37:40,693sec,3.5,22.8878,88.3974,4,0
11.2850109975054,2.8746200944203,24.340951007782,1.09967950684237,17:37:41,694sec,3.5,22.8878,88.3974,4,0
11.2275937472092,2.67890057333484,24.3692656036342,1.03477438810779,17:37:42,695sec,3.5,22.8878,88.3974,4,0
11.2925857128772,2.38640850505506,24.3280627794615,0.982335106199791,17:37:43,696sec,3.5,22.8878,88.3974,4,0
11.2802038497501,3.10449892771833,24.3151447611184,1.29277256652523,17:37:44,697sec,3.5,22.8878,88.3974,4,0
11.2555064370927,2.24072048665559,24.4755959217024,0.759378257071722,17:37:45,698sec,3.5,22.8878,88.3974,4,0
11.2231074968863,2.17133997231525,24.3827609604446,0.88797951077764,17:37:46,699sec,3.5,22.8878,88.3974,4,0
11.2833678765021,2.45700134827446,24.5782121277543,0.957293780797863,17:37:47,700sec,3.5,22.8878,88.3974,4,0
11.2756880857189,1.85087760464947,24.7074560833825,0.843689269258686,17:37:48,701sec,3.5,22.8878,88.3974,4,0
11.1786828934213,2.01268583080355,24.4185888582111,0.678195099432452,17:37:49,702sec,3.5,22.8878,88.3974,4,0
11.1643357536315,2.25820670872584,24.4370702087366,0.876812459954901,17:37:50,703sec,3.5,22.8878,88.3974,4,0
11.294663821677,1.90382307496525,24.0808250681546,0.696573927818242,17:37:51,704sec,3.5,22.8878,88.3974,4,0
11.2410910172938,2.23569460455406,24.1580353360723,0.72891944852318,17:37:52,705sec,3.5,22.8878,88.3974,4,0
11.2216579392644,1.93889589716382,24.6366349645885,0.657490557555211,17:37:53,706sec,3.5,22.8878,88.3974,4,0
11.17289228556,2.16873741071575,24.2339383252673,0.816696102289968,17:37:54,707sec,3.5,22.8878,88.3974,4,0
11.2914192918062,2.5744865403575,24.1925997005996,0.890270947821101,17:37:55,708sec,3.5,22.8878,88.3974,4,0
11.2140753880929,1.86600687705489,24.1937029348821,0.69798264962274,17:37:56,709sec,3.5,22.8878,88.3974,4,0
11.1513461917274,1.63881628339672,24.7126393439013,0.581241165363169,17:37:57,710sec,3.5,22.8878,88.3974,4,0
11.1802052413192,2.1017087439385,24.7353356635934,0.770566759755162,17:37:58,711sec,3.5,22.8878,88.3974,4,0
11.2394906899037,2.01138794529022,23.9500667550553,0.719758216969884,17:37:59,712sec,3.5,22.8878,88.3974,4,0
11.208434505324,1.9327015604088,24.8739893281349,0.695644860038093,17:38:00,713sec,3.5,22.8878,88.3974,4,0
11.203907913453,1.98879477589518,24.5200818922464,0.619336868184175,17:38:01,714sec,3.5,22.8878,88.3974,4,0
11.1489971526868,1.97213136745012,24.4378973706122,0.589415423790893,17:38:02,715sec,3.5,22.8878,88.3974,4,0
11.1621489975162,1.28725065595703,24.0220087310176,0.465954454223518,17:26:10,3sec,3.5,22.8878,88.3974,4,0
11.1190116909929,1.86600768041039,24.0933588759903,0.661161247621914,17:26:11,4sec,3.5,22.8878,88.3974,4,0
11.2176404072526,1.83276605530272,24.5243236162745,0.623406214913434,17:26:17,10sec,3.5,22.8878,88.3974,4,0
11.0828598832962,1.45340010113676,25.0640493532987,0.479278001282306,17:26:18,11sec,3.5,22.8878,88.3974,4,0
11.1803852841634,2.02900364820741,24.2466813241851,0.629087313064922,17:26:19,12sec,3.5,22.8878,88.3974,4,0
11.2529740789116,1.32544366611942,24.5124384969508,0.606875843275223,17:26:23,15sec,3.5,22.8878,88.3974,4,0
11.228678978978,1.58615109307111,24.3103667457127,0.539737284685079,17:26:23,16sec,3.5,22.8878,88.3974,4,0
11.1602720295342,1.26810563173395,24.2297153022321,0.474700480914021,17:26:23,16sec,3.5,22.8878,88.3974,4,0
11.2096710261817,1.69899728628543,24.2836556758845,0.554638166371358,17:26:24,17sec,3.5,22.8878,88.3974,4,0
11.2350005165215,1.84371137753074,24.4964710593754,0.721417927488716,17:26:25,18sec,3.5,22.8878,88.3974,4,0
11.1171097969654,1.64294247878808,24.7888486642262,0.622114681971064,17:26:26,19sec,3.5,22.8878,88.3974,4,0
11.2342301931926,1.38174620285652,23.9833603341296,0.46872524362612,17:26:27,20sec,3.5,22.8878,88.3974,4,0
11.2508310923072,1.76369024433692,24.2741120181048,0.626766851494394,17:26:28,21sec,3.5,22.8878,88.3974,4,0
11.2612593780643,1.55279699760219,24.2270902149062,0.514087502698832,17:26:29,22sec,3.5,22.8878,88.3974,4,0
11.2128932236339,1.15521634303577,24.5873570488713,0.406691616928678,17:26:30,23sec,3.5,22.8878,88.3974,4,0
11.1564033793779,1.33962371071387,24.5898986741049,0.386935914021807,17:26:31,24sec,3.5,22.8878,88.3974,4,0
11.2318003117931,1.31818312642023,24.7440407541557,0.430398151116719,17:26:32,25sec,3.5,22.8878,88.3974,4,0
11.1431022096507,1.28790696523554,24.7487822124488,0.438813610980573,17:26:33,26sec,3.5,22.8878,88.3974,4,0
11.1181013226739,0.825271057908373,24.5026444360049,0.271932492368026,17:26:34,27sec,3.5,22.8878,88.3974,4,0
11.0871165233254,0.320245278707856,24.0368800939376,0.0853450002663833,17:26:35,28sec,3.5,22.8878,88.3974,4,0
11.1850439784025,0.731596777963994,25.1526185627724,0.229217691639075,17:26:36,29sec,3.5,22.8878,88.3974,4,0
11.237376058295,1.41585982791953,24.0119809764055,0.406879092758783,17:26:37,30sec,3.5,22.8878,88.3974,4,0
11.2226303863738,1.04211797593679,24.3567649127881,0.195610593456249,17:26:38,31sec,3.5,22.8878,88.3974,4,0
11.1430875937849,1.39099466176224,24.3608742916484,0.436672734345188,17:26:39,32sec,3.5,22.8878,88.3974,4,0
11.1379803859443,0.948699512399306,24.5226059873293,0.13058510547252,17:26:40,33sec,3.5,22.8878,88.3974,4,0
11.2057114859414,0.471319413632088,24.5634463121845,0,17:26:41,34sec,3.5,22.8878,88.3974,4,0
11.1862190464333,1.48839887338617,24.7035428938294,0.542747299321916,17:26:42,35sec,3.5,22.8878,88.3974,4,0
11.2009330978715,1.262242627228,24.7825197284623,0.321448603015256,17:26:43,36sec,3.5,22.8878,88.3974,4,0
11.2532496912761,0.849405446281354,24.3839880945485,0.296598214946375,17:26:44,37sec,3.5,22.8878,88.3974,4,0
11.13602634458,0.785132894194349,23.9973335191176,0.207090053246619,17:26:45,38sec,3.5,22.8878,88.3974,4,0
11.1164965055624,0.631444204543045,24.4037808518187,0.19052437237131,17:26:46,39sec,3.5,22.8878,88.3974,4,0
11.1625234526571,0.848466614382032,24.2766430980151,0.192351322632257,17:26:47,40sec,3.5,22.8878,88.3974,4,0
11.1255078062963,0.917508476486715,24.7322514347952,0.235543876660022,17:26:48,41sec,3.5,22.8878,88.3974,4,0
11.2303668400719,0.69249179513894,23.8831241185799,0.0909234649860917,17:26:49,42sec,3.5,22.8878,88.3974,4,0
11.1747494303114,0.869390230979357,24.3093631537855,0.195328964636874,17:26:50,43sec,3.5,22.8878,88.3974,4,0
11.190434829967,0.838457218410426,24.4126074137249,0.155620898161732,17:26:51,44sec,3.5,22.8878,88.3974,4,0
11.1488618949502,0.635908988636978,24.6353480102851,0.217782503688442,17:26:52,45sec,3.5,22.8878,88.3974,4,0
11.1568473663477,0.538533794777157,24.5616367045442,0.0598416467540228,17:26:53,46sec,3.5,22.8878,88.3974,4,0
11.2284977139997,0.367779995104882,24.5026893567912,0,17:26:55,47sec,3.5,22.8878,88.3974,4,0
11.1983547820971,1.28793182478065,24.3087493587346,0.318656204594072,17:26:55,48sec,3.5,22.8878,88.3974,4,0
11.1873515309594,0.83237064007301,24.550803646817,0.280934064763948,17:26:57,49sec,3.5,22.8878,88.3974,4,0
11.2085111919464,0.548768844643033,24.160341990678,0.150345096946682,17:26:57,50sec,3.5,22.8878,88.3974,4,0
11.1542009025817,0.946742657052165,24.7767875021927,0.190538397711032,17:26:58,51sec,3.5,22.8878,88.3974,4,0
11.0934510963104,0.910143620593705,24.987636412637,0.232566897450038,17:26:59,52sec,3.5,22.8878,88.3974,4,0
11.1834742343936,0.811221346852871,24.568122855291,0.152229484245535,17:27:00,53sec,3.5,22.8878,88.3974,4,0
11.1580404285313,0.475352777996505,25.1092804247544,0,17:27:01,54sec,3.5,22.8878,88.3974,4,0
11.2170286335019,0.587471752119179,24.9442954667589,0.170395467610226,17:27:03,55sec,3.5,22.8878,88.3974,4,0
11.0729784074458,0.791233905579814,24.5138389733329,0.15234898519578,17:27:03,56sec,3.5,22.8878,88.3974,4,0
11.0837041215961,1.00889299141984,24.4598523419184,0.221957053109332,17:27:04,57sec,3.5,22.8878,88.3974,4,0
11.1708658499228,0.499031822065263,24.5449467280287,0.0170960476093689,17:27:05,58sec,3.5,22.8878,88.3974,4,0
11.1403400763557,0.801157144922131,24.4215819118512,0.195502733692023,17:27:06,59sec,3.5,22.8878,88.3974,4,0
11.1663481900009,0.427774230807258,24.2888859902825,0.106004797339,17:27:07,60sec,3.5,22.8878,88.3974,4,0
11.1307954157841,0.546916852138281,24.8483925378287,0.069908445174064,17:27:08,61sec,3.5,22.8878,88.3974,4,0
11.1555560705551,0.579322570257178,24.6433661340353,0.0376366359095128,17:27:09,62sec,3.5,22.8878,88.3974,4,0
11.2041580051934,0.446813482681015,24.8631459464093,0.137957729584435,17:27:10,63sec,3.5,22.8878,88.3974,4,0
11.1571720150777,0.713316934663435,24.1864333902696,0.111235321557928,17:27:11,64sec,3.5,22.8878,88.3974,4,0
11.2316229466126,0.483284189189784,24.0022237170137,0,17:27:15,68sec,3.5,22.8878,88.3974,4,0
11.160666632249,1.25785068323317,25.1285570696374,0.375832670415357,17:27:15,68sec,3.5,22.8878,88.3974,4,0
11.207958068666,0.283465157314868,24.3823516574833,0,17:27:16,69sec,3.5,22.8878,88.3974,4,0
11.1175893766486,0.512977051795258,24.9216726327552,0.0932429366090326,17:27:17,70sec,3.5,22.8878,88.3974,4,0
11.1275887296173,0.632661045059626,24.7206164554367,0.0589796014905358,17:27:18,71sec,3.5,22.8878,88.3974,4,0
11.1523773438372,0.377236558643125,24.8472585300412,0,17:27:19,72sec,3.5,22.8878,88.3974,4,0
11.0918096212991,0.955136596687844,24.4245002091119,0.185459556575223,17:27:20,73sec,3.5,22.8878,88.3974,4,0
11.1238024297228,0.498617348605671,24.4989473396848,0.111670231041019,17:27:26,79sec,3.5,22.8878,88.3974,4,0
11.1355332263188,0.214008251795777,24.5932307835307,0,17:27:27,80sec,3.5,22.8878,88.3974,4,0
11.1556954522802,0.910847334177807,24.6486521473712,0.35468620911478,17:27:29,81sec,3.5,22.8878,88.3974,4,0
11.076350708434,0.405637065160767,24.8104045240023,0.111844564765381,17:27:33,85sec,3.5,22.8878,88.3974,4,0
11.1971387547072,0.6636859457874,24.9508079835137,0.115576554734642,17:27:33,86sec,3.5,22.8878,88.3974,4,0
11.0311629934034,0.365104899682365,24.6925126527502,0,17:27:34,87sec,3.5,22.8878,88.3974,4,0
11.1305071310644,0.313441929159153,25.0890150460358,0,17:27:35,88sec,3.5,22.8878,88.3974,4,0
11.1349087780345,0.441099907949548,25.3786142190735,0,17:27:44,97sec,3.5,22.8878,88.3974,4,0
10.9833603094628,0.685044326536328,24.1984265592214,0.0445598890907815,17:27:45,97sec,3.5,22.8878,88.3974,4,0
11.0831301479371,0.570361901241609,24.9544804803886,0.148793211153539,17:27:46,99sec,3.5,22.8878,88.3974,4,0
11.2463254340209,0.426094261954771,24.4317155987917,0,17:27:46,99sec,3.5,22.8878,88.3974,4,0
11.0825507401549,0.450330627247674,24.5625455573108,0.0684830307420943,17:27:57,109sec,3.5,22.8878,88.3974,4,0
11.0281262886096,0.314537094090642,24.5298230053533,0,17:27:57,110sec,3.5,22.8878,88.3974,4,0
11.1159020977238,0.33058780183117,24.5117203039555,0.0843104788488639,17:27:58,111sec,3.5,22.8878,88.3974,4,0
11.1547068117519,0.656359797745142,24.6203042387419,0,17:27:59,112sec,3.5,22.8878,88.3974,4,0
11.1402181314356,0.703132900725666,24.5895593127848,0,17:28:03,116sec,3.5,22.8878,88.3974,4,0
11.102426879383,0.468688720661953,24.975426288675,0,17:28:06,119sec,3.5,22.8878,88.3974,4,0
11.0900624540763,0.322219719507086,24.1318110620612,0.0131122409293602,17:28:06,119sec,3.5,22.8878,88.3974,4,0
11.1779189967627,0.457988617534308,24.5172496963259,0.0698240443840763,17:28:07,120sec,3.5,22.8878,88.3974,4,0
11.0990632871914,0.301777155713351,24.6111018146755,0,17:28:13,126sec,3.5,22.8878,88.3974,4,0
11.0558854635127,0.338337387927779,24.8370862226466,0,17:28:14,127sec,3.5,22.8878,88.3974,4,0
11.2026416191858,0.802633072258892,24.9179826424799,0.112174344682787,17:28:15,128sec,3.20144072036018,22.8878,88.3974,4,0
11.0324127987344,0.713724323272758,24.6902687121529,0.0860461775955331,17:28:16,129sec,2.77405702851422,22.8878,88.3974,4,0
11.1087821850474,0.617280743690279,24.6536097477904,0.210783085571179,17:28:17,130sec,2.34667333666836,22.8878,88.3974,4,0
11.0561776148054,0.11980733924144,25.2620660155021,0,17:28:18,131sec,1.9192896448224,22.8878,88.3974,4,0
11.1107096324882,0.281515615494121,25.4931395654706,0,17:28:19,132sec,1.76,22.8878,88.3974,4,0
11.07707490516,0.671398185524666,24.8005244653043,0,17:28:20,133sec,1.76,22.8878,88.3974,4,0
11.1349667354817,0.516875158145173,24.0077903365267,0.0522291221193851,17:28:21,134sec,1.76,22.8878,88.3974,4,0
11.1793070743626,0.475071311956375,24.7481142269452,0,17:28:25,137sec,1.76,22.8878,88.3974,4,0
11.0358051724923,0.628059095729187,25.0932598976909,0,17:28:25,138sec,1.76,22.8878,88.3974,4,0
11.0258896934516,0.817208557958928,24.9930933759417,0.109346438555917,17:28:29,142sec,1.76,22.8878,88.3974,4,0
11.0569084602165,0.594666911508406,24.7840718997228,0.116458942029733,17:28:29,142sec,1.76,22.8878,88.3974,4,0
11.1435428269253,0.33209367538294,24.7360385574046,0,17:28:32,145sec,1.76,22.8878,88.3974,4,0
11.1502816758413,0.295320847001704,24.6195785786319,0,17:28:32,145sec,1.96716358179095,22.8878,88.3974,4,0
11.1025597035681,0.859904187771108,25.0459483948799,0.238117022661347,17:28:33,146sec,2.39454727363681,22.8878,88.3974,4,0
11.0707614299269,0.589789824987326,25.2152353893392,0,17:28:34,147sec,2.82193096548277,22.8878,88.3974,4,0
11.0413092852347,0.449291817768707,25.199530133404,0.0549270596706184,17:28:45,158sec,3.24931465732873,22.8878,88.3974,4,0
11.0546795286789,0.345733272046843,24.7413143244939,0,17:28:48,160sec,3.32330165082541,22.8878,88.3974,4,0
11.1512836276238,0.199868008663097,24.5134020950761,0.0359265684981807,17:28:53,165sec,2.89591795897945,22.8878,88.3974,4,0
11.0163777180805,0.299737283371263,24.9450694569325,0.0379479038011209,17:28:54,167sec,2.46853426713359,22.8878,88.3974,4,0
11.0807530671319,0.730139284704611,24.8992987302952,0.127453401598613,17:28:55,168sec,2.04115057528763,22.8878,88.3974,4,0
10.9709392624218,0.539430049692608,24.4183644124711,0.097449346521858,17:28:56,169sec,1.61208604302146,22.8878,88.3974,4,0
11.1160182720279,0.659984702187709,24.8398165703187,0.119321538655697,17:28:57,169sec,1.17978989494749,22.8878,88.3974,4,0
10.9463945748675,0.538727748572278,24.6031298019473,0.067271638112119,17:28:57,170sec,0.747493746873415,22.8878,88.3974,4,0
11.0590481148912,0.704921436103281,24.7796581444927,0.201552546386902,17:28:58,171sec,0.315197598799341,22.8878,88.3974,4,0
11.0602257426926,0.698423658501908,25.2430791598555,0.159113292017727,17:28:59,172sec,0,22.8878,88.3974,4,0
11.0091072583311,0.317174745670526,24.4826194414542,0.0789633606010538,17:29:00,173sec,0,22.8878,88.3974,4,0
11.0980697679275,0.851432191919509,24.7666699315668,0.0492029832011374,17:29:01,174sec,0,22.8878,88.3974,4,0
11.1033354096224,0.518949745502948,25.343810142505,0,17:29:05,178sec,0,22.8878,88.3974,4,0
11.1125120703644,0.731979751333035,24.903592111022,0.210846905993017,17:29:06,179sec,0.171585792896536,22.8878,88.3974,4,0
11.0426621504057,1.14023344342601,25.4067730767896,0.293889336930871,17:29:09,182sec,1.03126563281637,22.8878,88.3974,4,0
11.0111801126803,0.867618383347069,24.5732917352975,0.203877329063743,17:29:10,182sec,1.89094547273641,22.8878,88.3974,4,0
11.1264049756217,0.526039733128969,24.7148160251301,0.0991494206063628,17:29:18,191sec,2.75062531265644,22.8878,88.3974,4,0
11.0801405736839,0.744312149352918,25.2602268071519,0.162269631772599,17:29:19,191sec,3.5,22.8878,88.3974,4,0
11.0201436824611,0.881443272137988,25.5615169734758,0.183895919780383,17:29:20,192sec,3.5,22.8878,88.3974,4,0
11.0294279416226,0.368249519186442,24.9801572413363,0,17:29:23,196sec,3.5,22.8878,88.3974,4,0
11.0663709634918,1.22288434720573,24.886735129814,0.343484981195209,17:29:24,196sec,3.5,22.8878,88.3974,4,0
11.0726633442271,0.876434093263153,25.0061266023767,0.235865624536316,17:29:25,197sec,3.5,22.8878,88.3974,4,0
10.9978500806545,1.19647143539903,25.0937528680381,0.319949603225275,17:29:29,201sec,3.5,22.8878,88.3974,4,0
10.9896093253891,0.279738170913341,25.3210247250921,0.0450397186226249,17:29:29,202sec,3.5,22.8878,88.3974,4,0
11.0690829895044,0.972795682630976,25.0454048265013,0.150923891194098,17:29:30,202sec,3.5,22.8878,88.3974,4,0
11.1351166190845,0.643777740240494,24.9283760753321,0.135104915831305,17:29:31,203sec,3.5,22.8878,88.3974,4,0
11.1041292533249,0.967276715249374,24.8816833789573,0.24625384150556,17:29:32,205sec,3.5,22.8878,88.3974,4,0
11.0631177001379,0.643987010186743,25.1732922916859,0.0699255183557744,17:29:33,206sec,3.5,22.8878,88.3974,4,0
11.0979996967544,0.721700418733734,25.2764813373508,0.128819528880799,17:29:34,206sec,3.5,22.8878,88.3974,4,0
11.0567172817448,0.948004968219303,24.9543945599496,0.281741173663366,17:29:35,207sec,3.5,22.8878,88.3974,4,0
11.0520741877451,0.772425714789889,24.6195047450938,0.168883840238,17:29:46,219sec,3.5,22.8878,88.3974,4,0
10.9999975677542,1.17867811408587,25.3239093128863,0.320110601938275,17:29:47,220sec,3.5,22.8878,88.3974,4,0
11.0300235196073,1.20394272347359,25.4881194249423,0.352081512411066,17:29:48,221sec,3.5,22.8878,88.3974,4,0
11.0003989648667,1.67884105783896,25.2400050777781,0.468971958244,17:29:49,222sec,3.5,22.8878,88.3974,4,0
11.0013783388789,0.951043372424608,24.9561193435004,0.157864438467795,17:29:52,225sec,3.5,22.8878,88.3974,4,0
11.0101235778932,1.45184347024321,24.810054251037,0.46302880671782,17:29:53,225sec,3.5,22.8878,88.3974,4,0
11.1091100796572,0.750666387537615,25.0211040246708,0.197640188526756,17:29:54,226sec,3.5,22.8878,88.3974,4,0
10.9720934282092,1.25055536655903,25.6663363703903,0.43502248652327,17:29:55,227sec,3.5,22.8878,88.3974,4,0
11.016335165319,1.09788180365751,25.387274969724,0.266558808043196,17:29:56,229sec,3.5,22.8878,88.3974,4,0
10.9639833104684,1.04173546174568,25.3871014966295,0.230955319620314,17:30:04,237sec,3.5,22.8878,88.3974,4,0
11.0729893767283,1.55099801393368,25.4351443315862,0.493220458907216,17:30:05,238sec,3.5,22.8878,88.3974,4,0
11.0348509540748,1.5462647683955,25.3771237405987,0.565755440406405,17:30:06,238sec,3.5,22.8878,88.3974,4,0
10.9789386033676,1.8378634239905,25.503850885302,0.5803554111564,17:30:15,247sec,3.5,22.8878,88.3974,4,0
11.0155895433501,1.15976841329428,25.2657989292509,0.332050317366509,17:30:18,250sec,3.5,22.8878,88.3974,4,0
11.0338179585536,1.35069634872105,24.9706503101975,0.422288113902563,17:30:18,251sec,3.5,22.8878,88.3974,4,0
10.9523546471925,1.78434501266106,25.5727676927444,0.540953798382513,17:30:19,252sec,3.5,22.8878,88.3974,4,0
11.0666743836828,1.08259998429188,25.5833070773349,0.361036022336756,17:30:20,253sec,3.5,22.8878,88.3974,4,0
11.0844197816113,1.86122186023227,25.608226353323,0.556918179186445,17:30:21,254sec,3.5,22.8878,88.3974,4,0
11.060404738606,1.57970629426398,25.0190845107442,0.51769481809211,17:30:22,255sec,3.5,22.8878,88.3974,4,0
10.9694566257287,1.45822623292695,25.773415665148,0.453793719325868,17:30:23,256sec,3.5,22.8878,88.3974,4,0
11.0499055300995,1.56338185473126,25.0579358460395,0.578530420479122,17:30:24,257sec,3.5,22.8878,88.3974,4,0
10.9984271690171,1.41495438350987,25.2076381859156,0.353548575934938,17:30:25,258sec,3.5,22.8878,88.3974,4,0
10.9494467025756,1.08099946071789,25.1346164957374,0.341583594157702,17:30:26,259sec,3.5,22.8878,88.3974,4,0
11.081614285046,1.63289787609985,25.2814065860898,0.612748065544645,17:30:27,260sec,3.5,22.8878,88.3974,4,0
10.9402792114068,1.37071971868829,25.0933011678073,0.430978366935001,17:30:28,261sec,3.5,22.8878,88.3974,4,0
11.0351892953364,1.79096267244364,25.1482468691907,0.597690942290482,17:30:29,262sec,3.5,22.8878,88.3974,4,0
11.0306559601726,1.5346321756156,25.2779665238801,0.497127055806659,17:30:30,263sec,3.5,22.8878,88.3974,4,0
10.9825655267068,1.42095032457774,25.5781396069545,0.502238248878219,17:30:31,264sec,3.5,22.8878,88.3974,4,0
11.0315749458208,2.17175031799496,25.7674769298421,0.831393076198514,17:30:32,265sec,3.5,22.8878,88.3974,4,0
11.0330531359587,1.03276951129685,25.4601055428127,0.394054111053374,17:30:33,266sec,3.5,22.8878,88.3974,4,0
10.9929426079812,1.74955816990005,25.6130658775922,0.600811893769813,17:30:34,267sec,3.5,22.8878,88.3974,4,0
11.0107215129139,2.317749850223,24.9994350391768,0.902931576191305,17:30:35,268sec,3.5,22.8878,88.3974,4,0
10.9848426176091,2.45175645437648,25.9169872058874,0.902483893217919,17:30:41,274sec,3.5,22.8878,88.3974,4,0
11.0356419248991,1.96210112830593,25.1490552506149,0.720145104970829,17:30:45,277sec,3.5,22.8878,88.3974,4,0
11.0164315381129,2.32340357056192,25.2680569106728,0.806136983817086,17:30:45,278sec,3.5,22.8878,88.3974,4,0
10.965946425959,1.81457775607301,25.3528248895085,0.640630357064632,17:30:46,278sec,3.5,22.8878,88.3974,4,0
10.9799235275584,1.8851321187099,25.1736391173661,0.672947489001047,17:30:47,280sec,3.5,22.8878,88.3974,4,0
11.0109467837913,1.5515029681264,25.5994812151092,0.531402079020096,17:30:48,281sec,3.5,22.8878,88.3974,4,0
11.0212038383163,2.37257877879524,25.9167409950339,0.942894630063744,17:30:54,287sec,3.5,22.8878,88.3974,4,0
11.0437389612789,1.88663487322801,25.9730819669676,0.674832644677775,17:30:55,288sec,3.5,22.8878,88.3974,4,0
11.066997661709,2.555967401958,25.2649220095166,0.897336441923156,17:31:01,294sec,3.5,22.8878,88.3974,4,0
10.9938193727926,2.23818453803234,25.293299003541,0.659059860249233,17:31:02,294sec,3.5,22.8878,88.3974,4,0
10.9670889455553,2.31387599798703,25.7304955192038,0.941170421997834,17:31:03,295sec,3.5,22.8878,88.3974,4,0
10.9197780105344,2.31232032158171,25.4753080333472,0.868353211693587,17:31:04,297sec,3.5,22.8878,88.3974,4,0
10.974318863839,2.11426349705662,25.6809583489227,0.848991287478254,17:31:05,297sec,3.5,22.8878,88.3974,4,0
10.9345919369566,2.04943799199767,25.8049233106563,0.906315721691021,17:31:06,299sec,3.5,22.8878,88.3974,4,0
10.9926211843633,2.93126124475963,25.3118574825092,1.08070886037274,17:31:07,299sec,3.5,22.8878,88.3974,4,0
10.9039626781175,2.60563510800216,25.436496786935,1.08866217060383,17:31:08,300sec,3.5,22.8878,88.3974,4,0
11.0326310892068,2.54686302666623,25.3640429053954,1.07322864137082,17:31:11,304sec,3.5,22.8878,88.3974,4,0
10.9407764137851,2.7758133559973,25.7740238736925,1.07654598865052,17:31:12,305sec,3.5,22.8878,88.3974,4,0
10.986287734464,2.69160078708942,25.5649484764491,0.918831081418245,17:31:13,306sec,3.5,22.8878,88.3974,4,0
10.9445187214374,2.86478809648008,25.5577627478874,1.04917588124915,17:31:14,307sec,3.5,22.8878,88.3974,4,0
10.9473013599091,3.59945677107596,25.1379876927428,1.38742308022285,17:31:15,307sec,3.5,22.8878,88.3974,4,0
10.91803868732,2.60748351397906,25.6747362842584,0.951291787033987,17:31:16,309sec,3.5,22.8878,88.3974,4,0
10.9664902703524,3.25166333336342,25.4744862188975,1.1822949191939,17:31:19,312sec,3.5,22.8878,88.3974,4,0
11.0350870948977,2.53904974975407,25.7943833017619,0.940167580370802,17:31:20,313sec,3.5,22.8878,88.3974,4,0
11.061467443723,3.19496722390491,25.5774520540501,1.28607811536462,17:31:21,313sec,3.5,22.8878,88.3974,4,0
11.0060581978439,2.80598905258793,25.4916850066324,1.15059949863359,17:31:22,314sec,3.5,22.8878,88.3974,4,0
10.9686349232915,3.02424146343413,24.9898767769118,1.15519574892808,17:31:23,315sec,3.5,22.8878,88.3974,4,0
10.9863421881496,2.78198501323634,25.5892711049059,1.11387936011124,17:31:24,316sec,3.5,22.8878,88.3974,4,0
10.9375855033851,2.48299897971742,25.8507903892858,0.988482392014814,17:31:25,317sec,3.5,22.8878,88.3974,4,0
10.9294539543507,2.27913831866395,25.6153252811873,0.964672323194628,17:31:29,321sec,3.5,22.8878,88.3974,4,0
10.8781675582083,2.64361472910993,25.2794295101232,1.09788439167679,17:31:29,322sec,3.5,22.8878,88.3974,4,0
10.8870629977724,2.84624751245032,25.2497063882488,1.10607881128469,17:31:30,323sec,3.5,22.8878,88.3974,4,0
10.9086205226275,3.41453368421907,25.7104135805337,1.39218568543219,17:31:31,324sec,3.5,22.8878,88.3974,4,0
10.9410720897541,3.58945112215358,25.4448623292816,1.45011564190727,17:31:39,332sec,3.5,22.8878,88.3974,4,0
10.9719296418253,3.53840009584302,25.7250354660629,1.34111757616461,17:31:42,335sec,3.5,22.8878,88.3974,4,0
10.8836191787268,3.56318309035497,25.9788203978258,1.48419895138596,17:31:48,341sec,3.5,22.8878,88.3974,4,0
11.0657341108994,3.29645532091733,25.8710684393592,1.32881741881235,17:31:49,342sec,3.5,22.8878,88.3974,4,0
10.8794265291412,2.99899892781512,25.979586599989,1.25292102447923,17:31:50,343sec,3.5,22.8878,88.3974,4,0
10.9770135322611,3.16621163462013,25.8379107506894,1.32797518512113,17:31:51,344sec,3.5,22.8878,88.3974,4,0
10.9381786765343,3.70995857204343,25.7257627075853,1.43666302363079,17:31:57,350sec,3.5,22.8878,88.3974,4,0
10.9296441335678,3.36282437969825,25.5878353986621,1.38463849876189,17:32:01,353sec,3.5,22.8878,88.3974,4,0
10.945408204206,3.92496785197802,25.5716735494304,1.57221811553076,17:32:01,354sec,3.5,22.8878,88.3974,4,0
10.9363429583627,3.52958405615472,25.2416460576329,1.40177221595816,17:32:02,355sec,3.5,22.8878,88.3974,4,0
10.8516878347576,3.42865046935251,26.1540322746833,1.39382564787158,17:32:03,356sec,3.5,22.8878,88.3974,4,0
10.898873674944,3.15807537827854,25.143960700012,1.23839360679563,17:32:04,357sec,3.5,22.8878,88.3974,4,0
10.9524688531797,3.45475615973286,25.7222973131127,1.45105909522068,17:32:05,358sec,3.5,22.8878,88.3974,4,0
10.8914192139918,3.80483116271778,26.1103094783867,1.54754257345982,17:32:06,359sec,3.5,22.8878,88.3974,4,0
10.9223205548433,4.14870918993881,25.4599052887383,1.73383971145828,17:32:07,360sec,3.5,22.8878,88.3974,4,0
10.9334223177691,3.37448548569178,26.2596382533981,1.35556004133194,17:32:08,361sec,3.5,22.8878,88.3974,4,0
10.9236043622223,3.37564412696531,26.3720136476956,1.47586079045518,17:32:09,362sec,3.5,22.8878,88.3974,4,0
10.9112079998845,3.35636311872325,25.8609555464316,1.3289105354284,17:32:10,363sec,3.5,22.8878,88.3974,4,0
11.0575104385335,3.84680463152064,26.0699089686657,1.62477500995865,17:32:11,364sec,3.5,22.8878,88.3974,4,0
10.8950914773677,4.14928974258458,25.4558393674573,1.74457502537938,17:32:12,365sec,3.5,22.8878,88.3974,4,0
10.9170725920071,4.03390320744716,26.2702556635514,1.56928339637901,17:32:13,366sec,3.5,22.8878,88.3974,4,0
10.8705577600904,3.74794084424919,26.2027815739038,1.4915647412172,17:32:14,367sec,3.5,22.8878,88.3974,4,0
10.9532587659472,4.19441487187776,25.732046864327,1.66871298515491,17:32:25,378sec,3.5,22.8878,88.3974,4,0
10.8490648733096,3.97317939668225,25.4245719349957,1.59270878204979,17:32:29,381sec,3.5,22.8878,88.3974,4,0
10.9643300134093,4.01971387658277,26.4411264407271,1.62797021154121,17:32:29,382sec,3.5,22.8878,88.3974,4,0
10.9016862451817,3.60123486818396,25.8304891071309,1.49219429389482,17:32:35,388sec,3.5,22.8878,88.3974,4,0
10.9695997120448,3.64251016167059,26.1877725448853,1.64225401742708,17:32:36,389sec,3.5,22.8878,88.3974,4,0
10.931768076718,3.86518999801581,25.3555139393649,1.48884852764971,17:32:40,392sec,3.5,22.8878,88.3974,4,0
10.8469287598098,4.1697865361086,26.6621858353987,1.76236981481663,17:32:40,393sec,3.5,22.8878,88.3974,4,0
10.9141093554406,4.53588649875389,25.6919973633631,1.84744468194507,17:32:49,401sec,3.5,22.8878,88.3974,4,0
10.9593957807464,3.87384275148038,25.9473017375149,1.70707763277638,17:32:49,402sec,3.5,22.8878,88.3974,4,0
10.7691790927654,4.12364244765932,25.9214161324055,1.60404767079154,17:32:53,405sec,3.5,22.8878,88.3974,4,0
10.8797588319932,4.57479102852382,25.980183066459,1.94556436230853,17:32:53,405sec,3.5,22.8878,88.3974,4,0
11.0073776858575,4.83339872460817,26.15813560213,2.00072593443074,17:32:54,406sec,3.5,22.8878,88.3974,4,0
10.8620799715813,4.95145591247793,26.4058816045803,1.89691286854553,17:32:55,407sec,3.5,22.8878,88.3974,4,0
10.8959552393251,4.62478054143722,26.0820871545919,1.77927839272166,17:32:58,411sec,3.5,22.8878,88.3974,4,0
10.932248710634,4.77928408701024,26.4398511674695,1.88445662692059,17:32:59,411sec,3.5,22.8878,88.3974,4,0
10.9069477611559,4.84832289630678,25.9640603878476,2.02695176934316,17:33:10,423sec,3.5,22.8878,88.3974,4,0
11.0127967364987,4.5970339220555,26.0062862461655,1.97996967700465,17:33:11,424sec,3.5,22.8878,88.3974,4,0
10.8736892391859,4.54041187982153,26.228040958907,1.89127260485018,17:33:12,425sec,3.5,22.8878,88.3974,4,0
10.9602772703169,4.57659969565734,25.6351767109025,1.94375438628613,17:33:13,426sec,3.5,22.8878,88.3974,4,0
10.9189104868415,4.55169751819648,25.93161759951,1.82322743696465,17:33:14,427sec,3.5,22.8878,88.3974,4,0
10.8112516638913,4.76115132946081,26.2476675435551,2.05599298405109,17:33:20,433sec,3.5,22.8878,88.3974,4,0
10.8330219777944,5.08571923723259,26.2536059066982,2.04330729619861,17:33:21,434sec,3.5,22.8878,88.3974,4,0
10.9090798663485,5.20305812788549,26.757108905513,2.14776222518618,17:33:22,435sec,3.5,22.8878,88.3974,4,0
10.9159181714372,5.10342042968031,26.0196131334408,2.14449338790367,17:33:23,435sec,3.5,22.8878,88.3974,4,0
10.8586988815578,4.51402300557842,26.2264344390998,1.97755776725025,17:33:24,437sec,3.5,22.8878,88.3974,4,0
11.0479142810783,5.08266427425041,26.5197082604289,2.01051165300209,17:33:25,438sec,3.5,22.8878,88.3974,4,0
10.8567744501851,4.99116675631843,26.0896299195435,2.05922921174867,17:33:26,439sec,3.5,22.8878,88.3974,4,0
10.9209521238189,5.00648741661229,26.6471127141989,2.17341776805374,17:33:27,440sec,3.5,22.8878,88.3974,4,0
10.8519306211371,5.60837091395479,26.1412077904339,2.30965556338433,17:33:28,441sec,3.5,22.8878,88.3974,4,0
10.9349195570683,5.76988808585605,26.2826779208105,2.43510719175723,17:33:29,442sec,3.5,22.8878,88.3974,4,0
10.9718790315081,5.09531336305097,26.5102060932267,2.28197616539157,17:33:30,443sec,3.5,22.8878,88.3974,4,0
10.8798349810005,5.60682538504622,25.7386123424133,2.36820595558829,17:33:31,444sec,3.5,22.8878,88.3974,4,0
10.9226010407257,5.56967448857454,26.8154588729053,2.33895379544535,17:33:32,445sec,3.5,22.8878,88.3974,4,0
10.8836069287003,4.93747548157934,26.4174835766835,2.05008212207159,17:33:33,445sec,3.5,22.8878,88.3974,4,0
10.9363820931109,5.94843902623895,26.2312402551102,2.61412719435166,17:33:34,447sec,3.5,22.8878,88.3974,4,0
10.8386810512347,5.08546267360071,26.2524989057093,2.20220463840068,17:33:35,448sec,3.5,22.8878,88.3974,4,0
10.861597297161,5.09023232800114,26.7068174973375,2.26322643383723,17:33:36,449sec,3.5,22.8878,88.3974,4,0
10.8560517488196,5.78093420189444,26.1879116675512,2.37333947401851,17:33:37,450sec,3.5,22.8878,88.3974,4,0
10.9254615993868,5.23684147205276,25.7961644942119,2.20083450531081,17:33:38,451sec,3.5,22.8878,88.3974,4,0
10.7786032088033,6.11382910287089,26.4184698189691,2.53568386246629,17:33:39,452sec,3.5,22.8878,88.3974,4,0
10.8796359179765,5.74761554683384,26.6831675549582,2.49518809436372,17:33:40,453sec,3.5,22.8878,88.3974,4,0
10.7793265412401,5.88208432179411,26.5189786756297,2.45273299954735,17:33:41,453sec,3.5,22.8878,88.3974,4,0
10.9046599465213,6.05215836052642,26.3381738643224,2.42536087658485,17:33:42,455sec,3.5,22.8878,88.3974,4,0
10.7381749534097,5.60285934151179,26.3104559034609,2.45884807820133,17:33:43,455sec,3.5,22.8878,88.3974,4,0
10.8534860544647,5.83745348413233,26.4926339656583,2.43477614794917,17:33:44,457sec,3.5,22.8878,88.3974,4,0
10.9241255207604,5.90237070843475,26.4902895907773,2.42903141932725,17:33:45,458sec,3.5,22.8878,88.3974,4,0
10.8563788087625,6.25252469948968,26.7440252711445,2.63358034215258,17:33:46,459sec,3.5,22.8878,88.3974,4,0
10.9465555195891,6.18015631584596,26.3502077226749,2.61611434298671,17:33:47,460sec,3.5,22.8878,88.3974,4,0
10.8402196354751,6.17066959264846,26.5470876193641,2.64031074431464,17:33:48,461sec,3.5,22.8878,88.3974,4,0
10.7948465988571,5.85363081647004,26.4250584049421,2.51465079838202,17:33:49,462sec,3.5,22.8878,88.3974,4,0
10.8651346146613,6.19496784496777,26.8215665266639,2.65023620195492,17:33:50,463sec,3.5,22.8878,88.3974,4,0
10.9097779474946,6.59158010636293,26.3210247730625,2.9312626223914,17:33:51,464sec,3.5,22.8878,88.3974,4,0
10.8217147279556,6.50823991963571,26.3525729448735,2.76923094074984,17:33:52,465sec,3.5,22.8878,88.3974,4,0
10.8765015280065,6.10831338859726,26.6285310994757,2.74754076683444,17:33:53,466sec,3.5,22.8878,88.3974,4,0
10.8349328627726,5.59272542345763,26.8462324077261,2.37706890133988,17:33:54,467sec,3.5,22.8878,88.3974,4,0
10.7979447045324,6.62958223737323,26.5551005930894,2.76646318183522,17:33:55,468sec,3.5,22.8878,88.3974,4,0
10.8839533707146,5.97168508755269,26.5838943723898,2.69320991335185,17:33:56,469sec,3.5,22.8878,88.3974,4,0
10.8075232761398,6.30663101683379,26.3416869055103,2.72277893660349,17:33:57,470sec,3.5,22.8878,88.3974,4,0
10.8611499652688,6.13557755810246,26.817882590857,2.58738999633269,17:33:58,471sec,3.5,22.8878,88.3974,4,0
10.7666794243675,6.70100742038034,26.505786768259,2.75430624105311,17:33:59,472sec,3.5,22.8878,88.3974,4,0
10.8732848778898,6.85914504421392,26.4762852073656,2.81741383244072,17:34:00,473sec,3.5,22.8878,88.3974,4,0
10.8657547955462,6.63939654346158,26.8500667574165,2.7781554852187,17:34:01,474sec,3.5,22.8878,88.3974,4,0
10.8983147419077,6.98539096904409,25.8325060000109,2.95643522351498,17:34:02,475sec,3.5,22.8878,88.3974,4,0
10.7989217542489,6.09372580823993,26.8681366756027,2.67809909213089,17:34:03,476sec,3.5,22.8878,88.3974,4,0
10.8409189286242,6.46382015789465,26.4058231809118,2.77204252439566,17:34:04,477sec,3.5,22.8878,88.3974,4,0
10.8802333883872,6.49867598177912,26.7121375249691,2.79720598507294,17:34:05,478sec,3.5,22.8878,88.3974,4,0
10.7070733324702,6.53471318485256,26.6963301837433,2.80509546717489,17:34:06,479sec,3.5,22.8878,88.3974,4,0
10.9307838739802,6.64306463199978,25.8319860264502,2.86005229109937,17:34:07,480sec,3.5,22.8878,88.3974,4,0
10.8320398257955,6.80397466256804,27.0242919692288,2.93609298166591,17:34:08,481sec,3.5,22.8878,88.3974,4,0
10.8170551466438,7.10437017348061,26.6089632993184,2.97324924272927,17:34:09,482sec,3.5,22.8878,88.3974,4,0
10.9250267610791,6.97854808219819,26.5924975316141,3.03260722668853,17:34:10,483sec,3.5,22.8878,88.3974,4,0
10.8354857185327,7.20171053123805,26.8826059044948,3.17785673364943,17:34:11,484sec,3.5,22.8878,88.3974,4,0
10.8204044543547,6.7838856312606,27.2921110378941,3.03374986247042,17:34:12,485sec,3.5,22.8878,88.3974,4,0
10.7759243544943,6.66804176492207,26.6526320683022,2.84293766472121,17:34:13,486sec,3.5,22.8878,88.3974,4,0
10.8106890756983,6.87329104786527,26.5006670281816,2.87950176353208,17:34:14,487sec,3.5,22.8878,88.3974,4,0
10.8122158467567,7.15444157211437,26.6529011263501,2.98927916831059,17:34:15,488sec,3.5,22.8878,88.3974,4,0
10.9072564184579,6.89416745818338,27.0677516320682,3.06675219878117,17:34:16,489sec,3.5,22.8878,88.3974,4,0
10.8345811310296,6.69421820315662,26.5209680180334,2.9495923286485,17:34:17,490sec,3.5,22.8878,88.3974,4,0
10.7409109579954,6.53847693424468,26.4944423645726,2.80933441498887,17:34:18,491sec,3.5,22.8878,88.3974,4,0
10.8224234707762,6.80183114725945,26.6943976591474,2.88330780708358,17:34:19,492sec,3.5,22.8878,88.3974,4,0
10.8730750644903,7.04149744570424,26.7031152686744,3.02183660086319,17:34:20,493sec,3.5,22.8878,88.3974,4,0
10.9129866832793,6.64229216821681,26.8473994132155,2.8936069618523,17:34:21,494sec,3.5,22.8878,88.3974,4,0
10.8350499695812,7.7439235688764,26.5145507680263,3.19768562560178,17:34:22,495sec,3.5,22.8878,88.3974,4,0
10.7608729553198,7.02511529413145,27.1800311348526,3.12417266863715,17:34:23,496sec,3.5,22.8878,88.3974,4,0
10.7588430408581,7.24236778029952,26.7255494628963,3.13571626050838,17:34:24,497sec,3.5,22.8878,88.3974,4,0
10.8182184466105,7.12731113781067,27.0502610570858,3.06640159853712,17:34:25,498sec,3.5,22.8878,88.3974,4,0
10.7761828654043,6.60643284058005,26.7871084100561,2.96363849589989,17:34:26,499sec,3.5,22.8878,88.3974,4,0
10.8262535431832,7.51980200370173,27.0123476496423,3.34546642961781,17:34:27,499sec,3.5,22.8878,88.3974,4,0
10.7710388951255,7.53889656339174,27.2372527144218,3.24037952326142,17:34:28,501sec,3.5,22.8878,88.3974,4,0
10.7907206949029,7.47573379901766,27.0210899373477,3.29410128511857,17:34:29,501sec,3.5,22.8878,88.3974,4,0
10.8175583218864,7.26125641844002,26.9344191165744,3.08536217103778,17:34:30,503sec,3.5,22.8878,88.3974,4,0
10.8307671688194,7.70942708155658,27.1186094969089,3.27317385976744,17:34:31,504sec,3.5,22.8878,88.3974,4,0
10.7737862295628,6.89520080505325,26.9111740543063,3.03457630526127,17:34:32,505sec,3.5,22.8878,88.3974,4,0
10.7308818909665,7.02515182570073,27.0401991806747,2.96240124488894,17:34:33,506sec,3.5,22.8878,88.3974,4,0
10.8306291869301,7.13135709803809,27.0937079860677,3.02791393771287,17:34:34,507sec,3.5,22.8878,88.3974,4,0
10.8019167536315,7.33452360109317,26.7283509968707,3.21393078254194,17:34:35,508sec,3.5,22.8878,88.3974,4,0
10.8740260537233,7.74942588102684,27.2274689766508,3.36939096294707,17:34:36,509sec,3.5,22.8878,88.3974,4,0
10.8380373634358,7.5289924353924,27.4892350704172,3.29677057397605,17:34:37,510sec,3.5,22.8878,88.3974,4,0
10.7418242688654,7.76070793817566,27.0576091232397,3.29819152334924,17:34:38,511sec,3.5,22.8878,88.3974,4,0
10.7810551184744,7.90685174257588,27.0787369588653,3.38426321426382,17:34:39,512sec,3.5,22.8878,88.3974,4,0
10.800515556659,7.58245001573097,27.2220913814993,3.31979542931067,17:34:40,513sec,3.5,22.8878,88.3974,4,0
10.7862788080507,7.60812627357776,27.0811327987177,3.13954735920258,17:34:41,513sec,3.5,22.8878,88.3974,4,0
10.811332488884,7.96511717497477,27.5218985620564,3.32953281941557,17:34:42,515sec,3.5,22.8878,88.3974,4,0
10.7295282513594,7.80278479265947,27.0449128977352,3.31959225894315,17:34:43,515sec,3.5,22.8878,88.3974,4,0
10.7574713859489,7.92430516137753,27.8271826715006,3.39241178005071,17:34:44,517sec,3.5,22.8878,88.3974,4,0
10.8352911482633,7.18047335998689,27.4534715316124,3.21109624330895,17:34:45,518sec,3.5,22.8878,88.3974,4,0
10.8514604455308,7.52387656557562,27.0781103478166,3.26534546393777,17:34:46,519sec,3.5,22.8878,88.3974,4,0
10.8927225511012,7.48757703748199,27.1153440108897,3.21086686689886,17:34:50,522sec,3.5,22.8878,88.3974,4,0
10.7805278133094,7.62911410224942,27.8432485196289,3.30759714776926,17:34:50,523sec,3.5,22.8878,88.3974,4,0
10.7226538986567,8,27.1694150692582,3.5,17:34:53,526sec,3.5,22.8878,88.3974,4,0
10.8672202221747,8,27.4177221623571,3.44910746476475,17:34:53,526sec,3.5,22.8878,88.3974,4,0
10.7202092942235,7.91672149643171,27.1938607434249,3.41253072665746,17:34:54,527sec,3.5,22.8878,88.3974,4,0
10.7675792015586,7.51759290592087,27.3403054882301,3.21300597509391,17:34:55,528sec,3.5,22.8878,88.3974,4,0
10.6655158375358,7.57691885671027,27.3329260178599,3.30101035586502,17:34:56,529sec,3.5,22.8878,88.3974,4,0
10.7905471304735,7.57394674202325,27.6696310483137,3.22732667352833,17:34:57,530sec,3.5,22.8878,88.3974,4,0
10.6975350240647,7.66577110180064,27.3782094305485,3.4115554110312,17:34:58,531sec,3.5,22.8878,88.3974,4,0
10.8033455994836,7.91490042761423,27.4328404348561,3.33823392832454,17:34:59,532sec,3.5,22.8878,88.3974,4,0
10.7657984716675,7.49683733417357,27.3713155810307,3.28639939854082,17:35:00,533sec,3.5,22.8878,88.3974,4,0
10.7569270384843,7.73192201255131,27.4966441064996,3.28650315356516,17:35:04,537sec,3.5,22.8878,88.3974,4,0
10.7411664173677,7.89678365350027,27.527585295359,3.441028027895,17:35:04,537sec,3.5,22.8878,88.3974,4,0
10.7172000636986,7.68755225318139,27.7093110952889,3.48177995158516,17:35:05,538sec,3.5,22.8878,88.3974,4,0
10.7168758886764,7.59936543902471,27.5711911286674,3.3419271978087,17:35:06,539sec,3.5,22.8878,88.3974,4,0
10.7457639123567,7.7999895065499,27.1572799301227,3.32007748926407,17:35:07,540sec,3.5,22.8878,88.3974,4,0
10.837117270738,8,27.6644388483101,3.45891627811601,17:35:08,541sec,3.5,22.8878,88.3974,4,0
10.7831368915782,8,27.729516880668,3.46172114943388,17:35:12,545sec,3.5,22.8878,88.3974,4,0
10.8041609262599,8,27.5965659561957,3.46289368788407,17:35:12,545sec,3.5,22.8878,88.3974,4,0
10.8627110046138,7.79711749170674,27.2727797290037,3.4058300514802,17:35:13,546sec,3.5,22.8878,88.3974,4,0
10.7768226980316,7.78879672681217,27.8745493201355,3.36216266028546,17:35:14,547sec,3.5,22.8878,88.3974,4,0
10.7256894272947,7.98649819879693,27.0690668830298,3.41835622173647,17:35:15,548sec,3.5,22.8878,88.3974,4,0
10.7442873935128,8,27.4379394492257,3.5,17:35:16,549sec,3.5,22.8878,88.3974,4,0
10.6921809827565,8,27.5559149962593,3.4986805592091,17:35:18,550sec,3.5,22.8878,88.3974,4,0
10.7750861869134,8,27.01460728231,3.48485240545004,17:35:18,551sec,3.5,22.8878,88.3974,4,0
10.7543359135183,7.92070255860899,26.9582941261617,3.43039583089321,17:35:19,552sec,3.5,22.8878,88.3974,4,0
10.7396131820757,8,27.5487022148896,3.5,17:35:20,553sec,3.5,22.8878,88.3974,4,0
10.8025331001124,7.46700993463652,27.5790661493578,3.33905282377428,17:35:27,559sec,3.5,22.8878,88.3974,4,0
10.657702591865,7.94671465988099,27.5018155640543,3.4013409972639,17:35:32,565sec,3.5,22.8878,88.3974,4,0
10.6478124878108,8,27.5219937104974,3.48396282231628,17:35:33,566sec,3.5,22.8878,88.3974,4,0
10.7192623745063,7.85897530773416,27.6265017407174,3.5,17:35:37,570sec,3.5,22.8878,88.3974,4,0
10.7574593779927,8,28.2606432609159,3.5,17:35:38,570sec,3.5,22.8878,88.3974,4,0
10.6631376967963,8,27.5810704656509,3.5,17:35:39,572sec,3.5,22.8878,88.3974,4,0
10.7478863827445,8,27.8521433140032,3.47532041579602,17:35:40,572sec,3.5,22.8878,88.3974,4,0
10.663248957907,8,28.176350090645,3.5,17:35:41,573sec,3.5,22.8878,88.3974,4,0
10.7468052277553,7.51235360536023,28.0712653538269,3.20554286966314,17:35:42,574sec,3.5,22.8878,88.3974,4,0
10.7107008212639,8,28.1463962913403,3.49498991513412,17:35:43,575sec,3.5,22.8878,88.3974,4,0
10.7001906445022,8,28.1136747515739,3.37362826908432,17:35:44,577sec,3.5,22.8878,88.3974,4,0
10.7070314111002,8,28.2571025552276,3.5,17:35:45,577sec,3.5,22.8878,88.3974,4,0
10.7156210835395,7.84373940502934,28.2453163807821,3.42725231518886,17:35:46,578sec,3.5,22.8878,88.3974,4,0
10.7643888555398,8,27.8648404132455,3.5,17:35:47,580sec,3.5,22.8878,88.3974,4,0
10.7153876580642,7.96661891507055,27.9334944555338,3.5,17:35:48,580sec,3.5,22.8878,88.3974,4,0
10.8343076677531,8,28.0185825418187,3.48322083812946,17:35:49,581sec,3.5,22.8878,88.3974,4,0
10.7141412313852,7.53573401462632,28.0654840658205,3.23793561033537,17:35:50,582sec,3.5,22.8878,88.3974,4,0
10.6351725993703,7.9441607482635,27.8606036086696,3.2717529072195,17:35:51,583sec,3.5,22.8878,88.3974,4,0
10.7114415113868,8,27.9327910541952,3.43430434687541,17:35:52,584sec,3.5,22.8878,88.3974,4,0
10.7085116439737,7.68244205921883,28.5248841617624,3.40124070171228,17:35:53,586sec,3.5,22.8878,88.3974,4,0
10.6724824250241,7.60833459268891,27.6075342493732,3.39813067051079,17:35:54,586sec,3.5,22.8878,88.3974,4,0
10.6578073012209,7.70484505161959,27.9438932977084,3.5,17:35:55,588sec,3.5,22.8878,88.3974,4,0
10.7369371673883,7.61793949958449,28.2496033076674,3.25843276104342,17:35:56,588sec,3.5,22.8878,88.3974,4,0
10.7005438654064,7.7920861514697,27.5590179719195,3.38463872916521,17:35:57,589sec,3.5,22.8878,88.3974,4,0
10.7051527960274,8,27.3895376527903,3.5,17:35:58,590sec,3.5,22.8878,88.3974,4,0
10.7183509614344,7.85466581619358,28.1216833385607,3.32033288859789,17:35:59,591sec,3.5,22.8878,88.3974,4,0
10.6580626539374,8,27.7866204845375,3.5,17:36:00,592sec,3.5,22.8878,88.3974,4,0
10.635774117863,8,28.1660744769031,3.47232868280324,17:36:01,594sec,3.5,22.8878,88.3974,4,0
10.7408699942027,8,27.7241240574825,3.5,17:36:02,595sec,3.5,22.8878,88.3974,4,0
10.6939464459334,7.89608152730236,28.517990358253,3.42101298924942,17:36:03,595sec,3.5,22.8878,88.3974,4,0
10.7289773962118,7.50396995198163,27.674624134734,3.27899669546474,17:36:04,596sec,3.5,22.8878,88.3974,4,0
10.7975121345931,7.72745131515755,28.2050592680267,3.3215075282415,17:36:05,597sec,3.5,22.8878,88.3974,4,0
10.7679246903245,8,28.0056235425717,3.46716989614281,17:36:06,598sec,3.5,22.8878,88.3974,4,0
10.6509696532939,7.3497236702689,28.1768658894501,3.30107496275663,17:36:07,599sec,3.5,22.8878,88.3974,4,0
10.6621256314298,8,27.8949563501172,3.42671875297469,17:36:10,603sec,3.5,22.8878,88.3974,4,0
10.7528500772875,7.76942599251675,28.4150622107105,3.35975529718274,17:36:11,604sec,3.5,22.8878,88.3974,4,0
10.7171689378985,7.80484432721775,28.0758936835558,3.36406142469159,17:36:12,605sec,3.5,22.8878,88.3974,4,0
10.6571528493497,7.89718005259069,27.7323203559886,3.41526372906652,17:36:13,606sec,3.5,22.8878,88.3974,4,0
10.7134914949011,7.80371269897233,28.3886849819771,3.34780456526732,17:36:15,608sec,3.5,22.8878,88.3974,4,0
10.7015510988864,7.284706647127,28.4942742519001,3.22758611934801,17:36:16,609sec,3.5,22.8878,88.3974,4,0
10.7987997554084,8,28.3471404371817,3.47028501231069,17:36:17,610sec,3.5,22.8878,88.3974,4,0
10.6772553100776,7.8522331975172,27.8339624781299,3.41465921958393,17:36:18,611sec,3.5,22.8878,88.3974,4,0
10.8029507911663,8,28.9771263947917,3.5,17:36:19,612sec,3.5,22.8878,88.3974,4,0
10.6609562424418,7.21656637343459,27.9448630916037,3.19441913458621,17:36:20,613sec,3.5,22.8878,88.3974,4,0
10.6619211151753,7.8364371420559,28.0998212256642,3.47767647592034,17:36:21,614sec,3.5,22.8878,88.3974,4,0
10.6310152304649,7.78603919963986,27.7177715313824,3.36079297350681,17:36:22,615sec,3.5,22.8878,88.3974,4,0
10.6789815449034,8,28.2129291436887,3.48968199260124,17:36:23,616sec,3.5,22.8878,88.3974,4,0
10.7336629800982,7.91381878992358,28.670048417908,3.38659349560228,17:36:24,617sec,3.5,22.8878,88.3974,4,0
10.7546602471021,8,28.289980922854,3.5,17:36:25,618sec,3.5,22.8878,88.3974,4,0
10.6575462797427,7.09971780542293,28.3193671107074,3.0718287190621,17:36:26,619sec,3.5,22.8878,88.3974,4,0
10.6694432615179,7.74252682881468,28.021983836603,3.30108487124837,17:36:27,620sec,3.5,22.8878,88.3974,4,0
10.6720350602739,7.91699004985807,28.3397062797249,3.38726153149894,17:36:28,621sec,3.5,22.8878,88.3974,4,0
10.7317308155976,7.63865707341808,28.5693162991008,3.24709165295365,17:36:29,622sec,3.5,22.8878,88.3974,4,0
10.7204584687655,8,28.5915951456823,3.36198284378901,17:36:30,623sec,3.5,22.8878,88.3974,4,0
10.6552200230688,7.79167010741008,28.0041973519508,3.27094371020561,17:36:31,624sec,3.5,22.8878,88.3974,4,0
10.728994944053,7.70748949460402,27.9765619746634,3.37151353346701,17:36:32,625sec,3.5,22.8878,88.3974,4,0
10.655313657751,7.64206882355006,28.1896947292545,3.22098195245868,17:36:33,626sec,3.5,22.8878,88.3974,4,0
10.7235822776019,7.50529132093067,28.2808817636801,3.15267099891423,17:36:34,627sec,3.5,22.8878,88.3974,4,0
10.6369685767916,7.77163557239966,28.5907941967109,3.35371374231771,17:36:35,628sec,3.5,22.8878,88.3974,4,0
10.6397815455882,7.46841616894924,28.3593130116384,3.18417300835261,17:36:36,629sec,3.5,22.8878,88.3974,4,0
10.6101666535113,7.3556276767454,28.2691691837322,3.200022817625,17:36:37,630sec,3.5,22.8878,88.3974,4,0
10.6634317444607,7.60608265885481,28.5335993998342,3.38118090014868,17:36:38,631sec,3.5,22.8878,88.3974,4,0
10.7255280724719,7.31798142191098,28.9836791396793,3.20354238044497,17:36:39,632sec,3.5,22.8878,88.3974,4,0
10.6639286486253,7.46681575159326,28.3997506851062,3.28056347219423,17:36:40,633sec,3.5,22.8878,88.3974,4,0
10.6269676934985,7.55011672016911,28.3002088267945,3.2830283627107,17:36:41,634sec,3.5,22.8878,88.3974,4,0
10.6105129573097,7.57648325855674,28.3435509304318,3.1712865199145,17:36:42,635sec,3.5,22.8878,88.3974,4,0
10.6456570760469,7.37309367010139,28.8459194538266,3.10605150531205,17:36:43,636sec,3.5,22.8878,88.3974,4,0
10.7354928005585,7.53365861823463,28.3685050072457,3.27703731843696,17:36:44,637sec,3.5,22.8878,88.3974,4,0
10.6064728481334,7.82454099587255,28.6321928732641,3.36366555042943,17:36:45,638sec,3.5,22.8878,88.3974,4,0
10.6776022294543,6.98352254602933,28.7280428139898,3.00136521483474,17:36:46,639sec,3.5,22.8878,88.3974,4,0
10.6769485829363,7.54922350064125,28.3122733217254,3.2264176438149,17:36:47,640sec,3.5,22.8878,88.3974,4,0
10.6739235583726,6.90440051479417,28.0230341861744,3.02628689003701,17:36:48,641sec,3.5,22.8878,88.3974,4,0
10.6120723970467,7.25619932278544,28.6218092398539,3.0325145479995,17:36:49,642sec,3.5,22.8878,88.3974,4,0
10.648420827684,7.56508927367289,28.41066690473,3.18006804322742,17:36:50,643sec,3.5,22.8878,88.3974,4,0
10.6736913648992,7.32629818742665,28.1563402988093,3.21448718705405,17:36:51,644sec,3.5,22.8878,88.3974,4,0
10.6190162939352,7.60115663445404,28.3110210983046,3.24490603586706,17:36:52,645sec,3.5,22.8878,88.3974,4,0
10.6451672895239,6.53641339725807,28.3505512594939,2.85538720853518,17:36:53,646sec,3.5,22.8878,88.3974,4,0
10.6425721659695,7.20915535515786,28.3669261907718,3.10286958491011,17:36:54,647sec,3.5,22.8878,88.3974,4,0
10.6673272623364,7.23741419872532,28.4204580412565,3.0705610921303,17:36:55,648sec,3.5,22.8878,88.3974,4,0
10.6738693990674,6.9487030420169,28.83277636899,2.97576651205955,17:36:56,649sec,3.5,22.8878,88.3974,4,0
10.6234191119985,7.10141954412834,28.7108775487081,3.08652103941797,17:36:57,650sec,3.5,22.8878,88.3974,4,0
10.6538773979991,7.06508415990533,29.0180898942501,2.97494914630099,17:37:01,654sec,3.5,22.8878,88.3974,4,0
10.6000521282927,7.06643010772909,29.0179150552021,3.11117071549078,17:37:01,654sec,3.5,22.8878,88.3974,4,0
10.6679682807582,6.67956497950279,29.0265703516087,2.83562926215648,17:37:02,655sec,3.5,22.8878,88.3974,4,0
10.581859707891,7.06427518165651,28.3898373064692,3.11281340460719,17:37:03,656sec,3.5,22.8878,88.3974,4,0
10.6543234738406,7.06825757448645,28.822315289342,3.04595592935424,17:37:04,657sec,3.5,22.8878,88.3974,4,0
10.6222967788945,7.53971489899468,28.5791757214135,3.22857026785418,17:37:05,658sec,3.5,22.8878,88.3974,4,0
10.5074330652751,6.07546627227731,28.3117101736357,2.7453547988544,17:37:06,659sec,3.5,22.8878,88.3974,4,0
10.6956777849124,6.59235550696435,29.206398964496,2.91698787218189,17:37:07,660sec,3.5,22.8878,88.3974,4,0
10.5589950266391,6.47941860363982,28.4754631683711,2.78504421309065,17:37:08,661sec,3.5,22.8878,88.3974,4,0
10.5236980082072,6.94447213860771,28.9393411204594,3.02152976418956,17:37:09,662sec,3.5,22.8878,88.3974,4,0
10.5,7.01636751347999,28.9903024702659,2.80051133973558,17:37:10,663sec,3.5,22.8878,88.3974,4,0
10.5958700243214,6.5056946498792,29.3893530783265,2.71514378195947,17:37:11,664sec,3.5,22.8878,88.3974,4,0
10.6572951355453,6.69180864313856,28.4231266637376,2.80267582884952,17:37:12,665sec,3.5,22.8878,88.3974,4,0
10.6026986389674,6.45359308438623,28.7433029134539,2.69696066819231,17:37:13,666sec,3.5,22.8878,88.3974,4,0
10.6009726326799,6.4473432246635,29.194675890106,2.75526996643888,17:37:14,667sec,3.5,22.8878,88.3974,4,0
10.5823084382479,6.06065553288228,28.8230615778929,2.6605304933734,17:37:15,668sec,3.5,22.8878,88.3974,4,0
10.6246194959214,6.329812592331,28.6562361521485,2.73463919948487,17:37:16,669sec,3.5,22.8878,88.3974,4,0
10.5781184240603,6.98173289234081,28.5137858853011,2.97430436649296,17:37:17,670sec,3.5,22.8878,88.3974,4,0
10.5254938269269,6.47635832509711,28.9433022214096,2.69286944626772,17:37:18,671sec,3.5,22.8878,88.3974,4,0
10.5592456421363,6.76847826032504,28.5171640390803,2.76895125156943,17:37:19,672sec,3.5,22.8878,88.3974,4,0
10.506693473736,6.41894454238364,29.3398247250861,2.72092584799235,17:37:20,673sec,3.5,22.8878,88.3974,4,0
10.6142143964764,6.34845017290098,29.2280607453269,2.71980755238454,17:37:21,674sec,3.5,22.8878,88.3974,4,0
10.6908466574818,6.81903345091785,29.005073508809,2.86506249417757,17:37:22,675sec,3.5,22.8878,88.3974,4,0
10.5621573020733,6.27793919022414,28.7197423038086,2.77963650451752,17:37:23,676sec,3.5,22.8878,88.3974,4,0
10.5661370521067,6.73230324020177,28.2769026416936,2.87785706470254,17:37:24,677sec,3.5,22.8878,88.3974,4,0
10.6457319298592,6.0785959638407,29.0649967567339,2.58693826884219,17:37:25,678sec,3.5,22.8878,88.3974,4,0
10.6258237972614,6.08228960906676,29.279902008679,2.6533396802556,17:37:29,682sec,3.5,22.8878,88.3974,4,0
10.531308665328,6.34038909815886,28.4630593362149,2.66730409395286,17:37:29,682sec,3.5,22.8878,88.3974,4,0
10.567859713294,6.09846617640843,29.1292371966654,2.59761907834473,17:37:30,683sec,3.5,22.8878,88.3974,4,0
10.5356112552365,6.45165700098727,28.8175848238414,2.68110870178425,17:37:31,684sec,3.5,22.8878,88.3974,4,0
10.6968105318226,6.57301496626752,29.4162070783174,2.8178386101798,17:37:32,685sec,3.5,22.8878,88.3974,4,0
10.6384199563746,5.96248839184721,29.084566213647,2.39967256096588,17:37:33,686sec,3.5,22.8878,88.3974,4,0
10.5685729924996,5.13290144745976,29.2119723073242,2.2754823578206,17:37:34,687sec,3.5,22.8878,88.3974,4,0
10.5857299543336,5.47067855100422,29.1121408820191,2.34882737074628,17:37:35,688sec,3.5,22.8878,88.3974,4,0
10.6902281160468,5.41530445995365,29.0844516743479,2.35004363856451,17:37:36,689sec,3.5,22.8878,88.3974,4,0
10.6225578908092,5.63345790157818,29.6229464858269,2.36181004310907,17:37:37,690sec,3.5,22.8878,88.3974,4,0
10.5688131142175,5.95749396232045,29.0779406515497,2.52118510503498,17:37:38,691sec,3.5,22.8878,88.3974,4,0
10.6519915883825,5.61513965403599,29.224527402583,2.4236534612674,17:37:39,692sec,3.5,22.8878,88.3974,4,0
10.5987950245286,5.59244362778323,29.4649693102216,2.33129988108066,17:37:40,693sec,3.5,22.8878,88.3974,4,0
10.5,5.4217409785622,28.9748384909196,2.36317227582633,17:37:41,694sec,3.5,22.8878,88.3974,4,0
10.5438329482932,5.59997940434283,28.9669685622369,2.43924949197594,17:37:42,695sec,3.5,22.8878,88.3974,4,0
10.5391620927793,6.12186692562686,28.9476231008219,2.42892794411153,17:37:43,696sec,3.5,22.8878,88.3974,4,0
10.5548963812518,5.33118616623427,28.8261031806711,2.25603357812204,17:37:44,697sec,3.5,22.8878,88.3974,4,0
10.5431697646925,5.62307063165302,29.1691929624068,2.35043321204794,17:37:45,698sec,3.5,22.8878,88.3974,4,0
10.6463930275157,5.95650132349292,29.5305732630478,2.42489041297202,17:37:46,699sec,3.5,22.8878,88.3974,4,0
10.5160583342449,5.4392076406435,29.0139553851267,2.30708237470862,17:37:47,700sec,3.5,22.8878,88.3974,4,0
10.576086574677,5.39889873439192,29.4697703372476,2.18980715884228,17:37:48,701sec,3.5,22.8878,88.3974,4,0
10.511906825098,5.32452055052117,29.2964131631326,2.3161508040198,17:37:49,702sec,3.5,22.8878,88.3974,4,0
10.5243910825308,5.22390493839568,29.274755208101,2.06363212453211,17:37:50,703sec,3.5,22.8878,88.3974,4,0
10.5611764457561,4.98894297938115,29.1737746507025,2.13600622540027,17:37:51,704sec,3.5,22.8878,88.3974,4,0
10.5434182789239,5.11297354584952,29.2877817349584,2.1715651810497,17:37:52,705sec,3.5,22.8878,88.3974,4,0
10.511708428923,5.44412782998441,29.3249705179606,2.13464065083601,17:37:53,706sec,3.5,22.8878,88.3974,4,0
10.5979876772988,4.97379451551165,29.6451959057891,2.12533615205704,17:37:54,707sec,3.5,22.8878,88.3974,4,0
10.5,5.34128375789313,29.4879825670467,2.17960804623371,17:37:55,708sec,3.5,22.8878,88.3974,4,0
10.5,5.12080348013155,29.1495679445617,2.09509757543915,17:37:56,709sec,3.5,22.8878,88.3974,4,0
10.5487181001364,4.78807609453096,29.9447073202215,1.95993543093886,17:37:57,710sec,3.5,22.8878,88.3974,4,0
10.5304865919212,4.87779982029606,29.8962602370145,2.1124206799373,17:37:58,711sec,3.5,22.8878,88.3974,4,0
10.5599969256873,4.56363791050657,29.6973887900999,2.01878695450627,17:37:59,712sec,3.5,22.8878,88.3974,4,0
10.5,4.87242487973979,29.707451790184,2.01023354826185,17:38:00,713sec,3.5,22.8878,88.3974,4,0
10.5842317530138,4.84044332584192,29.398111227668,1.938862576041,17:38:01,714sec,3.5,22.8878,88.3974,4,0
10.5370846250158,5.11428433887407,29.3182936646286,2.15941096601509,17:38:02,715sec,3.5,22.8878,88.3974,4,0
10.5847118405817,4.69368807132234,28.9005591173323,1.90652478488981,17:26:10,3sec,3.5,22.8878,88.3974,4,0
10.5184379631079,5.11022415066583,29.6667237980461,2.11149526380177,17:26:11,4sec,3.5,22.8878,88.3974,4,0
10.5882462675543,4.9408872110239,29.6282168293022,2.09911753482923,17:26:17,10sec,3.5,22.8878,88.3974,4,0
10.5507446622711,4.66903860323521,29.6786332793733,1.90405747407819,17:26:18,11sec,3.5,22.8878,88.3974,4,0
10.5167327305761,4.81387176965129,29.7533671180508,1.99432067087722,17:26:19,12sec,3.5,22.8878,88.3974,4,0
10.5452852076846,4.73583399856991,29.9443121751829,2.00158168180967,17:26:23,15sec,3.5,22.8878,88.3974,4,0
10.572223939528,4.56815230692642,28.9549894318096,1.83190724884706,17:26:23,16sec,3.5,22.8878,88.3974,4,0
10.5020394568614,4.4238851494795,29.4480403823077,1.82367926991749,17:26:23,16sec,3.5,22.8878,88.3974,4,0
10.520161947735,4.41843512747729,29.4491657033561,1.83925744533566,17:26:24,17sec,3.5,22.8878,88.3974,4,0
10.5,4.36908167966833,29.285207882804,1.84805809545553,17:26:25,18sec,3.5,22.8878,88.3974,4,0
10.563241203767,4.31399640380792,29.6742231152317,1.65768941592567,17:26:26,19sec,3.5,22.8878,88.3974,4,0
10.5471086277835,3.56469884104776,29.7287119833445,1.45350392436228,17:26:27,20sec,3.5,22.8878,88.3974,4,0
10.5,4.76844035277599,29.9981142162029,1.90598384359344,17:26:28,21sec,3.5,22.8878,88.3974,4,0
10.5,4.28401363622768,29.4315322665524,1.76184958546609,17:26:29,22sec,3.5,22.8878,88.3974,4,0
10.5,4.57688050809235,29.585544024231,1.85356813456573,17:26:30,23sec,3.5,22.8878,88.3974,4,0
10.5,3.91440399291486,30.2325786601261,1.54851275213599,17:26:31,24sec,3.5,22.8878,88.3974,4,0
10.5505660793684,4.35511747670897,29.5653335695631,1.86177519393239,17:26:32,25sec,3.5,22.8878,88.3974,4,0
10.6144484950857,3.57089008662104,29.413989744537,1.43416615016321,17:26:33,26sec,3.5,22.8878,88.3974,4,0
10.5518968772735,3.64677867970999,29.3090129582778,1.51943269012252,17:26:34,27sec,3.5,22.8878,88.3974,4,0
10.5,4.00050698690401,29.2994073848653,1.51502105796717,17:26:35,28sec,3.31615807903941,22.8878,88.3974,4,0
10.5598583602337,3.65269722120162,29.9159707709353,1.47762887187789,17:26:36,29sec,2.45647823911958,22.8878,88.3974,4,0
10.5,3.69994115711907,29.8908751510564,1.42064713560827,17:26:37,30sec,1.59679839919954,22.8878,88.3974,4,0
10.5488101866326,3.71224096277103,29.4838113407498,1.72429460440647,17:26:38,31sec,0.737118559279509,22.8878,88.3974,4,0
10.55040697147,3.77697637198051,30.3266406935556,1.52514825632921,17:26:39,32sec,0,22.8878,88.3974,4,0
10.5432868320791,3.60595656931244,29.4886051883477,1.44452945151044,17:26:40,33sec,0,22.8878,88.3974,4,0
10.5238695251916,3.27485219250023,29.5210529564751,1.15861080369184,17:26:41,34sec,0,22.8878,88.3974,4,0
10.561636114006,3.60643811729544,29.5673698601251,1.48926517980034,17:26:42,35sec,0,22.8878,88.3974,4,0
10.5693334508891,3.37888252938918,29.9813708763279,1.43402091226564,17:26:43,36sec,0,22.8878,88.3974,4,0
10.5416398170057,3.21658698293505,29.5789865705316,1.27858485538774,17:26:44,37sec,0,22.8878,88.3974,4,0
10.5967952683519,3.41834076522,29.7388667724879,1.2991242472337,17:26:45,38sec,0,22.8878,88.3974,4,0
10.6074829767327,3.75881888631545,29.8532184385797,1.50289957788642,17:26:46,39sec,0,22.8878,88.3974,4,0
10.5,3.68718877487653,29.6705886083938,1.54021667012246,17:26:47,40sec,0,22.8878,88.3974,4,0
